Month,Node,Strain,Score,NumNT,NumAA,DiversityScore,Infections,NumRecombsDetectedByMonth,UShERClusterSize,LnScore,DonorStrain,DonorID,DonorFitness,AcceptorStrain,AcceptorID,AcceptorFitness,RecombFitnessNormalizedByMaxParents,ParentsHD
2023-01,node_1286772,XBB.1.5_17124,10.142575031300002,89,66,119.41,10270797,28,64,2.316741913783698,XBB.1.5_17124,node_1286756,10.121715763200001,XBB.1.9.1,node_1083298,10.040773960000001,1.0020608431009137,15
2023-02,node_1226671,XBB.1.5_17124,10.3265800325,93,66,112.148,4587649,28,8,2.334721156921316,XBB.1.5.72,node_1282429,10.331518467700002,XBB.1,node_1080881,10.641863435400001,0.9703732899022914,14
2023-01,node_1114565,XBB.1.9,9.873689905400001,94,69,119.41,10270797,28,130,2.2898736341784387,XBL,node_1305187,9.853001592,XBB.1.9,node_1114564,9.632733094500002,1.002099696544939,15
2023-02,node_1084026,FL.13,10.0409574833,97,70,112.148,4587649,28,66,2.3066724765790028,FL.13,node_1083899,10.0409574833,XBB.1.9.1,node_1088305,9.244208923300002,1.0,7
2023-02,node_1082449,XBB.1.43.1,10.0199458675,95,66,112.148,4587649,28,10,2.304577693197016,XBB.1.22,node_1041574,10.0199146919,XBB.1.43.1,node_1082435,9.8524127254,1.0000031113638148,8
2023-02,node_1286773,XBB.1.5_17124,10.0186463397,95,68,112.148,4587649,28,5,2.3044479906921307,XBB.1.9.1,node_1091804,10.0391419219,XBB.1.5_17124,node_1286758,9.9994191097,0.9979584328661307,19
2022-10,node_2065986,XBT,8.9707366661,81,60,110.021,12795215,64,465,2.1939677982392785,BA.5.2,node_2066163,9.0068479098,BA.5.2.34,node_1974912,8.8339661509,0.9959906901879949,33
2022-11,node_1295707,XBB.1.5_17124,9.8520244762,95,66,116.172,12388536,46,6,2.287676964644162,XBB.1.5_17124,node_1301527,9.9943220382,XBB.1.5_17124,node_1295703,9.8520244762,0.9857621596086144,8
2022-12,node_1378081,XCA,9.772617504900001,91,71,121.724,17219669,37,85,2.279584342649523,BA.2.75,node_1377983,9.773914345800002,BA.2.75.2,node_1440256,8.7263670755,0.9998673161177684,22
2023-02,node_1294292,XBB.1.5_17124,9.7300848963,93,64,112.148,4587649,28,15,2.275222621370538,XBB.1.5.16,node_1251361,9.8523815498,XBB.1.9,node_1082770,9.4954318225,0.9875870973041555,12
2022-09,node_1377982,BA.2.75,9.773914345800002,82,65,102.288,14721332,75,382,2.2797170353350396,BM.2,node_1407753,9.6669518917,BA.2.75,node_1377968,8.838642797999999,1.0110647549815406,16
2022-07,node_2065984,BA.5.2,8.9701694329,77,59,96.9249,29650733,62,484,2.1939045647328927,BA.2.75,node_1376487,8.3507803083,BA.5.2,node_2065720,9.174878190000001,0.9776881226256366,47
2023-02,node_1309803,XBB.1,9.8523559831,97,67,112.148,4587649,28,6,2.2877106126850855,XBB.1.5.24,node_1306870,9.8523599976,XBB.1,node_1190553,9.444350120200001,0.9999995925341745,7
2022-09,node_2156341,BA.5.1.10,8.6590124929,76,58,102.288,14721332,75,8,2.1586006852293766,BA.5.1.10,node_2156340,8.4217402574,BQ.1.1,node_1663545,9.120081320599999,0.9494446582774916,10
2022-10,node_2156342,BA.5.1.10,8.6590124929,79,60,110.021,12795215,64,6,2.1586006852293766,BE.1.1.1,node_1609460,8.6590124929,BA.5.1.10,node_2156340,8.4217402574,1.0,12
2023-02,node_1294290,XBB.1.5_17124,9.7368484685,93,67,112.148,4587649,28,5,2.2759174994332922,XBB.1.5_17124,node_1201964,9.8591373327,BQ.1.12,node_1628238,8.9975426878,0.9875963930642895,53
2023-02,node_1294973,XBB.1.5.77,9.8486677389,98,67,112.148,4587649,28,5,2.287336191102214,XBB.1,node_1187373,9.4907413056,XBB.1.5.77,node_1294519,9.8523815498,0.9996230544989322,13
2022-10,node_1461036,BA.2,9.123921873199999,84,63,110.021,12795215,64,47,2.210899741605998,BA.2,node_1460834,9.384851280800001,BA.2,node_1461028,8.9203536506,0.9721967456070588,15
2022-10,node_1189839,XBB.1,10.1009369039,84,61,110.021,12795215,64,70,2.312628182307391,BA.5.2,node_1947771,8.8238891706,XBB.1,node_1033628,9.744747387100002,1.0365519497479758,33
2022-06,node_2065978,BA.5.2,8.5913831666,74,56,100.291,17732748,81,492,2.1507597435925345,BA.2.75,node_1376487,8.3507803083,BA.5.2,node_2065977,8.5926854888,0.9998484382790807,27
2022-09,node_1461027,BA.2,9.337925013600001,78,58,102.288,14721332,75,98,2.234084066274481,BA.2,node_1461023,9.1832531897,BA.2,node_1461218,8.7283863482,1.0168428138378545,19
2022-10,node_1190529,XBB.1,9.443398092900003,90,67,110.021,12795215,64,30,2.2453158828528843,XBB.1.5.11,node_1249874,9.850607114999999,XBB.1,node_1189975,9.288913785900002,0.958661530467506,14
2022-10,node_1392554,BN.1.3,9.0925595538,90,66,110.021,12795215,64,68,2.2074564476293475,BN.1.3.6,node_1389201,9.0925595538,BN.1.3.6,node_1388773,8.847744329000001,1.0,10
2022-08,node_2156340,BA.5.1.10,8.4217402574,75,56,95.1368,25713990,83,18,2.130816488300002,BA.5.1.10,node_2156326,8.300638302500001,BA.5.3,node_1749348,8.6590442324,0.9725946688074341,12
2022-12,node_1310133,XBB,9.635018714300001,89,64,121.724,17219669,37,10,2.265404244189301,BQ.1.1,node_1692363,9.0113118159,XBB,node_1310131,9.741549669300001,0.9890642702017188,23
2022-09,node_1713884,BQ.1.1,9.1178427709,77,59,102.288,14721332,75,318,2.2102332378281404,BE.1.1,node_1600322,8.301117808,BQ.1,node_1635015,9.1178427709,1.0,10
2022-12,node_1849093,BA.5.2.1,9.4009511235,78,59,121.724,17219669,37,8,2.240810867508332,BA.2.10.1,node_1332514,8.7219064021,BA.5.2.1,node_1849092,9.313196983200001,1.0094225581675442,22
2022-12,node_1633477,BQ.1.24,9.378532477800002,76,58,121.724,17219669,37,10,2.238423298518074,BQ.1.24,node_1633455,9.376266045800001,BN.1.3.4,node_1392401,9.284120409900002,1.0002417201036031,51
2023-02,node_1647161,BQ.1.1.63,9.0249766366,89,63,112.148,4587649,28,5,2.1999959154732114,BA.2.3.20,node_1363530,8.8384310637,BQ.1.1.63,node_1647155,9.118777607,0.9897134271233905,55
2023-01,node_1277583,XBB.1.5_17124,9.223058656700003,89,63,119.41,10270797,28,6,2.221706724062048,XBB.1.5_17124,node_1277582,9.223166131900003,FT.4,node_1271787,9.8522740746,0.9361350066862058,7
2022-12,node_1380871,BR.2,9.382751975000001,89,64,121.724,17219669,37,18,2.2388731075150816,XBF,node_1431590,9.382839848900002,BR.2,node_1380864,9.2578143101,0.9999906346158076,17
2022-12,node_1626068,BQ.1.2.1,9.090122047300001,78,58,121.724,17219669,37,9,2.207188334644907,BA.5.2.20,node_1949558,8.4542368269,BQ.1.2.1,node_1625717,9.0005985652,1.0099463920595386,24
2022-11,node_1849090,BA.5.2.1,9.604065688600002,75,57,116.172,12388536,46,12,2.262186518048236,BQ.1.5,node_1628571,9.2401394244,XBB,node_1311071,10.0067168006,0.9597619159187303,37
2022-12,node_1880595,BA.5.2.1,8.483165947100002,80,58,121.724,17219669,37,8,2.1380837229471195,BF.5,node_1898059,8.4819670964,BA.5.2.1,node_1880592,8.3923064634,1.0001413411165565,20
2022-09,node_1461214,BA.2,8.8485085575,77,58,102.288,14721332,75,44,2.1802489202417052,BA.2,node_1461175,9.115047058199998,BA.2,node_1461028,8.9203536506,0.9707584065119865,16
2022-11,node_1461043,BA.2,8.999334686800001,83,63,116.172,12388536,46,15,2.19715065091484,BY.1.1,node_1441843,9.2580878886,BA.2,node_1461036,9.123921873199999,0.9720511184476206,17
2023-01,node_1717064,BQ.1.1.66,9.142066052599999,82,64,119.41,10270797,28,7,2.2128864050639367,BQ.1.1.8,node_1643104,9.1383039591,DN.1.1,node_1698653,9.142013634,1.0000057338133697,10
2023-02,node_1461048,BA.2,9.262337825600001,93,70,112.148,4587649,28,6,2.2259564817617736,DV.6,node_1426417,9.5063617178,BQ.1.1.29,node_1672213,9.3945263381,0.9743304642255426,51
2022-12,node_1849143,BA.5.2.1,9.064991082499999,74,56,121.724,17219669,37,19,2.204419860477704,XCB,node_1849159,9.0037940641,BU.1,node_1962888,8.9193395573,1.0067968034324557,22
2022-10,node_1829764,BF.7,8.7715093942,75,54,110.021,12795215,64,22,2.1715089003778076,BF.7,node_1829657,8.7715093942,BA.5.2,node_1992461,8.8330533335,0.9930325407334981,19
2023-01,node_1193590,XBB.1,9.3232655688,94,65,119.41,10270797,28,9,2.232512950246195,XBB.1,node_1193518,9.324310462800002,BN.1.3.1,node_1391112,9.0929036248,0.9998879387377576,32
2022-11,node_1461193,BA.2,8.139346050299999,77,56,116.172,12388536,46,6,2.0967098389862118,BA.2,node_1461219,8.4279796454,XBB.1,node_1189918,9.468236525400002,0.8596475202604994,33
2022-12,node_1634768,BQ.1.30,9.314304653100002,80,59,121.724,17219669,37,19,2.231551353183509,BA.5.2,node_1939630,8.392683206600001,BQ.1.30,node_1634752,9.224774777100002,1.009705372560667,21
2022-12,node_1310135,XBB,9.896111444500002,86,61,121.724,17219669,37,5,2.2921418965971077,BQ.1.1.63,node_1647161,9.0249766366,XBB,node_1310122,10.004220426400002,0.9891936625451883,39
2022-10,node_1363155,BA.2.3.20,8.8384310637,90,67,110.021,12795215,64,42,2.1791093794159497,BA.2.3,node_1362202,8.887942416,BA.2.3.20,node_1362214,8.8384310637,0.9944293797166294,21
2022-09,node_1580420,BA.5.9,8.491428019,75,56,102.288,14721332,75,33,2.139057186296988,BA.5.9,node_1580392,8.491428019,BF.38.1,node_1846532,8.3938625475,1.0,24
2022-12,node_2065720,BA.5.2,9.174878190000001,87,64,121.724,17219669,37,7,2.2164691175582254,BS.1.1,node_1365999,8.9374076519,BA.5.2.27,node_2015960,8.4544001561,1.0265704046798758,41
2022-09,node_1938786,BA.5.2,8.126022946500001,70,53,102.288,14721332,75,7,2.0950716213986142,BA.5.2,node_1938785,8.0980473101,XBB,node_1310108,9.555442046600001,0.8504078520774857,23
2022-08,node_1460958,BA.2,9.1603977773,80,59,95.1368,25713990,83,26,2.2148896032126126,BN.1,node_1381642,9.0929007601,BA.5.2.20,node_1952759,8.4564323933,1.00742304562436,37
2022-12,node_1849763,BA.5.2.1,9.472088607600002,72,53,121.724,17219669,37,6,2.2483494327853952,BQ.1.1,node_1682884,9.213362570800001,BA.5.2.1,node_1849762,8.3926928876,1.0280816080786817,11
2022-12,node_1812205,BA.5.2.1,8.6525322379,76,56,121.724,17219669,37,18,2.157852022368442,BF.13,node_1922208,8.6929416917,BF.14,node_1810477,8.7552846994,0.9882639497140461,15
2022-12,node_1820066,BF.7.18,8.6832336694,85,57,121.724,17219669,37,10,2.1613940018531137,BQ.1.1.57,node_1666739,9.117995726,BF.7.18,node_1820065,8.7715640534,0.9523182429927802,26
2023-01,node_1619873,BQ.1.13,9.1188787807,84,62,119.41,10270797,28,5,2.2103468558156916,BQ.1.1.24,node_1646567,9.1178427709,BQ.1.13,node_1619867,8.9987565714,1.0001136244423194,14
2022-10,node_1999812,BA.5.2,8.824598509,74,54,110.021,12795215,64,6,2.1775431070535656,BA.5.2,node_1947583,8.8330533335,BA.5.2.49,node_1991916,8.5007492047,0.9990428197158127,12
2022-10,node_1663006,BQ.1.1,9.1201092029,75,58,110.021,12795215,64,13,2.2104817780167454,BQ.1.1,node_1678183,9.1178427709,BA.2.75,node_1377968,8.838642797999999,1.0002485710772766,27
2022-07,node_1461211,BA.2,9.1159161182,75,55,96.9249,29650733,62,47,2.210021909739523,BA.2,node_1461210,9.1151849687,BQ.1.1,node_1677274,9.376320211600001,0.9722274743691197,16
2022-12,node_1944018,BA.5.2,8.455341229200002,75,54,121.724,17219669,37,5,2.134798339809382,BA.5.2,node_1983392,8.454757496300001,BA.5.2,node_1944017,8.5165536411,0.9928125372680572,11
2022-12,node_1814830,BA.5.2.1,8.127861459800002,77,59,121.724,17219669,37,6,2.095297845882791,BA.5.2.1,node_1937660,8.411606583800001,BQ.1.1.72,node_1643947,9.117998353299999,0.8914085246416341,25
2022-09,node_1377970,BA.2.75,9.3631775649,82,64,102.288,14721332,75,20,2.2367847163075267,BA.2.75,node_1377969,8.9998736197,BN.1,node_1381642,9.0929007601,1.0297239365006585,13
2022-07,node_2065664,BA.5.2,8.9312274499,73,54,96.9249,29650733,62,203,2.1895538378391093,BA.5.2,node_1962125,8.4543150146,XBM,node_1905177,8.910082790099999,1.0023731159741294,16
2022-12,node_1633278,BQ.1.10.3,8.9992619643,81,59,121.724,17219669,37,7,2.1971425700070437,CQ.1,node_1734384,8.7738233737,BQ.1.10.3,node_1633276,8.999916127999999,0.99992731446708,27
2022-11,node_1630804,BQ.1,9.1018299954,77,58,116.172,12388536,46,10,2.208475491700837,BQ.1.11,node_1610064,8.9977205616,BQ.1.8,node_1722960,8.8431369848,1.0115706453748199,14
2022-11,node_1892117,BF.5,8.5444415763,76,56,116.172,12388536,46,11,2.1452809635017207,BF.5,node_1884775,8.482897637,BA.5.2,node_1971013,8.4542368269,1.0072550609395028,16
2022-09,node_1622516,BQ.1,8.9969894121,74,57,102.288,14721332,75,23,2.1968900116086805,BA.5,node_2068586,8.300638302500001,BQ.1,node_1609494,8.9977205616,0.999918740586019,12
2022-11,node_1819221,BF.7.4,8.7713356684,73,54,116.172,12388536,46,12,2.171489094491204,BA.5.2,node_2058595,8.3926928876,BF.7.4,node_1819246,8.7715952828,0.9999704028296303,19
2022-10,node_1960218,DB.3,9.5728768796,83,56,110.021,12795215,64,12,2.2589337746676796,BQ.1.1,node_1653100,9.1178427709,BA.5.2.25,node_1960216,8.6915408019,1.0499058955208422,24
2022-09,node_1749362,BA.5.3,9.580096831100002,74,59,102.288,14721332,75,14,2.2596876995621678,BA.2,node_1460960,9.098853837999998,BA.5.3,node_1749361,9.376502406800002,1.021713258896233,25
2022-08,node_1882189,BA.5.2.1,8.8114434785,74,54,95.1368,25713990,83,108,2.1760512719865917,BA.4.6.5,node_2185424,8.4405365057,BF.36,node_1911168,8.3921938379,1.0439435304319247,25
2022-11,node_1823156,BF.7,8.7934123823,74,54,116.172,12388536,46,15,2.1740028482281124,BF.7,node_1836963,8.7934123823,BA.5,node_1580526,8.4888841328,1.0,22
2022-08,node_2065842,BA.5.2,8.7715022671,73,52,95.1368,25713990,83,69,2.1715080878491335,BA.5.2.20,node_1950083,8.4542368269,BF.7,node_1815508,8.771149049400002,1.0000402704022027,11
2022-12,node_1614574,BQ.1,9.001350855,78,61,121.724,17219669,37,6,2.1973746610730918,BQ.1,node_1619538,8.9977205616,BQ.1,node_1613914,9.0020389367,0.9999235637942873,9
2022-11,node_1824674,BF.7.6,8.682276918200001,74,53,116.172,12388536,46,5,2.1612838120379467,BA.5.1,node_2068964,8.6816096085,BF.7.6,node_1824673,8.7715093942,0.9898270101541472,12
2022-12,node_1974498,BA.5.2.34,8.8334220449,79,57,121.724,17219669,37,5,2.178542487092506,BA.5.2.34,node_1974477,8.8328253682,BF.7,node_1823463,8.7715093942,1.000067552190282,13
2022-12,node_1313133,XBB.2.6,9.315535421400002,96,66,121.724,17219669,37,7,2.2316834818863716,DJ.1.1.1,node_2145567,8.9826483419,XBB.2.6,node_1313132,9.310023280100001,1.0005920652542064,53
2022-11,node_1401938,BN.1.9,9.093267536399999,90,68,116.172,12388536,46,13,2.2075343085478356,BN.1.9,node_1401815,9.0929007601,BN.1.9,node_1401937,9.199798491400001,0.988420294738022,10
2022-11,node_1734556,BE.4.1.1,8.7720758814,78,60,116.172,12388536,46,7,2.171573480928624,BA.5.1.2,node_2163482,8.3007516746,BE.4.1.1,node_1734544,8.774009036799999,0.9997796725086683,19
2022-07,node_2066162,BA.5.2,8.969124538900001,80,61,96.9249,29650733,62,17,2.1937880725227954,BA.5.2,node_2065984,8.9701694329,BA.2.75,node_1377832,9.0894131767,0.9867660721917285,11
2022-10,node_2136952,CL.1,8.968761641100002,83,62,110.021,12795215,64,14,2.193747610921422,CL.1,node_2136951,8.968909891500001,CL.1,node_2137011,8.968761641100002,0.9999834706333555,9
2022-11,node_1823971,BF.7,8.772373890499999,75,54,116.172,12388536,46,10,2.1716074528233147,BF.10,node_1877017,8.4163685428,BF.7,node_1823970,8.7715093942,1.0000985573019587,15
2022-09,node_1947780,BA.5.2,8.8896039134,75,58,102.288,14721332,75,13,2.1848824943600182,BA.5.2,node_1947778,8.9876387414,XBB,node_1310115,9.549430064200001,0.9309041328787115,23
2022-11,node_1826191,BF.7,8.7728523966,73,53,116.172,12388536,46,16,2.171661998269727,BF.7,node_1826189,8.7721668436,CR.1.1,node_1981121,8.860707187900001,0.9900849007379485,15
2022-12,node_1662961,BQ.1.1,9.0850667638,83,63,121.724,17219669,37,5,2.2066320506158488,BQ.1.1.1,node_1718117,9.118683415000001,BA.5.2.1,node_1873000,8.391176831,0.9963134314823671,29
2022-09,node_2065878,BA.5.2,8.766651613,72,52,102.288,14721332,75,22,2.170954933365846,BA.5.2,node_2002438,8.4542368269,BF.7,node_1844811,8.766651613,1.0,11
2022-10,node_1659770,BQ.1.1,9.1178427709,78,59,110.021,12795215,64,11,2.2102332378281404,BE.1.1.1,node_1609146,8.5388902836,BQ.1.1,node_1646326,9.1178427709,1.0,11
2022-09,node_1784033,BA.5.2.1,8.3926928876,70,53,102.288,14721332,75,32,2.127361432938295,BA.5.2.1,node_1855307,8.3926928876,BA.5.2.1,node_1784017,8.3926928876,1.0,6
2022-10,node_1910816,BA.5.2.1,8.771669721,73,53,110.021,12795215,64,11,2.1715271783420182,BF.7,node_1823585,8.7714654711,BA.5.2.1,node_1910823,8.3928971375,1.0000232857212596,9
2022-10,node_1745593,BE.1.4,8.6887946191,74,56,110.021,12795215,64,28,2.1620342206919956,BE.1.4,node_1745592,8.6887946191,BA.4.6.5,node_2185852,8.4429893796,1.0,24
2022-11,node_1628585,BQ.1.5,9.0044119304,75,57,116.172,12388536,46,8,2.1977146717092393,BQ.1.10,node_1631998,8.997901771799999,BA.5.2,node_2017454,8.4586617637,1.000723519634367,23
2022-10,node_1723786,BQ.1.8,9.310822231700001,80,60,110.021,12795215,64,8,2.231177404435442,BQ.1.1,node_1682886,9.2154090983,BQ.1.8,node_1722632,8.8424661681,1.010353651409529,14
2022-09,node_1694734,BQ.1.1,9.321437195200001,77,61,102.288,14721332,75,7,2.232316822302617,BQ.1.1,node_1694700,9.1178427709,BA.2,node_1461036,9.123921873199999,1.0216480724785875,24
2022-10,node_1605509,BE.1.1,8.7700160369,77,57,110.021,12795215,64,29,2.1713386349913137,BF.34,node_1927156,8.771583058900001,BE.1.1,node_1601413,8.301117808,0.9998213524298317,25
2022-09,node_1310252,XBB,9.303147195300001,92,68,102.288,14721332,75,22,2.2303527510088794,XBB,node_1310361,9.479121958400002,XBB,node_1310226,9.3053234011,0.9814355418284223,10
2022-09,node_1995011,BA.5.2,8.8862858536,73,55,102.288,14721332,75,34,2.184509172981226,BA.5.2.18,node_1981095,8.886323029700002,BA.5.2,node_2050251,8.4541996508,0.9999958164811389,8
2022-08,node_2198216,BA.4.6,9.5184287381,75,58,95.1368,25713990,83,8,2.2532297866623607,BQ.1,node_1622521,10.023055858300001,BA.4.6,node_2198214,8.194107347500001,0.9496533664648668,26
2022-09,node_1800823,BA.5.2.1,8.755100627,71,54,102.288,14721332,75,21,2.1696364593325286,BE.4,node_1735330,8.6630812985,BA.5.2.1,node_1781633,8.3927087489,1.0106220091130775,12
2022-09,node_1980189,BA.5.2,8.454312451300002,75,54,102.288,14721332,75,13,2.134676660451459,BA.5.2.1,node_1791140,8.3939020967,BA.5.2,node_1980185,8.454312451300002,1.0,13
2022-10,node_1874946,BF.10,8.7715093942,75,52,110.021,12795215,64,20,2.1715089003778076,BA.5.2.1,node_1796408,8.3926928876,BF.10,node_1874945,8.7711857201,1.0000369019777176,11
2022-11,node_2065960,BA.5.2,8.4007171968,72,52,116.172,12388536,46,5,2.128317082775983,BA.5.2,node_2016187,8.657280953799999,BF.7,node_1815453,8.7715093942,0.9577276634229931,17
2022-09,node_1713374,BQ.1.1.7,9.1145741373,77,61,102.288,14721332,75,37,2.2098746859530407,BA.5.1,node_2129015,8.301914678,BQ.1.1.7,node_1713371,9.116965691499999,0.9997376809038309,19
2022-10,node_1583753,BA.5,8.3027545998,70,52,110.021,12795215,64,6,2.1165873392367107,BE.2,node_1735808,8.300473623800002,BA.5.2.1,node_1864706,8.300638302500001,1.0002549559712006,13
2022-10,node_1874932,BF.10,8.6788310228,75,55,110.021,12795215,64,5,2.160886844810168,BA.5.10,node_2067261,8.350687995600001,BF.10,node_1874927,8.7705619338,0.9895410451813257,18
2022-09,node_1862464,BF.26,8.7764477809,74,53,102.288,14721332,75,18,2.172071745019049,BF.11.3,node_1797394,8.7719898517,BF.26,node_1862190,8.3976312743,1.0005082004511365,12
2022-11,node_1847236,BA.5.2.1,8.5832585484,76,59,116.172,12388536,46,8,2.149813625595912,BA.5.2.1,node_1847235,8.3943861016,BE.1.2,node_1742996,8.6781582711,0.9890645319276978,14
2022-05,node_2205654,BA.2,7.3428333359,69,51,94.8531,16213566,63,30,1.9937247812079433,XBB.1,node_1183780,9.448641699200003,BA.2,node_2205653,7.5044971761,0.7771311019785735,28
2022-06,node_2006199,BA.5.2,8.5594014283,75,53,100.291,17732748,81,18,2.147030261108205,BA.5,node_1583078,8.7672089494,BA.5.2,node_2006198,8.4677360934,0.9762971862197692,15
2022-10,node_2090281,BA.5.1,8.604039944,75,54,110.021,12795215,64,6,2.1522318538865717,BF.13,node_1922558,8.6929217087,BA.5.1,node_2090165,8.301925562000001,0.9897753864950785,17
2022-09,node_2065869,BA.5.2,8.39182357,72,52,102.288,14721332,75,24,2.127257847279098,BA.5.2,node_1946452,8.4542368269,BF.7.4,node_1816968,8.770899691,0.9567802466845017,14
2022-10,node_2131208,BA.5.1,8.300505084500001,73,53,110.021,12795215,64,8,2.116316366505267,BA.5.2,node_2066199,8.392543343,BA.5.1,node_2131207,8.300654629100002,0.989033329380805,12
2022-06,node_1583078,BA.5,8.7672089494,66,51,100.291,17732748,81,15,2.1710185059485303,BQ.1.1,node_1661838,9.714487343000002,BA.5,node_1583069,8.300638302500001,0.9024880716651935,19
2022-07,node_1812200,BA.5.2.1,8.6949474017,71,52,96.9249,29650733,62,24,2.162742098529755,BF.13,node_1921915,8.6929217087,BA.5.2.1,node_1812197,8.3926928876,1.0002330278665656,9
2022-09,node_2030494,BA.5.2,8.470237862600001,78,57,102.288,14721332,75,7,2.136558591221238,BA.5.2,node_1975279,8.470890325300001,BA.5.2.28,node_2024969,8.4543797029,0.9999229759004138,14
2022-10,node_1377949,BA.2.75,8.997880095500001,86,66,110.021,12795215,64,9,2.1969890046467078,BA.2.75,node_1377833,9.0895249007,BA.2.75.2,node_1440242,8.7264917708,0.9899175362627654,16
2022-06,node_1848630,BA.5.2.1,8.3927077853,69,51,100.291,17732748,81,199,2.1273632080165656,BA.5.2.9,node_2055692,8.3927077853,BA.2.12.1,node_1508663,6.9096760809000015,1.0,12
2022-06,node_2050836,BA.5.2,8.283398343000002,70,53,100.291,17732748,81,8,2.114253312093228,BA.5.3,node_1749278,8.4527015444,BA.5.2,node_2006207,8.6802656214,0.9542793624400644,16
2022-07,node_1982293,BA.5.2,8.4565488469,74,52,96.9249,29650733,62,66,2.134941152670229,BA.5.2,node_1982281,8.4565488469,BA.5.2.1,node_1925927,8.3926928876,1.0,10
2022-09,node_1866469,BA.5.2.1,8.392583939200001,73,53,102.288,14721332,75,9,2.1273484515140235,BA.5.2.1,node_1849279,8.392566514400002,BA.5.2.1,node_1866510,8.3927103124,0.9999849425042334,9
2022-10,node_1809027,BF.14,8.7557006103,77,59,110.021,12795215,64,7,2.169704986556624,BF.14,node_1808986,8.7555815691,BA.5.1,node_2119612,8.301585843200002,1.000013596035747,18
2022-06,node_2060799,BA.5.2,8.4542368269,70,53,100.291,17732748,81,37,2.1346677153434244,BA.5.2,node_1945704,8.4542368269,BF.10,node_1875443,8.3923692135,1.0,13
2022-10,node_2049905,BA.5.2,8.4536333026,83,62,110.021,12795215,64,7,2.13459632559467,BA.5.2,node_2003967,8.4542368269,BA.5.2,node_2049904,8.4536333026,0.9999286127994332,12
2022-08,node_2065830,BA.5.2,8.7655563163,73,55,95.1368,25713990,83,7,2.1708299865587075,BA.5.2,node_1948242,8.7715093942,BA.5.2,node_2066162,8.969124538900001,0.9773034456465506,13
2022-09,node_1710999,BQ.1.1.4,8.6878310124,83,65,102.288,14721332,75,7,2.1619233123118047,BA.5.2.1,node_1850402,8.0242250684,BQ.1.1.4,node_1710998,9.1178427709,0.9528384323677526,26
2022-09,node_2060057,BA.5.2,8.4542368269,72,53,102.288,14721332,75,16,2.1346677153434244,BA.5.2.1,node_1789244,8.3926928876,BA.5.2,node_2027559,8.4542368269,1.0,10
2022-09,node_2054062,BA.5.2.23,8.6238875746,77,56,102.288,14721332,75,9,2.1545359777412223,BA.5.1,node_2163193,8.299547880800002,BA.5.2.23,node_2054061,8.6238726769,1.0000017274953559,17
2022-09,node_2067026,BA.5,8.390394716100001,70,52,102.288,14721332,75,19,2.127087565391556,BA.5.2.1,node_1780584,8.3926928876,BE.1,node_1741048,8.3003866585,0.9997261699515545,11
2022-07,node_2148992,BA.5.1.30,8.300664343500001,72,53,96.9249,29650733,62,63,2.1163355529849537,BA.5.1.30,node_2149631,8.300727012400001,BA.5.2.21,node_2033114,8.454174158,0.9818421277310999,14
2022-10,node_1812202,BA.5.2.1,8.5247387851,72,53,110.021,12795215,64,5,2.1429723816561457,BF.13,node_1922425,8.522723988500001,BA.5.2.1,node_1781430,8.5471771946,0.9973747578891689,17
2022-09,node_2186617,BA.4.6,8.4489845283,76,53,102.288,14721332,75,7,2.1340462599819086,BA.4.6,node_2190558,8.4489845283,BA.5.2.1,node_1867722,8.3926928876,1.0,20
2022-08,node_2067005,BA.5,8.4462190158,71,52,95.1368,25713990,83,73,2.1337188874803013,BA.5,node_2067004,8.3926928876,BA.5.1.7,node_2135395,8.354164430700001,1.0063777060493997,10
2022-07,node_227128,B.1.1.307,1.2263219298,41,23,96.9249,29650733,62,8,0.20401938852572607,B.1,node_3557742,1.2340598156,B.1.1.307,node_227123,1.2268660168,0.9937297319771832,20
2022-10,node_2192015,BA.4.6,8.6815013366,72,51,110.021,12795215,64,7,2.1611944787616126,XBE,node_2064210,8.743045275900002,BA.4.6,node_2188812,8.4404786246,0.9929608120102448,20
2022-10,node_1939578,BA.5.2,8.2993433467,76,56,110.021,12795215,64,5,2.1161763968173855,BA.5.2,node_1944736,8.300638302500001,BA.5.2,node_1939576,8.3926928876,0.9888772838288982,6
2022-08,node_2005193,BA.5.2,8.648647965199999,76,55,95.1368,25713990,83,8,2.1574030041257943,BA.5.2,node_2005495,8.648647965199999,BA.5.2,node_2042509,8.6492248939,0.9999332970633694,15
2022-08,node_2065612,BA.5.2,8.393018813400001,71,54,95.1368,25713990,83,13,2.12740026665662,BA.5.2,node_2001459,8.3926928876,BA.5.1,node_2091024,8.300964228300002,1.0000388344723636,13
2022-08,node_2042573,BA.5.2,8.4542368269,74,53,95.1368,25713990,83,24,2.1346677153434244,BA.5.2.1,node_1801742,8.3926316967,BA.5.2,node_1948580,8.4542368269,1.0,13
2022-09,node_2191466,BA.4.6,8.5042181303,80,56,102.288,14721332,75,7,2.1405622910281807,BA.5.2,node_1948441,8.4542368269,BA.4.6,node_2191462,8.442674191,1.0059119828818808,29
2022-08,node_2136576,BA.5.1,8.4074514969,73,56,95.1368,25713990,83,17,2.1291183955879927,BA.5.2,node_1943354,8.3994486705,BA.5.1,node_2136569,8.315373292300002,1.000952779963774,12
2022-09,node_2066892,miscBA.5BA.2.75,8.3916479936,74,53,102.288,14721332,75,13,2.127236924742382,BA.2.75.10,node_1381329,8.1010067731,BA.5.2.1,node_1851897,8.3926928876,0.9998754995549111,39
2022-09,node_2124567,BA.5.1.23,8.3007304958,74,55,102.288,14721332,75,15,2.1163435224719325,BA.5.2.1,node_1812946,8.3926928876,BA.5.1.23,node_2126534,8.3008243056,0.9890425644031521,13
2022-10,node_1573818,BA.5_dropout,8.3926928876,69,52,110.021,12795215,64,5,2.127361432938295,BA.5.1,node_2106947,8.300761776400002,BF.7.23,node_1841496,8.7715093942,0.9568128483279645,18
2022-08,node_1917980,BA.5.2.1,8.3926928876,73,53,95.1368,25713990,83,21,2.127361432938295,BQ.1.1.42,node_1663286,8.9909447187,BA.5.2.1,node_1917979,8.3929053411,0.9334606262392302,34
2022-10,node_1780276,BA.5.2.1,8.388608817800002,75,54,110.021,12795215,64,5,2.1268746924038204,BA.5.2.1,node_1937008,8.3941841798,BA.4.1,node_1550216,8.0156439971,0.9993358065679074,22
2022-08,node_2005491,BA.5.2,8.6492248939,83,59,95.1368,25713990,83,16,2.157469709287165,BA.5.2,node_2003796,8.4542368269,BA.5.2,node_2005488,8.6492248939,1.0,17
2022-08,node_1811432,BA.5.2.1,8.4020614394,81,63,95.1368,25713990,83,27,2.128477085193675,BA.5.2.1,node_1811419,8.4020614394,BA.5.1,node_2135292,8.6792760469,0.9680601693042113,30
2022-09,node_2059993,BA.5.2,8.6764332612,71,53,102.288,14721332,75,11,2.1606105296154214,BA.5.2.1,node_1814613,8.6197471031,BA.5.2,node_1975852,8.4493790457,1.006576313367664,8
2022-10,node_1981029,BA.5.2.18,8.486182514900001,80,56,110.021,12795215,64,5,2.1384392543145765,BA.5.2.12,node_1972109,8.4542828513,BA.5.2.18,node_1981022,8.486133392700001,1.0000057885255542,11
2022-10,node_2135556,BA.5.1.7,8.3539935548,76,55,110.021,12795215,64,5,2.1227396945640327,BA.5.1.7,node_2135547,8.354164430700001,BA.5.2,node_1988080,8.454065951,0.988162808667448,18
2022-06,node_1508657,BA.2.12.1,6.381296731200001,61,45,100.291,17732748,81,60,1.8533713261087255,BA.2,node_1005782,5.483147099100001,BA.5.2,node_2066733,8.3926928876,0.7603395973928954,22
2022-09,node_1814846,BA.5.2.1,8.968194588800001,73,55,102.288,14721332,75,10,2.1936843836611306,BF.7,node_1830051,8.906369852800001,BA.5.2,node_2003377,8.4542368269,1.0069416313292405,10
2022-09,node_2114860,BA.5.1,8.719897568,72,53,102.288,14721332,75,5,2.1656074910629033,BA.5.1.23,node_2123557,8.300638302500001,BA.4.6,node_2195256,8.4404786246,1.033104632548399,21
2022-09,node_2041620,BA.5.2,8.6854514359,75,56,102.288,14721332,75,14,2.1616493771447503,BA.2.12.1,node_1474603,8.2957603589,BA.5.2,node_2041617,8.6854514359,1.0,17
2022-08,node_2065980,BA.5.2,9.2523439077,76,57,95.1368,25713990,83,6,2.224876914852162,BA.5.2,node_1983296,9.110319624399999,BA.2,node_1460960,9.098853837999998,1.0155893853514888,25
2022-10,node_2063675,BA.5.2.26,8.36285952,77,56,110.021,12795215,64,5,2.1238004164584714,BA.5.1,node_2095806,8.300638302500001,BA.5.2.26,node_2063674,8.4543260391,0.9891810986852199,14
2022-09,node_1744422,BE.1,8.333383386800001,75,58,102.288,14721332,75,9,2.1202695425980527,BE.1.4.1,node_1745329,8.3304583296,BA.5.2.1,node_1811134,8.392383353900001,0.9929698198220911,17
2022-10,node_1583734,BA.5,8.3953868268,73,57,110.021,12795215,64,5,2.1276823677049808,BA.5.2,node_1940926,8.3926953096,BA.5.1.6,node_2140899,8.3032804471,1.0003206975948382,10
2022-08,node_1790855,BA.5.2.1,8.2925769221,70,53,95.1368,25713990,83,16,2.115360767900962,BA.5,node_1750131,8.289452650000001,BA.5.2.1,node_1790854,8.3926431296,0.988076913797624,15
2022-09,node_2121638,BA.5.1,8.4080094205,70,52,102.288,14721332,75,15,2.12918475399505,BA.5,node_1577310,8.3926928876,BA.5.1,node_2121632,8.3159548354,1.0018249843173257,11
2022-09,node_1762341,BA.5,8.305381458,71,55,102.288,14721332,75,8,2.1169036731362842,BA.5.2.1,node_1788598,8.3926928876,BE.1,node_1739808,8.3038081103,0.9895967324469835,15
2022-08,node_1605473,BE.1.1,8.391257972,74,54,95.1368,25713990,83,5,2.127190446307614,BA.5.2,node_1945876,8.4542368269,BE.1.1,node_1595455,8.3012499144,0.9925506161952298,16
2022-08,node_1583818,BE.12,8.676623393,72,52,95.1368,25713990,83,22,2.16063244296519,BE.12,node_1583817,8.6815013366,BA.2.10,node_1336474,6.338458326000001,0.9994381221161096,24
2022-08,node_2004505,BA.5.2,8.4542368269,80,58,95.1368,25713990,83,16,2.1346677153434244,BA.5.2,node_2004631,8.453659898200002,BA.5.2,node_2004503,8.4542368269,1.0,7
2022-07,node_2103499,BA.5.1,8.364240620100002,73,53,96.9249,29650733,62,23,2.1239655496963397,BA.5.1,node_2122472,8.3026966808,BA.5.2,node_2042021,8.4542368269,0.9893548987752927,14
2022-06,node_2192907,BA.4.6,8.4404930263,76,55,100.291,17732748,81,72,2.133040722340139,BA.4.6,node_2193085,8.4404786246,BA.5.2.1,node_1789062,8.8123740302,0.9578001339224181,19
2022-07,node_1902830,BF.5,8.482575413700001,71,51,96.9249,29650733,62,7,2.1380141081407067,BA.5.2.1,node_1927391,8.392256310900002,BF.5,node_1885438,8.4831354643,0.999933980707681,11
2022-09,node_2065963,BA.5.2,8.3871175256,71,54,102.288,14721332,75,7,2.1266969007334744,BA.5.2,node_2065761,8.3871175256,BA.5.2,node_2005905,8.4542368269,0.9920608680979415,10
2022-08,node_1583143,BA.5,8.303583681200001,72,58,95.1368,25713990,83,20,2.116687190436495,BE.1.1.2,node_1602542,8.301885357500002,BA.5.1.17,node_2075498,8.3148374721,0.9986465410854077,18
2022-08,node_2008994,BA.5.2,8.454332670500001,73,53,95.1368,25713990,83,25,2.13467905203279,BA.5.2,node_1964953,8.454332670500001,BF.10,node_1874182,8.3923692135,1.0,11
2022-08,node_2102759,BA.5.1,8.299712309900002,73,55,95.1368,25713990,83,21,2.1162208527439987,BA.5.2.1,node_1793020,8.3926928876,BA.5.1,node_2102758,8.299712309900002,0.9889212462620459,13
2022-09,node_1856760,BA.5.2.1,8.3904264556,72,53,102.288,14721332,75,7,2.1270913482219282,BA.5.2.1,node_1856759,8.3926928876,BE.3,node_1588453,8.285746557900001,0.999729951753227,15
2022-08,node_2084520,BA.5.1,8.396658310800001,68,51,95.1368,25713990,83,20,2.1278338065549853,BA.5_dropout,node_1573815,8.4006720945,BA.5.1,node_2084512,8.304733556600002,0.9995222068359711,7
2022-09,node_1917981,BA.5.2.1,8.4113524395,72,53,102.288,14721332,75,7,2.129582274313817,BA.5.2,node_1940534,8.4113524395,BA.5.2.1,node_1917980,8.3926928876,1.0,10
2022-09,node_2184618,BA.4.6,8.4407908331,72,52,102.288,14721332,75,5,2.1330760048225037,BA.4.6,node_2184608,8.4407908331,BA.5.1.30,node_2148807,8.300727012400001,1.0,19
2022-05,node_2073542,BA.5.1.22,8.300548402,69,52,94.8531,16213566,63,179,2.1163215851499793,BA.5.1.23,node_2124380,8.299774156800002,BA.5_dropout,node_1573511,8.300791142800001,0.9999707569078868,8
2022-06,node_1587455,BE.11,8.193887443000001,71,52,100.291,17732748,81,11,2.10338844251581,BA.4.1,node_1554218,8.190956084500002,BE.11,node_1587276,8.300418398000001,0.9871655921554907,10
2022-08,node_1744495,BE.1,8.3035009444,70,56,95.1368,25713990,83,8,2.1166772263998364,BE.1.1,node_1606799,8.3012345124,BA.5.9,node_1578071,8.4811963207,0.9790483123393452,19
2022-09,node_1580524,BA.5,8.497148762600002,75,55,102.288,14721332,75,6,2.139730667529675,BA.5.9,node_1577775,8.4811963207,BA.5.1,node_2099406,8.308902878000001,1.0018809188346538,15
2022-08,node_1377966,BA.2.75,8.8520395704,83,64,95.1368,25713990,83,9,2.1806478924002306,BA.5.2.4,node_1940281,8.4850427119,BA.2.75,node_1377519,8.350802111300002,1.0432522110920313,34
2022-08,node_1789035,BA.5.2.1,8.811952153100002,73,54,95.1368,25713990,83,7,2.176108999181824,BA.5.2,node_1995680,8.6884788354,BA.4.6,node_2190658,8.4489845283,1.0142111547992645,27
2022-09,node_1760507,BA.5.6,8.300769813400002,75,54,102.288,14721332,75,5,2.1163482591040763,BA.5.5,node_1774605,8.132460532500001,BA.5.6,node_1761431,8.300693132700001,1.0000092378671004,13
2022-08,node_1572378,BA.4,8.0327205019,75,53,95.1368,25713990,83,15,2.08352326284803,BA.2.12.1,node_1482146,7.415973946499999,BA.4,node_1572376,8.0327205019,1.0,17
2022-08,node_2005198,BA.5.2,8.453659898200002,76,54,95.1368,25713990,83,21,2.134599471645275,BA.5.2,node_2003639,8.453659898200002,BA.5.2,node_1997250,8.4542368269,0.999931758630399,11
2022-07,node_1765789,BA.5.5,8.3000619862,73,57,96.9249,29650733,62,11,2.1162629829915325,BA.5.5,node_1765639,8.300061373800002,BA.5.1,node_2162763,8.3006389149,0.9999304958683403,11
2022-09,node_2103507,BA.5.1,8.362182241800001,72,52,102.288,14721332,75,5,2.1237194267413737,BA.5.1,node_2081552,8.300638302500001,BA.5.2,node_1998163,8.4542368269,0.9891114257874706,15
2022-06,node_1738676,BE.1,8.302009357400001,71,55,100.291,17732748,81,39,2.1164975767562058,BE.1,node_1736797,8.3003866585,BA.5.1.24,node_2083458,8.2999628299,1.0001954967842779,15
2022-06,node_2084070,BA.5.1,8.302345398300002,72,54,100.291,17732748,81,52,2.116538052993312,BE.1.1,node_1595976,8.3020367839,BA.5.1.30,node_2148778,8.300727012400001,1.0000371733356566,11
2022-08,node_2004914,BA.5.2,8.4542368269,77,55,95.1368,25713990,83,11,2.1346677153434244,BA.5.2,node_2003639,8.453659898200002,BA.5.2,node_2042268,8.4542368269,1.0,12
2022-07,node_2026596,BA.5.2,8.4547442051,72,52,96.9249,29650733,62,13,2.134727728208681,BA.5.2,node_2026590,8.454323779,BA.5.5,node_1777162,8.130937064100001,1.0000497291221617,12
2022-06,node_2073579,BA.5.1.22,8.300548402,69,55,100.291,17732748,81,138,2.1163215851499793,BE.1.1,node_1594580,8.300958574600001,BA.5_dropout,node_1573509,8.300791142800001,0.9999505873211733,14
2022-08,node_1873789,BF.10,8.3926749691,73,54,95.1368,25713990,83,6,2.127359297924019,BF.8,node_1782408,8.393053407,BF.10,node_1873771,8.3923692135,0.9999549105812093,11
2022-08,node_2090552,BA.5.1,8.4090425435,75,57,95.1368,25713990,83,8,2.1293076201196848,BA.5.2.9,node_2057553,8.392713262300001,BA.5.1,node_2090551,8.300724639200002,1.0019456498380983,17
2022-08,node_1775664,BA.5.5,8.130860920700002,72,54,95.1368,25713990,83,8,2.095666812258356,BA.5.1,node_2084945,8.130429685900001,BA.5.5,node_1775662,8.130860920700002,1.0,7
2022-08,node_2004630,BA.5.2,8.453659898200002,76,55,95.1368,25713990,83,6,2.134599471645275,BA.5.2,node_2004505,8.4542368269,BA.5.2,node_2003613,8.453659898200002,0.999931758630399,12
2022-05,node_1517814,BA.2.12.1,8.0331938026,86,61,94.8531,16213566,63,198,2.083582182706703,BA.5.1,node_2160654,8.300638302500001,BA.2.12.1,node_1517807,6.966481182600001,0.967780248921405,26
2022-06,node_2123468,BA.5.1.23,8.300638302500001,70,53,100.291,17732748,81,15,2.1163324157612604,BA.5.2.1,node_1811441,8.300638302500001,BA.5.1,node_2089699,8.3005735663,1.0,17
2022-08,node_1765699,BA.5.5,8.300930969300001,75,57,95.1368,25713990,83,8,2.1163676734884356,BA.5.5,node_1765686,8.300638302500001,BA.5.1.3,node_2143420,8.300930969300001,1.0,11
2022-07,node_2179474,BA.4.7,8.4709245827,73,54,96.9249,29650733,62,9,2.1366396624113166,BA.4.7,node_2179472,8.4709245827,BA.4.7,node_2179853,8.3643936277,1.0,7
2022-07,node_2144540,BA.5.1,8.2997969047,71,52,96.9249,29650733,62,7,2.1162310451899207,BA.5.1,node_2144381,8.2998691791,BA.5.2.1,node_1882435,8.3926206132,0.9889398421806408,12
2022-08,node_2196913,BA.4.6,8.4519639759,75,53,95.1368,25713990,83,11,2.134398837546431,BA.4.6,node_2189405,8.4520334887,BA.4.6,node_2196912,8.4403068092,0.9999917756123313,10
2022-07,node_2118189,BA.5.1.21,8.394585285400002,71,55,96.9249,29650733,62,37,2.127586889118685,BA.5_dropout,node_1573815,8.4006720945,BA.5.1.21,node_2118171,8.3025307003,0.9992754378421717,10
2022-07,node_1910177,BA.5.2.1,8.392328412400001,76,55,96.9249,29650733,62,8,2.1273180043130293,BA.5.2.1,node_1909968,8.3921159589,BA.5.2.1,node_1917438,8.3929053411,0.9999312599539073,12
2022-08,node_1894523,BF.5,8.3927695683,73,52,95.1368,25713990,83,8,2.127370569499197,BA.5.2.1,node_1867544,8.3927695683,BF.5,node_1894524,8.4544259689,0.992707204388943,11
2022-08,node_1884967,BF.5,8.4842145378,80,59,95.1368,25713990,83,6,2.1382073237235937,BF.5,node_1893003,8.484791466499999,BF.5,node_1884966,8.4824350617,0.9999320043748539,11
2022-05,node_2113820,BA.5.1,8.2957603589,70,53,94.8531,16213566,63,16,2.1157445841671922,BA.5.1,node_2079805,8.3011120738,BA.2,node_1373099,6.967029507400001,0.9993553014520921,21
2022-04,node_1517790,BA.2.12.1,6.966481182600001,86,65,87.4823,25217142,61,223,1.9411102454410403,BA.2.12.1,node_1518189,7.4162912233,BA.2.12.1,node_1517789,6.966163905800001,0.9393483849060813,16
2022-08,node_1905937,BF.27,8.3884783947,71,54,95.1368,25713990,83,7,2.1268591446393783,BF.27,node_1905920,8.388499765999999,BA.2.10,node_1031224,6.675295200400001,0.9999974523096388,24
2022-07,node_1750163,BA.5,8.3936404283,70,53,96.9249,29650733,62,16,2.127474327241437,BA.5.2,node_1999990,8.4542368269,BA.5,node_1750162,8.3936404283,0.9928324223888318,9
2022-07,node_2069055,BA.5.1,8.6802194634,70,54,96.9249,29650733,62,5,2.1610468121544724,BA.5.1.18,node_2120394,8.680325364300002,BA.5.1,node_2068916,8.300638302500001,0.999987799892797,8
2022-08,node_1765845,BA.5.5,8.3006582855,73,57,95.1368,25713990,83,5,2.116334823163585,BA.5.5,node_1765670,8.3007484454,BA.5.1,node_2162008,8.3006582855,0.9999891383408867,15
2022-08,node_2120646,BA.5.1.18,8.680389209500001,72,55,95.1368,25713990,83,6,2.1610663674711326,BA.5.6,node_1750502,8.300692640300001,BA.5.1.18,node_2120645,8.680325364300002,1.0000073551620845,18
2022-06,node_2160886,BA.5.1,8.300638302500001,68,51,100.291,17732748,81,40,2.1163324157612604,BA.2.12.1,node_1474604,8.2957603589,BA.5.1.12,node_2098889,8.5272559266,0.973424320080146,14
2022-05,node_1558400,BA.4.1,7.585482579400001,82,62,94.8531,16213566,63,33,2.026236233637557,BA.5.2.1,node_1850454,7.962681129100001,BA.4.1,node_1558399,8.015494337900002,0.9463524343761609,21
2022-07,node_2092383,BA.5.1,8.300772804700001,73,52,96.9249,29650733,62,6,2.1163486194681784,BA.5.2.1,node_1928723,8.3926928876,BA.5.1,node_2092336,8.300772804700001,0.9890476055622375,11
2022-06,node_2112084,BA.5.1,8.300638302500001,69,52,100.291,17732748,81,25,2.1163324157612604,BA.5.1,node_2111997,8.300638302500001,BA.2,node_1536971,6.966163905800001,1.0,19
2022-08,node_1758308,BA.5.6,8.317603896600001,72,56,95.1368,25713990,83,5,2.1183742201579974,BA.5.6.1,node_1756893,8.301511910200002,BA.5.1,node_2121253,8.3160447359,1.000187488253072,14
2022-08,node_2065576,BA.5.2,8.3951567798,71,53,95.1368,25713990,83,5,2.127654965733323,BA.5.2.1,node_1915665,8.3952848966,BA.5.2,node_1976754,8.4543211636,0.9930018764777082,13
2022-08,node_1873611,BF.10,8.3005552037,73,53,95.1368,25713990,83,8,2.1163224045774296,BE.1.1,node_1604985,8.301117808,BF.10,node_1873610,8.3922861147,0.989069615865536,18
2022-05,node_2160649,BA.5.1,8.300638302500001,77,58,94.8531,16213566,63,66,2.1163324157612604,BA.5.1,node_2160648,8.300638302500001,BA.2.12.1,node_1517975,8.3012352784,0.9999280858956555,12
2022-05,node_1552018,BA.4.1,8.0200527945,74,52,94.8531,16213566,63,51,2.081945004712118,BA.2,node_1549036,8.0328765258,BA.4.1,node_1552015,8.0083956278,0.9984035941223778,11
2022-05,node_2125485,BA.5.1.23,8.2991597326,71,52,94.8531,16213566,63,8,2.116154272641593,BF.27,node_1906361,8.3884983777,BA.5.1.23,node_2124195,8.300638302500001,0.989349864412265,15
2022-07,node_1583691,BA.5,8.299487844800002,70,53,96.9249,29650733,62,7,2.11619380745291,BA.5,node_1583690,8.300768133400002,BA.5.2,node_2065720,9.174878190000001,0.904588341439332,25
2022-08,node_1750464,BA.5.6,8.297023869700002,74,57,95.1368,25713990,83,6,2.115896880585326,BA.5.6,node_1757072,8.300692640300001,BA.2.12.1,node_1519852,7.4171831195,0.9995580163296027,30
2022-07,node_2064104,BA.5.2.26,8.454340936800001,71,53,96.9249,29650733,62,11,2.1346800297913284,BA.5.2,node_2004940,8.4543260391,BA.5.2,node_2010137,8.4542517246,1.0000017621392803,12
2022-07,node_2085024,BA.5.1,8.300648928100001,70,55,96.9249,29650733,62,7,2.116333695854768,BA.5.1,node_2084983,8.300656055300001,BA.5.2,node_2009024,8.4542296997,0.9818338539340314,12
2022-06,node_1848804,BA.5.2.1,8.3926928876,69,54,100.291,17732748,81,42,2.127361432938295,BE.1.1,node_1594681,8.3925562078,BA.2.12,node_1526474,7.4208518901,1.0000162858367125,25
2022-07,node_1765682,BA.5.5,8.3018474755,75,57,96.9249,29650733,62,5,2.116478077443289,BA.5.5,node_1765652,8.300638302500001,BA.5.1,node_2086397,8.3018474755,1.0,10
2022-07,node_2129923,BA.5.1,8.301914678,74,53,96.9249,29650733,62,14,2.1164861722954527,BA.5.1,node_2129853,8.301914678,BA.5.2.1,node_1871644,8.3923560128,0.9892233677096085,14
2022-05,node_2053119,BA.5.2,8.3926928876,71,52,94.8531,16213566,63,18,2.127361432938295,BA.5.2.37,node_1968169,8.4542368269,BA.5.2.1,node_1865634,8.3926928876,0.9927203435910174,11
2022-07,node_2080993,BA.5.1,8.300642623000002,71,53,96.9249,29650733,62,8,2.116332936263265,BA.5.5,node_1778833,8.130429685900001,BA.5.1,node_2080976,8.300642623000002,1.0,11
2022-08,node_1752055,BA.5.6,8.294233756500002,74,53,95.1368,25713990,83,7,2.1155605452346053,BE.3,node_1588679,8.285746557900001,BA.5.6,node_1752003,8.300693132700001,0.999221826888823,16
2022-05,node_2203518,BA.4_dropout,8.0360228914,72,52,94.8531,16213566,63,9,2.0839342955549025,BA.4_dropout,node_2203515,8.040900835,BA.2.12.1,node_1488222,7.415973946499999,0.9993933585676411,11
2022-07,node_1942412,BA.5.2,8.3926928876,71,50,96.9249,29650733,62,8,2.127361432938295,BA.5.2,node_1942411,8.3926928876,BA.5.2.1,node_1916538,8.3928159895,0.999985332467654,12
2022-06,node_1606523,BE.1.1,8.303363111100001,73,53,100.291,17732748,81,9,2.116660626842022,BE.1.1,node_1606522,8.301117808,BA.4,node_1572627,8.065115925100002,1.000270482018438,25
2022-04,node_1518017,BA.2.12.1,7.415973946499999,86,58,87.4823,25217142,61,55,2.0036363151101337,BA.2.12.1,node_1518012,7.4159315002,BA.2.12.1,node_1518016,7.416248777,0.9999629421142326,10
2022-07,node_1604798,BE.1.1,8.301104737,71,55,96.9249,29650733,62,7,2.1163886067887945,BA.5.2.1,node_1795831,8.3926928876,BQ.1.1,node_1707532,9.0010921353,0.9222330593023453,22
2022-07,node_2203830,BA.2,8.4472748839,75,55,96.9249,29650733,62,6,2.1338438904083685,BA.4.6,node_2189410,8.4404705874,BA.2,node_2203829,8.1892544773,1.0008061513193538,16
2022-07,node_2105564,BA.5.1,8.3006569207,70,52,96.9249,29650733,62,7,2.1163346587428773,BA.5.1.23,node_2126703,8.3006501896,BA.5.1,node_2095099,8.300292628300001,1.00000081091238,10
2022-04,node_1518174,BA.2.12.1,7.4162912233,94,66,87.4823,25217142,61,101,2.0036790970852962,BA.2.12.1,node_1518173,7.4162912233,BA.2.12.1,node_1517815,8.0331938026,0.9232058139689927,19
2022-06,node_2127293,BA.5.1,8.2983718705,70,52,100.291,17732748,81,24,2.1160593353799046,BA.5.1,node_2127292,8.300638302500001,BE.1,node_1736864,8.300416095300001,0.9997269569016978,17
2022-06,node_1942598,BA.5.2,8.3926928876,70,53,100.291,17732748,81,5,2.127361432938295,BA.5.3,node_1750021,8.2983718705,BA.5.2.1,node_1795520,8.3926928876,1.0,13
2022-05,node_2127904,BA.5.1,8.300638302500001,68,52,94.8531,16213566,63,6,2.1163324157612604,BA.5.2.1,node_1795474,8.3926928876,BA.5_dropout,node_1573566,8.3010952544,0.9890315794545506,9
2022-06,node_1517829,BA.2.12.1,8.0622590939,86,63,100.291,17732748,81,8,2.087193801849123,BA.2.12.1,node_1517845,8.0159612739,BA.2.12.1,node_1517826,8.0622590939,1.0,11
2022-07,node_1474599,BA.2.12.1,8.2966793348,71,52,96.9249,29650733,62,5,2.11585535460456,BA.5.6,node_1761751,8.300693132700001,BA.2.12.1,node_1470623,7.415973946499999,0.9995164502727865,27
2022-04,node_1518195,BA.2.12.1,7.4161974482,91,64,87.4823,25217142,61,44,2.003666452531563,BA.2.12.1,node_1518078,7.4162912233,BA.2.12.1,node_1518194,7.4161974482,0.999987355526209,12
2022-05,node_914269,BA.2,8.021082679300001,78,60,94.8531,16213566,63,24,2.082073410186044,BA.2,node_914245,6.966027226000001,BE.1.1,node_1594620,8.3005016227,0.9663371015269906,16
2022-01,node_1453118,BA.2,7.071531962800001,65,49,95.6634,90483564,69,39,1.9560771414144658,miscBA2BA1PostSpike,node_917402,6.9302310069000015,BA.2,node_1453114,6.965001007800001,1.0152951815628881,10
2022-05,node_1487489,BA.2.12.1,7.2408227555,75,55,94.8531,16213566,63,19,1.9797348402034904,BA.2.12.1,node_1475104,7.2430891875,BE.1,node_1736828,8.3003866585,0.8723476451648242,29
2022-07,node_1583672,BA.5,8.300693132700001,72,52,96.9249,29650733,62,6,2.1163390212796447,BA.5.6,node_1750953,8.300693132700001,BA.5.1.23,node_2124097,8.300638302500001,1.0,11
2022-06,node_1912138,BF.1,8.0505826026,72,53,100.291,17732748,81,8,2.085744461805462,BA.2.12.1,node_1474628,8.295779575000001,BF.1,node_1912136,8.1426371877,0.970443166891883,25
2022-04,node_1518016,BA.2.12.1,7.416248777,90,61,87.4823,25217142,61,56,2.0036733736825614,BA.2.12.1,node_1518015,7.416248777,BA.2.12.1,node_1518120,7.415973946499999,1.0,16
2022-04,node_1518275,BA.2.12.1,7.4162912233,101,72,87.4823,25217142,61,49,2.0036790970852962,BA.2.12.1,node_1518274,7.4162912233,BA.2.12.1,node_1517804,6.966481182600001,1.0,19
2022-06,node_2203527,BA.4_dropout,8.0273011638,75,52,100.291,17732748,81,8,2.0828483772945106,BA.4.1,node_1562890,8.0156439971,BA.2.12.1,node_1504631,7.440760732,1.001454301950563,19
2022-06,node_1605453,BE.1.1,8.300022854000002,72,56,100.291,17732748,81,8,2.1162582682927376,BE.1.1,node_1605452,8.2995599719,BE.1.1,node_1607692,8.3015806901,0.9998123446415625,8
2022-06,node_2106299,BA.5.1,8.2957603589,70,51,100.291,17732748,81,7,2.1157445841671922,BA.5.1,node_2113732,8.2957603589,BA.2,node_2313079,6.966163905800001,1.0,18
2022-02,node_2203802,BA.2,7.895624672,69,52,92.3826,58251972,63,50,2.0663087670601707,BA.5,node_1576258,8.302387533600001,BA.2.9,node_2359702,6.830493824900001,0.9510065195157634,24
2022-04,node_1518140,BA.2.12.1,7.4159990199,89,62,87.4823,25217142,61,30,2.003639696103351,BA.2.12.1,node_1518234,7.4163859391999996,BA.2.12.1,node_1518002,7.415973946499999,0.999947829130904,23
2022-05,node_2203553,BA.4_dropout,8.1261832921,69,53,94.8531,16213566,63,8,2.095091353562685,BA.4,node_2178199,8.165926641,BA.4_dropout,node_2203544,8.0313095038,0.995133026458938,10
2022-05,node_1518152,BA.2.12.1,7.4160686624,98,64,94.8531,16213566,63,12,2.0036490869046193,BA.2.12.1,node_1518151,7.4160686624,BA.2.12.1,node_1517761,6.966163905800001,1.0,25
2022-04,node_1336051,BA.2.10,6.634828355800001,65,47,87.4823,25217142,61,17,1.892332797939376,BA.2.10,node_1336046,6.0914940376,BA.2.10,node_1334822,6.6454285967,0.9984048822817443,10
2022-04,node_1518289,BA.2.12.1,6.966481182600001,94,70,87.4823,25217142,61,22,1.9411102454410403,BA.2.12.1,node_1517800,7.3121652554,BA.2.12.1,node_1518288,7.4162912233,0.9393483849060813,17
2022-04,node_1518234,BA.2.12.1,7.4163859391999996,101,68,87.4823,25217142,61,20,2.0036918683333944,BA.2.12.1,node_1518145,7.4160686624,BA.2.12.1,node_1518175,7.4162912233,1.000012771329651,23
2022-04,node_1518277,BA.2.12.1,7.4162912233,98,69,87.4823,25217142,61,12,2.0036790970852962,BA.2.12.1,node_1518276,7.4162912233,BA.2.12.1,node_1518243,7.4163859391999996,0.9999872288334539,20
2022-06,node_1501349,BA.2.12.1,7.4156208388,78,54,100.291,17732748,81,12,2.003588699502348,BA.2.12.1,node_1501341,7.415973946499999,BA.2,node_951857,6.965825342100001,0.9999523855258194,13
2022-05,node_2400078,BA.2,6.966097404200001,73,53,94.8531,16213566,63,24,1.941055154648233,BA.2,node_2400071,6.966163905800001,BA.2.9,node_2341443,6.830213502300001,0.9999904536268599,7
2022-04,node_1518340,BA.2.12.1,7.415973946499999,89,63,87.4823,25217142,61,20,2.0036363151101337,BA.2.12.1,node_1518339,7.415973946499999,BA.2.12.1,node_1517772,6.966163905800001,1.0,18
2022-06,node_2203787,BA.4_dropout,8.0343233588,71,50,100.291,17732748,81,6,2.083722783919761,BA.2,node_1015001,6.966163905800001,BA.5.1,node_2093312,8.3020851355,0.9677476474488268,19
2022-05,node_2082909,BA.5.1.24,8.575945389700001,72,57,94.8531,16213566,63,8,2.148961236502668,BA.2.12.1,node_1474604,8.2957603589,BA.2.9,node_2358879,7.1111560716,1.0337744846377352,21
2022-06,node_2261445,BA.2,7.3448240553,76,55,100.291,17732748,81,8,1.9939958549890326,BA.2,node_971802,6.966027226000001,BA.2,node_2261444,7.344960735100001,0.9999813913504878,13
2022-06,node_1458754,BA.2,6.961365875500001,73,52,100.291,17732748,81,7,1.940375701572392,BA.2,node_1458752,6.956487931900001,BA.5.2.1,node_1928061,8.3819036638,0.8305232504120685,28
2022-04,node_2182947,BA.4,8.0616770157,73,53,87.4823,25217142,61,6,2.087121601339732,BA.4,node_2180163,8.0616770157,BA.4.1,node_1559843,8.0156439971,1.0,14
2022-05,node_1518283,BA.2.12.1,7.1525165741,100,71,94.8531,16213566,63,6,1.9674642631851618,BA.2.12.1,node_1518282,7.1525165741,BA.2.12.1,node_1518086,7.4162912233,0.9644330783058666,20
2022-06,node_966772,BA.2,7.1492422116,76,53,100.291,17732748,81,6,1.9670063666975655,BA.2.36,node_2387195,7.1489246439,BA.2,node_966766,6.966097607400001,1.000044421743943,14
2022-05,node_1518214,BA.2.12.1,7.2434064643,104,73,94.8531,16213566,63,6,1.980091601863113,BA.2.12.1,node_1518372,7.2433126892,BA.2.12.1,node_1518213,7.4162912233,0.9766885153516028,25
2022-05,node_1518238,BA.2.12.1,7.4162921641,102,67,94.8531,16213566,63,10,2.003679223941148,BA.2.12.1,node_1518237,7.4163859391999996,BA.2.12.1,node_1518194,7.4161974482,0.9999873556876936,18
2022-04,node_1518090,BA.2.12.1,7.2434064643,91,64,87.4823,25217142,61,15,1.980091601863113,BA.2.12.1,node_1518372,7.2433126892,BA.2.12.1,node_1518077,7.4162912233,0.9766885153516028,20
2022-05,node_1487466,BA.2.12.1,7.2430891875,74,53,94.8531,16213566,63,10,1.9800477987505207,BA.2.12.1,node_1472111,7.415973946499999,BA.2.3,node_1359334,6.8403376926,0.976687518018912,16
2022-06,node_2392874,BA.2,7.062896184800001,72,51,100.291,17732748,81,5,1.9548551918620156,BA.5.3,node_1749958,8.2983718705,BA.2,node_2392873,7.058018241200001,0.8511183030864151,23
2022-05,node_2305420,BA.2,6.968154925000001,72,53,94.8531,16213566,63,6,1.941350473086043,BA.2,node_1016535,6.966139999400001,BA.2,node_2305419,6.217253092400002,1.0002892456367765,10
2022-05,node_1517800,BA.2.12.1,7.3121652554,101,74,94.8531,16213566,63,6,1.989539434470858,BA.2.12.1,node_1517797,6.966481182600001,BA.2.38,node_1529179,7.3118479786,1.0000433921494167,30
2022-05,node_1526521,BA.2.12,7.415973946499999,72,52,94.8531,16213566,63,7,2.0036363151101337,BA.2.12.1,node_1522596,7.415973946499999,BA.2,node_989381,6.9664949091000015,1.0,11
2022-05,node_1526524,BA.2.12,7.5985023924999995,71,54,94.8531,16213566,63,7,2.0279511742562493,BA.2,node_1022458,7.1489246439,BA.2.12.1,node_1477888,7.415741654399999,1.024644971011303,10
2022-05,node_1501949,BA.2.12.1,6.965497945100001,75,54,94.8531,16213566,63,8,1.940969097152973,BA.2.12.1,node_1501948,6.966173615300001,BA.2.3,node_1348700,6.793241592900001,0.9999030069824106,10
2022-05,node_1518129,BA.2.12.1,7.415973946499999,85,61,94.8531,16213566,63,5,2.0036363151101337,BA.2.12.1,node_1518114,7.415973946499999,BA.2.12.1,node_1518128,7.4162912233,0.9999572189399731,11
2022-05,node_1572506,BA.4,8.0700255659,73,55,94.8531,16213566,63,7,2.0881566502941875,BA.4,node_1572505,8.072744097900001,BA.2.10,node_1025919,6.677454612000001,0.999663245611773,13
2022-05,node_2340800,BA.2.9,5.744169975200001,71,51,94.8531,16213566,63,6,1.748185423090825,BA.2,node_2305460,5.743924809600001,BA.2.9,node_2340794,6.830207652900001,0.8409949253535673,12
2022-04,node_1517719,BA.2.12.1,7.2430891875,82,56,87.4823,25217142,61,6,1.9800477987505207,BA.2.12.1,node_1518098,7.2430891875,BA.2.12.1,node_1517718,7.415973946499999,0.976687518018912,16
2022-04,node_1493518,BA.2.12.1,6.078442477800001,72,51,87.4823,25217142,61,6,1.8047484917461007,BA.2.12.1,node_1493517,7.1644801555,BA.2.12.1,node_1499291,6.329936268800001,0.848413610739605,7
2022-04,node_991809,BA.2,6.966109841600001,71,50,87.4823,25217142,61,9,1.9410569400652573,BA.2,node_2243355,6.966163905800001,BA.2,node_991807,6.966109841600001,0.9999922390284335,7
2021-11,node_596267,BA.1.17.2,5.396930497400001,62,50,141.142,15702891,107,1518,1.685830365547284,BA.1.20,node_621137,5.404046719100001,BA.1,node_545282,4.9664118173,0.9986831679906008,14
2022-04,node_1517765,BA.2.12.1,6.966163905800001,81,59,87.4823,25217142,61,5,1.9410647010669402,BA.2.12.1,node_1517764,6.966163905800001,BA.2.12.1,node_1517787,6.966163905800001,1.0,13
2022-04,node_1517739,BA.2.12.1,6.966481182600001,78,57,87.4823,25217142,61,5,1.9411102454410403,BA.2.12.1,node_1517764,6.966163905800001,BA.2.12.1,node_1517738,6.966481182600001,1.0,13
2022-04,node_1489544,BG.1,6.3299026319000005,74,51,87.4823,25217142,61,6,1.8452848540314615,BA.2.12.1,node_1496324,6.667330027900001,BG.1,node_1489505,7.4159403096,0.8535536112266014,8
2022-03,node_2203585,BA.4_dropout,8.030578354300001,71,52,89.132,51347034,64,9,2.0832565495618147,BA.2.10,node_1026145,6.680213614600001,BE.1,node_1736775,8.3003866585,0.9674944896785377,22
2021-12,node_613762,BA.1,5.443980218100001,57,44,144.167,25614610,61,29,1.6945104510757847,miscBA1BA2Post17k,node_2250879,6.8185271843000015,BA.1,node_613757,5.550511173100001,0.7984099895700404,12
2022-03,node_719345,BA.1.1,5.858127794000001,67,55,89.132,51347034,64,5,1.7678300634629145,BA.1.1,node_728837,5.858347142300002,BA.1.1,node_719344,5.859627038900002,0.9997441398761308,10
2022-04,node_2346639,BA.2.9,6.828396054900001,73,54,87.4823,25217142,61,14,1.92108980777548,BA.2.9,node_2346638,6.830088175100001,BA.2.9,node_2358879,7.1111560716,0.9602371240550794,8
2022-04,node_970188,BA.2,6.829760612800001,70,53,87.4823,25217142,61,18,1.9212896235980308,BA.2,node_970181,6.965722601200001,BA.2.9,node_2365934,6.830201917400001,0.9804812800933851,11
2022-03,node_2305338,BA.2,6.966163905800001,71,50,89.132,51347034,64,37,1.9410647010669402,BA.2.10,node_1026863,6.675295200400001,BA.2,node_2305337,6.217519987200001,1.043573908968486,11
2022-05,node_833750,BA.1.1,6.424377940500001,73,56,94.8531,16213566,63,5,1.8600998074948387,BA.1.17,node_570732,6.9978391158000015,BA.1.1,node_833749,5.869571906300002,0.9180516776950164,42
2022-05,node_2203741,BA.4_dropout,8.0325052406,69,52,94.8531,16213566,63,5,2.083496464432189,BA.2,node_1015316,6.965792620600001,BA.5.1,node_2099737,8.300638302500001,0.9676972960236994,19
2022-05,node_1517073,BA.2.12.1,7.2460875087,81,60,94.8531,16213566,63,5,1.9804616692285562,BA.2.12.1,node_1516431,7.4161061784,BA.2.3,node_1358017,6.796180019,0.9770744019017429,23
2021-11,node_879280,BA.1.1,5.741483010300002,58,46,141.142,15702891,107,1072,1.7477175411249657,BA.1,node_557160,5.476513587500001,BA.1,node_527352,5.404074353500001,1.048382865954133,9
2022-02,node_2250821,miscBA1BA2Post17k,6.648026342200001,56,44,92.3826,58251972,63,10,1.8943200199700863,miscBA2BA1PostSpike,node_916962,6.794269018500001,miscBA1BA2Post17k,node_2250794,6.819921229500001,0.9747951799565576,26
2022-03,node_2377723,BA.2.9,6.688268258500001,73,52,89.132,51347034,64,25,1.90035498539965,BA.2.3,node_1350579,6.6507899314,BA.2.9,node_2377722,6.830767183400001,0.9791386646515639,13
2022-03,node_2639557,AY.122,3.5893181262,53,41,89.132,51347034,64,10,1.2779622474682293,AY.79,node_2724621,3.3939464763,AY.122,node_2639537,3.3458533643,1.0575647410070501,18
2022-03,node_2410005,BA.2_dropout,6.970639367000001,64,49,89.132,51347034,64,7,1.9417069518422774,BA.2,node_922201,6.970586149700002,BA.2_dropout,node_2409991,6.9710418494000015,0.9999422636660782,14
2022-02,node_2396222,BA.2,6.966163905800001,75,52,92.3826,58251972,63,48,1.9410647010669402,BA.2,node_2396221,6.965850984100001,BA.2,node_2233525,6.966163905800001,1.0,11
2022-04,node_2398768,BA.2.13,7.5979024552,69,49,87.4823,25217142,61,5,2.027872216462439,BA.2,node_920662,7.2262924083,BA.2.13,node_2398760,7.3377739527,1.0354506018006024,10
2022-03,node_922201,BA.2,6.970586149700002,72,52,89.132,51347034,64,13,1.9416993173197692,BA.2_dropout,node_2410006,6.970639367000001,BA.2,node_922192,6.965708206100001,0.9999923655066346,13
2022-02,node_796910,BA.1.1.2,5.738434475200002,64,49,92.3826,58251972,63,16,1.7471864336190954,BA.1.1.2,node_801018,5.737336399800002,BA.1.17.2,node_585106,5.738370073700002,1.0000112229603828,8
2022-03,node_1548528,BA.2,6.706553433300001,71,53,89.132,51347034,64,7,1.9030851727181142,BA.2,node_1002653,6.966163905800001,BA.2,node_1548520,6.706749565200001,0.9627326494164385,8
2022-04,node_2251328,miscBA1BA2Post5386,6.822197501900001,66,46,87.4823,25217142,61,6,1.9201816343103126,BA.2.19,node_1545547,6.974350141900001,XAM,node_2251476,6.814961017700002,0.9781839688423573,20
2022-03,node_943292,BA.2.29,6.969534168000001,67,49,89.132,51347034,64,13,1.9415483886795533,XBB.2.8,node_1312563,9.315456388600001,BA.2,node_1537774,6.965034662300001,0.7481688365294829,36
2022-03,node_2344298,BA.2.9,6.6857266535000015,71,50,89.132,51347034,64,7,1.8999749037490556,BA.2.9,node_2344297,6.829713219800001,miscBA1BA2Pre4321,node_2251690,6.822177339500001,0.9789176263093202,8
2022-02,node_1520768,BA.2.12.1,7.415973946499999,74,53,92.3826,58251972,63,6,2.0036363151101337,BA.2.12.1,node_1494316,7.415973946499999,BA.2.12.1,node_1474556,7.5225049015,0.9858383668213021,10
2022-04,node_2227259,BA.2,6.964407782200001,72,50,87.4823,25217142,61,5,1.9408125759354475,BA.2.24,node_1534768,6.964407782200001,BA.2,node_2227240,6.966163905800001,0.9997479066493773,7
2022-03,node_2305872,BA.2,6.284404060900001,66,48,89.132,51347034,64,6,1.8380710182784812,BG.6,node_1477389,6.330364546200001,BA.2,node_2305870,5.834594020200001,0.9927396779498916,13
2022-04,node_921222,BA.2,6.937057727000001,74,55,87.4823,25217142,61,6,1.9368777259773047,BA.2,node_1017116,6.966346807200001,BA.2,node_921221,6.6814403094,0.9957956327741638,13
2022-04,node_2217621,BA.2,6.533806156300001,68,48,87.4823,25217142,61,5,1.8769896458119624,BA.2,node_2217620,6.533806156300001,BA.2,node_2217120,6.967271129800001,0.9377855453843313,8
2022-03,node_1352714,BA.2.3,6.797708276400001,72,53,89.132,51347034,64,15,1.916585537202202,BA.2.3,node_1339593,6.7932888563,BA.2.3,node_1354887,6.797271699700001,1.0000642282255716,11
2022-03,node_962515,BA.2,6.827886334300001,72,53,89.132,51347034,64,7,1.9210151577959749,BA.2.9,node_2371965,6.830201917400001,BA.2,node_962514,6.963848322700001,0.9804760267456134,7
2022-02,node_2250921,miscBA1BA2Post17k,6.832803588600001,63,48,92.3826,58251972,63,7,1.9217350708516296,BA.2,node_2328647,6.687702992500001,miscBA1BA2Post17k,node_2250914,6.967607995600001,0.9806526993072618,18
2022-01,node_551582,BA.1,7.011859920300001,59,47,95.6634,90483564,69,14,1.9476029897202525,BA.1,node_551593,6.976475505800001,BA.1.1,node_838623,6.7254226711000005,1.0050719614038037,19
2022-03,node_2265170,BA.2,6.830201917400001,72,51,89.132,51347034,64,8,1.921354236454644,BA.2,node_2265162,6.966163905800001,BA.2.9,node_2352954,6.830201917400001,0.9804825165990139,6
2022-01,node_838620,BA.1.1,6.871645901500001,59,48,95.6634,90483564,69,10,1.9274036556331684,BA.1,node_550940,6.9747725004,BA.1.1,node_838608,4.8337082124999995,0.9852143422750943,22
2022-03,node_576760,BA.1.17,5.4272937366,63,50,89.132,51347034,64,8,1.69144061865802,BA.1.17,node_576354,5.420086445800001,BA.1.17,node_576759,5.373647374400001,1.0013297372416605,10
2021-10,node_900187,BA.1,5.404074353500001,57,47,133.259,13064658,94,145,1.6871531789781322,BA.1.17,node_580778,5.366429927100001,BA.1,node_527206,5.395568449800002,1.0015764610863782,10
2021-11,node_648595,BA.1.15,5.416094495700001,71,54,141.142,15702891,107,79,1.6893749829651536,BA.1.15,node_648591,5.416094495700001,BA.1.15,node_648565,5.403826175300001,1.0,25
2021-11,node_897314,BA.1,5.440757638900001,58,45,141.142,15702891,107,59,1.6939183230270445,BA.1.15,node_640874,5.330845836600001,BA.1,node_562286,5.402564515400001,1.007069443296999,20
2022-01,node_869896,BA.1.1,5.406580057200001,67,55,95.6634,90483564,69,17,1.6876167408772882,BA.1.1,node_869879,5.406580057200001,BA.1.1,node_869892,5.416094495700001,0.9982433027142429,11
2022-02,node_869223,BA.1.1,5.741468112600002,62,50,92.3826,58251972,63,5,1.7477149463738706,BA.1.1,node_846457,5.749732688100002,BA.1.1,node_869222,5.741468112600002,0.9985626156991428,28
2022-02,node_1339051,BA.2.3,5.3088087554,70,53,92.3826,58251972,63,5,1.6693674702365584,BA.2,node_2256748,5.309869567200001,BA.2.3,node_1339030,6.792228044500001,0.7816004881783677,13
2022-02,node_2232758,BA.2,6.507180853200001,67,51,92.3826,58251972,63,9,1.8729063137642323,BA.2,node_1018077,6.506999276300001,BA.2.9,node_2359153,6.830383494300001,0.9526816259482773,8
2022-01,node_811519,BA.1.1,5.741780321100001,59,47,95.6634,90483564,69,30,1.7477693227120432,BA.1.1.2,node_802670,5.737336399800002,BA.1.1,node_811518,5.741780321100001,1.0,10
2022-02,node_558090,BA.1,5.476506026400002,56,43,92.3826,58251972,63,5,1.7004673111919055,BA.1,node_555784,5.139104930700001,BA.1.1,node_742978,5.741475449200002,0.9538499423807656,8
2022-01,node_648646,BA.1.15,5.741785389400002,81,60,95.6634,90483564,69,8,1.7477702054169677,BA.1.15,node_648572,5.413906068800001,BA.1.15,node_648636,5.741785389400002,1.0,23
2022-02,node_550952,BA.1,6.9749105993,62,51,92.3826,58251972,63,10,1.9423195103206274,BA.1,node_550951,6.9749105993,BA.1.18,node_665477,5.407508623100001,1.0,8
2022-01,node_948532,BA.2,6.966406646600001,67,50,95.6634,90483564,69,5,1.941099546151573,BA.5.2.1,node_1811441,8.300638302500001,BA.2,node_1442821,6.675537941200001,0.8392615594998093,32
2022-01,node_870009,BA.1.1,5.741468112600002,73,55,95.6634,90483564,69,6,1.7477149463738706,BA.1.1,node_870008,5.741468112600002,BA.1.1,node_869932,5.741468112600002,1.0,11
2022-01,node_870008,BA.1.1,5.741468112600002,75,57,95.6634,90483564,69,11,1.7477149463738706,BA.1.1,node_869935,5.404074353500001,BA.1.1,node_870007,5.741374337500002,1.0000163332147474,13
2022-02,node_688114,BA.1.1,5.738778959000001,62,48,92.3826,58251972,63,11,1.7472464627894297,BA.1.1.1,node_671798,5.741468112600002,BA.1.1,node_839395,5.632248004000001,0.9995316261368588,13
2021-12,node_731110,BA.1.1,5.741468112600002,60,47,144.167,25614610,61,6,1.7477149463738706,BA.1.1,node_731109,5.740828750500002,BA.1,node_538290,5.743432113400002,0.9996580440473183,8
2022-02,node_551857,BA.1,6.968913260200001,62,49,92.3826,58251972,63,5,1.9414592958586192,BA.1,node_551851,6.968913260200001,BA.1.1.1,node_680616,5.741468112600002,1.0,10
2022-02,node_653702,BA.1.15.1,5.405867637800001,61,46,92.3826,58251972,63,5,1.687484963240785,BA.1,node_880854,5.404074353500001,BA.1.15,node_632932,5.415382076300001,0.9982430716123172,8
2021-12,node_720500,BA.1.1.11,5.672368192400002,56,46,144.167,25614610,61,7,1.7356067011568526,BA.1.17,node_578911,5.368084197600001,BA.1.1.11,node_720499,5.671219240000002,1.0002025935431833,9
2022-02,node_1543314,BA.2.23,6.964071671100001,68,50,92.3826,58251972,63,5,1.9407643135100776,XBB.1.5_17124,node_1270339,9.6821944621,BA.2.23,node_1542305,6.964071671100001,0.719265833624823,45
2022-01,node_551588,BA.1,5.442299912200001,55,42,95.6634,90483564,69,5,1.6942017495003647,B.1.1.529,node_526950,5.551183957400002,BA.1,node_613770,5.781373977200001,0.9413506086378072,18
2022-02,node_2345744,BA.2.9,6.830117621400001,73,52,92.3826,58251972,63,5,1.9213418947228476,BA.2,node_2278002,6.966079609800001,BA.2.9,node_2344927,6.830201917400001,0.9804822804194304,8
2022-02,node_1374592,BA.2,7.2867439341999996,64,48,92.3826,58251972,63,5,1.9860567979856347,BA.2,node_1374529,7.2262924083,BA.2,node_993707,7.026615431700001,1.00836549678374,7
2021-12,node_655804,BA.1.15,5.415382076300001,60,47,144.167,25614610,61,6,1.6892434368372935,BA.1.1,node_685030,5.741468112600002,BA.1.17.2,node_596457,5.415382076300001,0.9432051123676216,12
2022-02,node_605468,BA.1.17.2,5.395704434400001,65,53,92.3826,58251972,63,5,1.6856031619009042,BA.1.1,node_696402,5.738778959000001,BA.1.17.2,node_605466,5.3980440232000015,0.9402182019814573,9
2022-01,node_879704,BA.1.1,5.750982551100002,61,47,95.6634,90483564,69,11,1.7493707186633736,BA.1,node_656685,5.739261701900002,BA.1.15,node_628553,5.415330153500001,1.0020422224684613,12
2022-01,node_2255057,BA.2,6.9661238170000015,71,51,95.6634,90483564,69,7,1.941058946261872,BA.2,node_2254989,6.966142739100001,BA.2.9,node_2345028,6.830182995300001,0.9999972837048122,6
2021-10,node_2608808,AY.122,3.3480012315,46,37,133.259,13064658,94,192,1.2083635204587024,AY.122,node_2630686,3.3462468763,AY.122,node_2608807,3.3480416265,0.999987934737824,18
2021-12,node_870058,BA.1.1,5.744291093100002,80,63,144.167,25614610,61,13,1.7482065082299545,BA.1.1,node_870057,5.744291093100002,BA.1.15,node_648627,5.744291093100002,1.0,18
2021-12,node_561489,BA.1.14.1,5.404074353500001,61,49,144.167,25614610,61,16,1.6871531789781322,BA.1.14.1,node_561488,5.404170653400001,BA.1.1,node_684929,5.741468112600002,0.9412356295492491,11
2022-02,node_926557,BA.2,7.050314774,63,49,92.3826,58251972,63,5,1.9530722646217757,BA.2,node_948745,6.99441306,BA.2,node_926553,7.022065619800001,1.0040229123066502,8
2022-01,node_562718,BA.1,5.404075264400001,60,46,95.6634,90483564,69,10,1.6871533475361247,BA.1.15,node_626132,5.415330153500001,BA.1.1,node_871294,5.741469023500002,0.9412356388723795,10
2021-12,node_726118,BA.1.1,5.404074353500001,58,46,144.167,25614610,61,13,1.6871531789781322,BA.1.1,node_726116,5.741468112600002,BA.1,node_527149,5.404074353500001,0.9412356295492491,10
2022-01,node_600179,BA.1.17.2,5.453994558900002,59,49,95.6634,90483564,69,6,1.6963482867881359,BA.1.1,node_759606,5.741466049200002,BA.1.17.2,node_600175,5.416811796900001,0.9499306470095636,13
2022-01,node_624300,BA.1.20,5.139077296300001,57,43,95.6634,90483564,69,6,1.636873549013925,BA.1,node_555811,5.139077296300001,BA.1.20,node_624299,5.404046719100001,0.9509683323307522,7
2022-01,node_626506,BA.1.15,5.415330153500001,62,47,95.6634,90483564,69,7,1.689233848769787,BA.1.15,node_628498,5.415330153500001,BA.1.1,node_864942,5.741468112600002,0.9431960688966867,10
2021-12,node_645395,BA.1.15,5.404317094300001,56,46,144.167,25614610,61,51,1.687198096078186,BA.1.15,node_645393,5.415624817100001,BA.1,node_542828,5.404074353500001,0.9979120188008048,8
2021-09,node_3398758,AY.4.2,3.5327226857,41,32,128.393,16061455,117,230,1.262068872712098,AY.4,node_3319294,3.39690312,AY.4.2,node_3398275,3.5332489098,0.9998510650923742,12
2021-12,node_529730,BA.1,5.6367795214,56,46,144.167,25614610,61,10,1.7293128955795027,BA.1,node_529729,5.224579837599999,BA.1.15,node_630331,5.2904186906,1.0654694554545205,8
2022-01,node_556966,BA.1,6.177465678600001,60,47,95.6634,90483564,69,5,1.8209081029930778,BA.1.1,node_842896,6.177465678600001,BA.1,node_556965,5.912496255800001,1.0,7
2022-01,node_660272,BA.1.18,5.755846263200002,59,48,95.6634,90483564,69,6,1.7502160797038724,BA.1.1.12,node_721315,5.752560687700002,BA.1.18,node_661891,5.407508623100001,1.0005711500805243,9
2021-12,node_555894,BA.1,5.403177401500001,60,46,144.167,25614610,61,5,1.6869871882114889,BA.1,node_562754,5.404046719100001,BA.1,node_555893,5.138207978700001,0.999839135809665,9
2021-11,node_735659,BA.1.1,4.9727972677,57,49,141.142,15702891,107,9,1.603982512301983,BA.1.1,node_735611,5.310191026800001,BA.1,node_886852,4.9727972677,0.9364629714077688,7
2021-11,node_3196244,B.1.617.2,3.4594249009,40,31,141.142,15702891,107,12,1.2411023616419028,AY.43,node_2987703,3.459569504,B.1.617.2,node_3196187,3.3947181447000006,0.9999582019959904,12
2020-04,node_247665,B.1.1,1.2634567982,10,6,59.1907,2412716,4,1337924,0.2338514550969244,C.17,node_211508,1.7536477021999999,B.1,node_173570,1.2268889105,0.7204735572686339,18
2022-01,node_664545,BA.1.18,5.310329125700001,59,46,95.6634,90483564,69,8,1.6696538155740825,BA.1.1,node_718707,5.741468112600002,BA.1.18,node_663738,4.546219778799999,0.9249078844566183,10
2021-12,node_571485,BA.1.17,5.113953216200001,56,44,144.167,25614610,61,7,1.6319727286456875,BA.1,node_528649,5.113953216200001,BA.1.17,node_571481,5.3670075643000015,0.9528500109105017,8
2021-12,node_2682149,AY.44,3.4175343657000004,37,31,144.167,25614610,61,28,1.2289193453664327,AY.44,node_2706538,3.2887613626,B.1.617.2,node_3520374,3.3979246471000004,1.0057710869535428,24
2021-12,node_603457,BA.1.17.2,5.396930497400001,61,48,144.167,25614610,61,13,1.685830365547284,BA.1.1.2,node_797336,5.737336399800002,BA.1,node_530478,5.396493920700002,0.9406683034287711,15
2021-10,node_2690045,AY.44,3.265982311,43,36,133.259,13064658,94,37,1.1835605784282786,AY.44,node_2682150,3.3930357030000002,AY.44,node_2690044,3.2660389222,0.9625546551462267,15
2021-10,node_2714995,AY.44,3.0910785153,40,32,133.259,13064658,94,75,1.1285200640891002,AY.120.1,node_3510645,3.3935058076000004,AY.44,node_2714993,2.9527643056000006,0.9108805732341189,14
2021-11,node_623707,BA.1.20,5.404046719100001,59,48,141.142,15702891,107,6,1.6871480653418556,BA.1.1,node_725979,5.741468112600002,BA.1.17,node_578076,5.404046719100001,0.9412308164248951,10
2021-11,node_2937137,AY.43,3.4062808703000003,40,32,141.142,15702891,107,11,1.2256210422287168,AY.122,node_2619495,3.346466209,AY.43,node_2936976,3.4610351469,0.9841797975819337,18
2021-11,node_3470803,AY.4,3.4015414071,44,35,141.142,15702891,107,27,1.224228683917185,AY.122,node_2622151,3.3462882146,AY.4,node_3470796,3.4015414071,1.0,22
2021-12,node_3250328,AY.39,3.3934955686,43,33,144.167,25614610,61,10,1.2218605313114055,AY.39,node_3250327,3.3934955686,B.1.617.2,node_3125980,2.9598113514,1.0,11
2021-10,node_3398759,AY.4.2,3.5315490986,44,35,133.259,13064658,94,76,1.2617366128142258,AY.4.2,node_3398758,3.5327226857,AY.4,node_3319295,3.39690312,0.9996677952943348,10
2021-10,node_3239315,AY.3,3.3942466977000003,41,29,133.259,13064658,94,67,1.2220818505877118,AY.3,node_3209017,3.3927059577,B.1.617.2,node_3124785,2.6129817371,1.0004541330782006,22
2021-08,node_3502352,B.1.617.2,3.3481144337,50,43,124.956,19894993,118,44,1.208397331762351,B.1.617.2,node_3502351,3.4080554364,AY.122,node_2580231,3.3347716393,0.9824119637081618,27
2021-11,node_3397175,AY.4.2,3.5286467276000004,37,28,141.142,15702891,107,35,1.2609144341565959,AY.4.2.3,node_3382745,3.5286467276000004,AY.4.2,node_3397174,3.5332489098,0.9986974644817027,8
2021-11,node_2672004,AY.44,3.2650322093,49,35,141.142,15702891,107,21,1.1832696277027064,AY.44,node_2671957,3.2650369615,AY.44,node_2672003,3.126879675,0.999998544518774,8
2021-12,node_3064576,AY.126,3.4026769753000004,46,36,144.167,25614610,61,6,1.2245624675045785,AY.126,node_3064575,3.4010954897000003,AY.124,node_3094253,3.3964231823000004,1.0004649930014577,21
2021-11,node_2605229,AY.122,3.343618082,40,31,141.142,15702891,107,9,1.207053478771775,B.1.617.2,node_3093497,3.3915453374,AY.122,node_2605222,3.3462872713,0.9858686083681423,7
2021-11,node_2604851,AY.122.4,2.9117460152000003,36,28,141.142,15702891,107,14,1.0687529064756045,B.1.617.2,node_2577131,2.9222317788000005,AY.122.4,node_2604850,3.3462872713,0.8701422738487169,16
2021-10,node_3384642,AY.4.2.2,3.6681093683999997,40,30,133.259,13064658,94,21,1.2996763708526478,AY.4.2.2,node_3384102,3.6681093683999997,AY.4,node_3462414,3.3989230308,1.0,16
2021-11,node_3010549,AY.106,3.4041320237000003,46,34,141.142,15702891,107,14,1.2249899948297545,AY.122,node_2620596,3.3464788237,AY.106,node_3010548,3.3942237935,1.0029191446418397,23
2021-08,node_2629006,AY.122,3.6229708385,37,30,124.956,19894993,118,200,1.2872943628879994,AY.122,node_2637332,3.3462872713,AY.122,node_2638915,3.6229708385,1.0,17
2021-11,node_3183985,AY.121,3.4194843619000004,43,35,141.142,15702891,107,11,1.2294897683330988,AY.121,node_3183800,3.4040779285,B.1.617.2,node_2652344,3.4153915621000004,1.0011983398464226,19
2021-11,node_2644135,AY.122,3.3464217643,45,33,141.142,15702891,107,6,1.2078916449198251,AY.122,node_2647578,3.3462918289999997,AY.122,node_2644134,3.3462522053,1.0000388296378917,21
2021-10,node_2670221,AY.44,3.2661666892,36,30,133.259,13064658,94,34,1.1836170309678773,AY.44,node_2669912,3.2660697991,AY.43,node_2955929,3.4597727146,0.9440408254036468,17
2021-11,node_3208998,AY.3,2.9069339952,36,26,141.142,15702891,107,5,1.0670989158494095,AY.3,node_3205486,2.9112971955000004,AY.3,node_3208996,3.3920456124,0.8569855265428565,15
2021-09,node_2724318,AY.44,3.3942770235000004,37,31,128.393,16061455,117,62,1.2220907850191864,AY.44,node_2688127,3.2660389222,AY.103,node_2816430,3.3943079004000003,0.9999909033296607,15
2021-11,node_3253681,AY.39,3.3948731428000003,43,34,141.142,15702891,107,10,1.222266394421521,AY.39,node_3255764,3.3910669204,AY.39,node_3253680,3.0993297213999997,1.0011224262125595,22
2021-11,node_3322117,AY.4,3.3986029312,37,29,141.142,15702891,107,14,1.2233644445902792,AY.4,node_3321750,3.3986029312,AY.4,node_3455276,3.3986029312,1.0,14
2021-10,node_3440529,AY.4,3.5333901763,38,30,133.259,13064658,94,8,1.2622577999525828,AY.44,node_2692153,3.2660389222,AY.4.2.3,node_3383537,3.5332380364,1.000043059623618,21
2021-11,node_3198381,B.1.617.2,3.3947171463,36,30,141.142,15702891,107,6,1.2222204427533392,AY.4,node_3316425,3.3998043182,B.1.617.2,node_2864592,3.394098092,0.9985036868525735,13
2021-12,node_3295588,AY.4,3.3973063565,43,32,144.167,25614610,61,5,1.222982869539512,AY.4,node_3295587,3.3962614625000005,AY.4,node_3295528,3.3974998321000003,0.9999430535365529,8
2021-10,node_2927022,AY.25.1,3.3945157402,41,31,133.259,13064658,94,28,1.2221611117203857,AY.25.1,node_2908360,3.3945157402,AY.25.1,node_2926881,3.3945157402,1.0,8
2021-11,node_2606518,AY.122,3.3463761622,44,32,141.142,15702891,107,7,1.2078780177042714,AY.43,node_2941979,3.4594452829,AY.122,node_2606391,3.3463271711,0.9673158233607858,18
2021-10,node_2661906,AY.44,2.8317367482,42,31,133.259,13064658,94,7,1.0408902153667154,AY.44,node_2661858,2.831602246,AY.44,node_2661956,2.9699772549,0.9534540183861931,12
2021-10,node_2887007,AY.25,3.3943397068000003,39,29,133.259,13064658,94,28,1.2221092521981396,AY.119,node_3169087,3.3947803209000003,AY.25,node_2887005,3.3940657132000003,0.999870208361558,14
2021-10,node_3298656,AY.4,3.3962785934,40,33,133.259,13064658,94,9,1.2226803008322917,AY.4,node_3430348,3.3962785934,AY.4,node_3298655,3.3986029312,0.9993160902149932,16
2021-10,node_2680142,AY.44,3.3142855269,45,35,133.259,13064658,94,26,1.1982420730781562,AY.122,node_2643392,3.3847594076,AY.44,node_2680116,3.2660697991,0.9791790575892158,22
2021-10,node_2852388,AY.127,3.4486482135000003,46,35,133.259,13064658,94,9,1.23798233208699,AY.127,node_2852319,3.4486482135000003,AY.127,node_2853132,3.4485324773,1.0,16
2021-11,node_2905452,AY.25.1,3.3950625043000002,41,36,141.142,15702891,107,6,1.2223221715333792,AY.20,node_2836303,3.3935474374,AY.25.1,node_2922209,3.3945806361,1.000141952203131,20
2021-11,node_2939282,AY.43,3.4653035263,33,32,141.142,15702891,107,6,1.242800226583183,AY.43,node_2939194,3.4653035263,AY.43,node_2954652,3.459569504,1.0,8
2021-09,node_3502295,B.1.617.2,3.1759524905,43,35,128.393,16061455,117,12,1.1556075843624243,B.1.617.2,node_3016110,3.3948370776000005,B.1.617.2,node_3502294,3.1758226595999997,0.935524273449157,21
2021-11,node_3051565,B.1.617.2,3.4031677503,59,38,141.142,15702891,107,6,1.2247066891319114,B.1.617.2,node_3071930,3.3943600815000003,B.1.617.2,node_3051562,3.4002621932000006,1.0008545097215769,20
2021-08,node_2931323,B.1.617.2,3.323481157,39,31,124.956,19894993,118,35,1.2010127748580322,B.1.617.2,node_2931055,3.3858092972000002,B.1.617.2,node_3134356,3.3943377179000005,0.9791250703999371,10
2021-05,node_2544166,AY.75,3.272765969,33,26,140.826,19347136,83,419,1.1856354894489494,B.1.617.2,node_2474376,3.1422683313,AY.75,node_2544164,3.2750207368,0.9993115256417572,10
2021-10,node_2705142,AY.44,3.287955113,45,37,133.259,13064658,94,24,1.190265825336757,AY.44,node_2705141,3.287955113,AY.103,node_2774286,3.3943106244,0.968666535515205,26
2021-10,node_2509293,AY.9.2,3.599671586,39,29,133.259,13064658,94,6,1.2808426151895984,AY.9.2,node_2502735,3.1396948611999997,AY.9.2,node_2509292,3.6102819006999995,0.9970610841502592,12
2021-11,node_3284823,AY.46.6,3.3955033925,51,37,141.142,15702891,107,5,1.2224520246876878,AY.43,node_2984754,3.4596527242,AY.46.6,node_3284822,3.3954741427000004,0.981457869672502,24
2021-10,node_3253680,AY.39,3.0993297213999997,39,30,133.259,13064658,94,12,1.1311858692091976,AY.39,node_3253350,3.3949895097000002,AY.39,node_3253679,2.9611889256,0.9129129007747283,12
2021-09,node_2839014,AY.20,3.3940314638,36,27,128.393,16061455,117,22,1.2220184371874498,AY.20,node_2838194,3.3941417355000003,AY.100,node_3027472,3.3967591733000004,0.9991969670615918,16
2021-11,node_2682194,AY.44,3.3943088299000004,37,28,141.142,15702891,107,5,1.222100155571666,AY.44,node_2700215,3.2660212506999997,AY.25,node_2879472,3.3971336190000003,0.9991684786597145,23
2021-11,node_3197892,B.1.617.2,3.1293929911,45,36,141.142,15702891,107,8,1.1408390531888015,B.1.617.2,node_3197879,3.2576911879,AY.44,node_2693813,3.2660389222,0.9581615729772273,21
2021-10,node_3423121,AY.4,3.1071511742,37,27,133.259,13064658,94,6,1.1337062852298203,AY.4,node_3452208,3.1058292636,AY.4,node_3423119,3.3996277233000005,0.9139680656515841,22
2021-11,node_3334598,AY.4,3.3986029312,36,30,141.142,15702891,107,5,1.2233644445902792,AY.4,node_3439081,3.4005117489000005,AY.4,node_3334597,3.3986029312,0.9994386675180235,12
2021-09,node_2955780,AY.43,3.4598544406,38,34,128.393,16061455,117,15,1.2412265189939482,AY.43,node_2995545,3.4895329694,AY.43,node_2955552,3.4600922832000003,0.9914949854148812,11
2021-11,node_3112436,AY.33.2,3.7822483737,44,36,141.142,15702891,107,6,1.3303186406605614,AY.98,node_2753173,3.3943656920000005,AY.33.2,node_3112435,3.7822483737,1.0,20
2021-11,node_3077424,B.1.617.2,3.2867755159000005,49,35,141.142,15702891,107,8,1.1899069978260233,AY.85,node_2726220,3.2942614686000002,B.1.617.2,node_3077410,3.3943397068000003,0.9683107171964808,17
2021-11,node_2974185,AY.43,3.459569504,36,31,141.142,15702891,107,6,1.2411441605194733,AY.43,node_2974184,3.459569504,AY.43,node_2954739,3.459569504,1.0,10
2021-10,node_3125836,B.1.617.2,2.9599266285,34,26,133.259,13064658,94,12,1.0851644803598306,AY.44,node_2715216,2.831528543,B.1.617.2,node_3072679,3.3943941816,0.8720043902222319,16
2021-09,node_2966151,AY.43,3.4606485654999997,41,37,128.393,16061455,117,14,1.2414560181800003,AY.4,node_3431142,3.3988105118,AY.43,node_2966140,3.4604409849,1.0000599867476156,15
2021-08,node_3272772,B.1.617.2,3.661981637,39,32,124.956,19894993,118,39,1.2980044317667807,AY.65,node_2545225,3.281634623,B.1.617.2,node_3194451,3.3931060362000003,1.0792417324809331,33
2021-10,node_2604405,AY.122,3.3355018159,35,29,133.259,13064658,94,14,1.2046231375834142,AY.79,node_2724837,3.3934621548000004,AY.122,node_2604391,3.3452184937,0.9829199984393471,14
2021-11,node_2635350,AY.122,3.4040374625000003,38,30,141.142,15702891,107,6,1.224962216085351,AY.122,node_2635344,3.3462683492,AY.43,node_2993898,3.459569504,0.9839482798551112,14
2021-08,node_3116654,AY.33,3.3949329237000003,40,33,124.956,19894993,118,142,1.2222840034369822,B.1.617.2,node_3056161,3.3943397068000003,AY.33,node_3116616,3.3949329237000003,1.0,15
2021-08,node_2544171,AY.75,3.2684283533999996,37,27,124.956,19894993,118,39,1.1843092434999662,AY.103,node_2779665,3.3900020912,AY.75,node_2544166,3.272765969,0.9641375625945513,28
2021-11,node_2711867,AY.44,3.2749601837999998,46,36,141.142,15702891,107,6,1.1863057113949902,AY.44,node_2667341,3.2744737031,AY.44,node_2711866,3.2682613759,1.0001485676002038,16
2021-11,node_3369756,AY.4,3.4630782033,39,33,141.142,15702891,107,6,1.242157847694902,AY.43,node_2943069,3.459569504,AY.4,node_3369731,3.3983714471,1.0010142011299217,11
2021-09,node_2642590,AY.122,3.3505504957,39,31,128.393,16061455,117,8,1.2091246594113871,AY.4,node_3291249,3.4053587141,AY.122,node_2633052,3.3510245285,0.98390530249484,14
2021-10,node_3073663,AY.117,3.1110864915999996,37,31,133.259,13064658,94,10,1.1349720193933874,AY.117,node_3073661,3.4072398350000004,B.1.617.2,node_3124313,2.9596257764000002,0.9130811572587755,10
2021-10,node_3496897,AY.5.4,3.3928743716000005,33,30,133.259,13064658,94,8,1.2216774593577076,AY.5.4,node_3496896,3.3928743716000005,AY.5,node_3493278,3.3930091688000004,0.999960272079062,7
2021-10,node_3030292,AY.100,3.2694426952,45,35,133.259,13064658,94,11,1.1846195407819404,AY.100,node_3030280,3.3977126029,AY.44,node_2667668,3.2660697991,0.9622481584844699,15
2021-08,node_3307635,AY.4,3.3986048952,37,30,124.956,19894993,118,56,1.223365022474625,AY.120,node_3509580,3.3931680837000004,AY.4,node_3307483,3.3986029312,1.0000005778845131,10
2021-09,node_2563323,B.1.617.2,3.1518462776000002,38,28,128.393,16061455,117,18,1.1479884010093933,AY.119,node_3173975,3.3933189866,B.1.617.2,node_2553757,3.1483378156,0.9288387829279946,44
2021-11,node_2736611,B.1.617.2,3.2860702157,37,26,141.142,15702891,107,5,1.1896923875243341,B.1.617.2,node_3272730,3.3965944746000005,AY.26,node_2518504,3.296164799,0.9674602724209471,26
2021-10,node_2637883,AY.122,3.3464189065,39,32,133.259,13064658,94,5,1.2078907909326646,AY.122,node_2611889,3.6065617034,AY.122,node_2582421,3.3462872713,0.9278695837493209,21
2021-10,node_2590435,AY.122,3.3462727711999998,51,40,133.259,13064658,94,5,1.2078471208199324,AY.36,node_2833063,3.4071166469000005,AY.122,node_2590434,3.3462727711999998,0.9821421213284963,32
2021-09,node_2841089,AY.20,3.7222751161000005,40,32,128.393,16061455,117,28,1.3143350716893587,AY.112,node_3121379,3.3935772602000003,AY.20,node_2841066,3.4463586672000006,1.0800602826182826,14
2021-09,node_3122892,AY.112,3.5010003454,40,30,128.393,16061455,117,5,1.2530487406300501,B.1.617.2,node_3520849,3.3745224008000005,AY.112,node_3122891,3.524779645,0.9932536776777715,17
2021-10,node_3416677,AY.4,3.3986143038000005,46,33,133.259,13064658,94,12,1.2233677908420193,AY.4,node_3416676,3.3986029312,AY.4,node_3315077,3.3986143038000005,1.0,15
2021-10,node_3459404,AY.4,3.3973888828000005,42,34,133.259,13064658,94,5,1.2230071609306923,AY.4,node_3459401,3.4003783867,AY.83,node_2651671,3.4003511548000005,0.9991208319898478,25
2021-07,node_2474473,B.1.617.2,3.1422683313,33,24,123.092,15676958,111,112,1.1449449376191434,AY.3,node_3240725,3.3942346466,AY.26,node_2525898,3.2959572184,0.9257663828420364,31
2021-11,node_3506539,AY.120,3.401523291,44,36,141.142,15702891,107,5,1.2242233580527977,B.1.617.2,node_2728834,3.413596994,AY.120,node_3506538,3.4420594891,0.9882232720763932,18
2021-10,node_2784555,AY.103,2.9555345381,35,27,133.259,13064658,94,6,1.0836795272569766,AY.103,node_2784508,2.9551955803000003,AY.103,node_2781977,3.3900020912,0.8718385589708572,10
2021-10,node_3108717,AY.42,3.3831801781000004,37,30,133.259,13064658,94,6,1.2188161482384297,AY.42,node_3109959,3.3943397068000003,AY.42,node_3108716,3.3832056387000002,0.9967123123600022,8
2021-09,node_3121919,AY.112.2,3.3951444098,39,31,128.393,16061455,117,5,1.2223462961295926,AY.112.2,node_3122324,3.4650932942,AY.112.2,node_3121918,3.3951444098,0.9798132752970654,16
2021-09,node_3020086,AY.100,3.2585821642,38,28,128.393,16061455,117,6,1.1812921818168802,AY.101,node_3015136,2.9612142134,AY.100,node_3020069,3.3968963739,0.9592821815929579,17
2021-08,node_2802595,AY.103,3.3939956919000003,38,29,124.956,19894993,118,20,1.2220078974830029,B.1.617.2,node_2863857,3.3943397068000003,AY.103,node_2802586,3.3943079004000003,0.9998986504210787,8
2021-10,node_3433637,AY.4,3.3967047018000005,37,29,133.259,13064658,94,7,1.2228057562859687,AY.4,node_3426853,3.3985469937,AY.4,node_3433599,3.3967047018000005,0.9994579177797409,12
2021-09,node_2775031,AY.103,3.4026621956,42,34,128.393,16061455,117,7,1.224558123944433,AY.103,node_2775030,3.3918604945000004,AY.103,node_2779504,3.3900020912,1.0031845947430664,7
2021-07,node_2612942,AY.122,3.3394410825,39,31,123.092,15676958,111,29,1.2058034524167516,B.1.617.2,node_2737218,3.1656843933,AY.122,node_2612941,3.3394410825,1.0,13
2021-09,node_3464174,AY.4,3.3987718064000005,40,30,128.393,16061455,117,23,1.2234141329498456,AY.4,node_3464057,3.3987718064000005,AY.4,node_3463967,3.3987718064000005,1.0,9
2021-10,node_3474612,AY.4,3.3928437827000004,51,39,133.259,13064658,94,6,1.2216684436870577,AY.4.5,node_3327471,3.4032092431000005,AY.4,node_3474561,3.3928437827000004,0.9969542100824343,22
2021-08,node_2593913,AY.122,3.3365705935,37,29,124.956,19894993,118,33,1.2049435110876454,AY.122,node_2584480,3.3362316357,AY.122,node_2593896,3.3462858191,0.9970967137521406,9
2021-07,node_2954861,AY.43,3.4314173565,33,27,123.092,15676958,111,35,1.232973399293931,B.1.1.7_dropout,node_249227,1.9719422622999998,AY.43,node_2954785,3.4598783723,0.9917739837250175,51
2021-08,node_3502328,B.1.617.2,3.4480855765,40,30,124.956,19894993,118,23,1.2378191716639897,B.1.617.2,node_3502327,3.4480855765,AY.4,node_3315258,3.3986029312,1.0,15
2021-07,node_3010182,AY.106,3.3943169397000004,36,27,123.092,15676958,111,16,1.2221025448033824,AY.106,node_3010259,3.3943484142000004,AY.106,node_3009511,3.3943169397000004,0.9999907273808816,10
2021-08,node_2862187,B.1.617.2,3.3630429863000004,47,34,124.956,19894993,118,20,1.2128462148054935,AY.122,node_2592109,3.3439707593,B.1.617.2,node_2862186,3.3630429863000004,1.0,27
2021-10,node_2859062,AY.127,3.4485746099,44,35,133.259,13064658,94,5,1.2379609891198604,AY.127,node_2859054,3.4477490949000003,B.1.617.2,node_2734279,3.3944867805000003,1.0002394359268256,20
2021-07,node_3125831,B.1.617.2,2.9598749056000004,30,24,123.092,15676958,111,24,1.0851470058213,AY.44,node_2715216,2.831528543,B.1.617.2,node_3072419,3.3943424587,0.8720024398285385,12
2021-10,node_2956015,AY.43,3.0262326186,33,28,133.259,13064658,94,7,1.107318485709647,AY.43,node_2956014,3.0251019509,AY.43.3,node_2983689,3.4607001717,0.8744567481884521,9
2021-09,node_2641195,AY.122,3.3478937168,36,32,128.393,16061455,117,22,1.2083314068425721,AY.122,node_2641170,3.3381770389999996,AY.122,node_2642896,3.3481324505,0.999928696458838,13
2021-09,node_3480959,AY.4,3.3989028299000004,34,30,128.393,16061455,117,10,1.2234526824559713,AY.4,node_3480950,3.3989028299000004,AY.43,node_2956177,3.0955023742,1.0,14
2021-07,node_2960453,AY.43,3.459569504,37,30,123.092,15676958,111,17,1.2411441605194733,AY.44,node_2673330,3.2660697991,AY.43,node_2940123,3.459569504,1.0,15
2021-09,node_3126651,B.1.617.2,3.3896772445,40,31,128.393,16061455,117,5,1.2207347087476845,AY.3,node_3210475,3.3942366833000004,B.1.617.2,node_3126648,3.3949674152000004,0.9984417609794087,22
2021-10,node_3124235,B.1.617.2,2.9604759102000004,34,27,133.259,13064658,94,5,1.0853500358851471,B.1.617.2,node_3124228,2.9607303849000006,AY.25,node_2873957,3.3949434633,0.872025099152113,13
2021-09,node_2593914,AY.122,3.3352400555,40,30,128.393,16061455,117,16,1.2045446574367737,AY.5,node_3499450,3.3930091688000004,AY.122,node_2593896,3.3462858191,0.9829740768662787,13
2021-08,node_2611934,AY.122,3.6065617034,50,39,124.956,19894993,118,15,1.2827548817574217,AY.111,node_3006139,3.3941467179,AY.122,node_2611718,3.6065617034,1.0,29
2021-09,node_3272777,B.1.617.2,3.5254600742000006,35,29,128.393,16061455,117,12,1.26001094525111,AY.73,node_2531800,3.2750207368,B.1.617.2,node_3272767,3.5270921123000005,0.9995372850926381,22
2021-07,node_2902667,AY.25,3.2557515035,35,27,123.092,15676958,111,37,1.1804231256639257,AY.25,node_2903244,2.9595244571000006,AY.25,node_2902661,3.3940657132000003,0.959248222813696,8
2021-09,node_3324578,AY.4.5,3.1531535431999997,46,36,128.393,16061455,117,7,1.1484030768716889,AY.4.5,node_3327628,3.4032092431000005,AY.4.5,node_3324550,3.1531535431999997,0.9265235599582987,15
2021-09,node_2650271,AY.122,3.3464345226999996,47,36,128.393,16061455,117,14,1.2078954574624683,AY.111,node_3006139,3.3941467179,AY.122,node_2650264,3.3464345226999996,0.9859428011911281,27
2021-09,node_2676766,AY.44,3.2658972614999997,42,32,128.393,16061455,117,15,1.1835345370724755,AY.75,node_2541634,3.2750207368,AY.44,node_2676763,3.2640520822999997,0.9972142236543775,34
2021-08,node_3127715,B.1.617.2,3.3943397068000003,35,28,124.956,19894993,118,6,1.2221092521981396,AY.122,node_2578783,3.3373407014,AY.126,node_3059465,3.4010954897000003,0.9980136450386473,19
2021-09,node_2654424,AY.7.1,3.3888459312,48,36,128.393,16061455,117,6,1.2204894301574607,AY.4.5,node_3327897,3.5332489098,AY.7.1,node_2654367,3.3888459312,0.9591302559523965,31
2021-08,node_3158522,B.1.617.2,3.4147837179000002,43,31,124.956,19894993,118,21,1.2281141580449546,B.1.617.2,node_3501903,3.4151681254,B.1.617.2,node_3158521,3.3943701070000003,0.9998874411197678,26
2021-07,node_3483152,AY.4,3.3948627478000004,35,29,123.092,15676958,111,54,1.2222633324467498,AY.46.6,node_3280369,3.0980820764,AY.43,node_2951710,3.459569504,0.9812962982460145,11
2021-05,node_2479102,AY.47,3.4993981668000007,33,29,140.826,19347136,83,81,1.252591001367012,AY.47,node_2479101,3.4979938263000006,B.1.617.2,node_3272857,3.1668915371,1.000401470262595,13
2021-09,node_2668791,AY.44,3.2663361864,40,33,128.393,16061455,117,10,1.1836689244620755,AY.25.1,node_2911928,3.3952178130000004,AY.44,node_2683396,3.2665793031,0.9620402478726037,14
2021-09,node_3168000,AY.119,2.9613960119,32,26,128.393,16061455,117,8,1.0856607827974434,B.1.617.2,node_3125216,2.9603127678000005,AY.119,node_3167324,3.3958635650000004,0.8720597736676148,8
2021-09,node_2862190,B.1.617.2,3.3607127913,48,39,128.393,16061455,117,10,1.2121530917444052,B.1.617.2,node_2860249,3.3630429863000004,B.1.617.2,node_2862189,3.3630429863000004,0.9993071170932121,15
2021-09,node_3327924,AY.4.5,3.3947181447000006,51,43,128.393,16061455,117,5,1.2222207368573281,AY.113,node_3097932,3.3947181447000006,AY.4.5,node_3327923,3.3947181447000006,1.0,14
2021-03,node_3111729,B.1.617.2,3.0412106823,22,19,142.272,14772312,116,28,1.112255686893925,B.1.617.2,node_3272874,3.0631846056,B.1.617.2,node_2576321,3.0384163129,0.9928264449815306,10
2021-08,node_2966914,AY.43,3.4586497105,38,32,124.956,19894993,118,28,1.2408782558185956,AY.43,node_2966869,3.4595475328000003,AY.43,node_2945414,3.459569504,0.9997341306486438,9
2021-05,node_3103733,AY.42,3.1769838387,34,28,140.826,19347136,83,12,1.155932268305602,AY.42,node_3103729,3.1019315972,AY.42,node_3103259,3.4694758680000004,0.9156956150069407,9
2021-09,node_3015089,AY.101,3.0443596225,44,31,128.393,16061455,117,13,1.1132905744470463,B.1.617.2,node_3271863,3.0452897224,AY.101,node_3014983,3.3934096069,0.8971388588957082,16
2021-08,node_3428574,AY.4,3.3941615188,37,31,124.956,19894993,118,24,1.2220567551905912,AY.7,node_2652526,3.3888459312,AY.4,node_3428479,3.398460849,0.9987349184260088,11
2021-08,node_2681569,AY.44,3.2669354007,39,32,124.956,19894993,118,8,1.1838523591452024,AY.100,node_3031679,3.3977126029,AY.44,node_2681564,3.2660697991,0.9615102224689693,14
2021-06,node_3272686,B.1.617.2,3.515443290400001,33,27,131.78,11472596,94,37,1.2571656312227442,AY.9,node_2513719,3.2852463542,B.1.617.2,node_3272684,3.5063637079000007,1.0025894582697008,11
2021-08,node_2784538,AY.103,2.9555345381,34,25,124.956,19894993,118,8,1.0836795272569766,AY.103,node_2784508,2.9551955803000003,AY.103,node_2780474,3.3900020912,0.8718385589708572,8
2021-07,node_2750812,AY.98.1,3.3021656859,35,28,123.092,15676958,111,5,1.194578521677007,B.1.617.2,node_2576515,3.3010413731,AY.98.1,node_2750811,3.298756725,1.000340593368251,8
2021-08,node_3125288,B.1.617.2,2.3835852496000003,27,19,124.956,19894993,118,5,0.8686057615849141,B.1.617.2,node_3125287,2.3835852496000003,AY.103,node_2800828,2.7284074027000003,0.8736177915516693,10
2021-09,node_3519520,B.1.617.2,2.7765883814,21,20,128.393,16061455,117,5,1.0212229731395945,B.1.617.2,node_2736998,2.7798093817000007,AY.25.1,node_2923766,2.5185089131,0.9988412873482602,14
2021-08,node_3428458,AY.4,3.3973327070000003,41,31,124.956,19894993,118,23,1.2229906258013983,AY.4,node_3321958,3.3973327070000003,AY.4,node_3428457,3.3985091561,0.9996538337706439,14
2021-09,node_2723896,AY.44,3.3943553533000004,41,33,128.393,16061455,117,7,1.2221138617732823,AY.44,node_2678529,3.2621369685999997,AY.25.1,node_2907178,3.3953554938000003,0.9997054386494062,17
2021-08,node_2491173,AY.24,3.2700887992,34,27,124.956,19894993,118,47,1.1848171402591066,B.1.617.2,node_2656102,3.3950906609000002,AY.24,node_2491170,3.272343567,0.9631815835908005,28
2021-09,node_3327599,AY.4.5,3.4189674819,49,40,128.393,16061455,117,7,1.229338599614567,AY.4.5,node_3327598,3.4032092431000005,AY.4.5,node_3325175,3.4189674819,1.0,15
2021-09,node_2591872,AY.122,3.3467159184999997,41,32,128.393,16061455,117,5,1.207979542170451,AY.44,node_2670071,3.26619963,AY.122,node_2591858,3.3465860876,1.0000387950277092,13
2021-08,node_3269713,AY.39,2.9982975007000006,33,27,124.956,19894993,118,8,1.0980446278125024,AY.39,node_3269710,3.2945245471,AY.39,node_3269700,3.1364382964999997,0.9100850389289851,6
2021-09,node_3174822,AY.119,3.3939514169000002,37,32,128.393,16061455,117,5,1.221994852301804,AY.119,node_3174778,3.3943859731000003,AY.3.1,node_3214711,3.3938830055,0.9998719779649563,10
2021-07,node_3139934,AY.125,3.3946603573000003,43,34,123.092,15676958,111,13,1.222203713973721,AY.122,node_2592109,3.3439707593,AY.125,node_3139933,3.3946603573000003,1.0,21
2021-08,node_3510710,AY.120.1,2.9589558669000002,37,27,124.956,19894993,118,8,1.0848364584369565,AY.44,node_2714986,2.6565372592000003,AY.120.1,node_3510881,3.3934971230000004,0.8719488361564172,17
2021-09,node_2724313,AY.44,3.1835446297,38,29,128.393,16061455,117,7,1.1579952394437414,AY.103,node_2768662,3.3943079004000003,AY.44,node_2686723,3.0553065284,0.9379068496776138,16
2021-08,node_2596717,AY.122,3.3462872713,33,28,124.956,19894993,118,20,1.207851454019757,AY.122,node_2595860,3.3365705935,AY.122,node_2642908,3.3462872713,1.0,7
2021-08,node_3203627,AY.3,3.3964088127000003,39,29,124.956,19894993,118,16,1.2227186418576417,AY.3,node_3204274,3.3964088127000003,AY.3,node_3203622,3.3964088127000003,1.0,7
2021-07,node_3521866,B.1,2.6903363226000003,21,16,123.092,15676958,111,9,0.9896662127873729,AY.9,node_2501354,3.2784296977,B.1,node_3521865,2.324358716,0.8206173597339667,13
2021-08,node_3085877,B.1.617.2,3.3446403959,40,31,124.956,19894993,118,10,1.2073591828384882,B.1.617.2,node_3085867,3.3928386934000003,AY.122,node_2584388,3.3446030597,0.9857941087521316,10
2021-09,node_3124708,B.1.617.2,2.614864153,33,23,128.393,16061455,117,6,0.9612121470279036,B.1.617.2,node_3124694,2.6145251952,AY.3,node_3206757,3.3964088127000003,0.7698908750979522,14
2021-08,node_2617766,AY.122,3.3365758688,40,32,124.956,19894993,118,5,1.2049450921409102,AY.122,node_2608888,3.3365705935,AY.122,node_2613786,3.3393534999,0.9991682129190326,16
2021-09,node_3327997,AY.4.5,3.3462872713,47,38,128.393,16061455,117,5,1.207851454019757,AY.4.5,node_3327934,3.3462872713,AY.122,node_2634915,3.3462872713,1.0,15
2021-09,node_2671813,AY.44,3.2549950895,40,31,128.393,16061455,117,5,1.180190767057244,AY.44,node_2715573,3.2657308413,AY.44,node_2715286,2.8205275364,0.9967126036033863,12
2021-09,node_3327686,AY.4.5,3.3943091228,41,34,128.393,16061455,117,5,1.222100241863162,AY.46.6,node_3281251,3.4019480681000003,AY.4.5,node_3327648,3.3986029312,0.9977545379449997,19
2021-06,node_2575450,B.1.617.2,3.3470200762,32,24,131.78,11472596,94,10,1.208070420478305,B.1.617.2,node_2575635,2.9718192868000006,B.1.617.2,node_2575459,3.2583683438999995,1.027207400435855,15
2021-08,node_2548580,B.1.617.2,3.1656837677,33,23,124.956,19894993,118,5,1.1523690726103355,AY.113,node_3098380,3.3947134563000003,B.1.617.2,node_2548579,3.1639321361999997,0.9325334254132817,22
2021-08,node_3085579,B.1.617.2,3.3987039306000004,38,31,124.956,19894993,118,9,1.223394162065762,B.1.617.2,node_3085578,3.3947385074000005,AY.3,node_3244374,3.3926065082000005,1.001168108586672,13
2021-06,node_2931335,B.1.617.2,3.2886595131000003,36,30,131.78,11472596,94,12,1.190480038923151,B.1.617.2,node_2931051,3.2878087518,AY.129,node_3514605,3.3951904681000005,0.968622981243342,8
2021-07,node_3107150,AY.42,3.3944336069000003,39,32,123.092,15676958,111,18,1.2221369155463373,AY.42,node_3107149,3.3944336069000003,AY.42,node_3102315,3.3944081463000004,1.0,8
2021-05,node_2736963,B.1.617.2,3.0317057068,22,19,140.826,19347136,83,9,1.10912540066821,B.1.617.2,node_2474345,3.0398619296,AY.47,node_2479106,3.5041336278000004,0.8651798215536076,17
2021-09,node_2690132,AY.44,2.8314413826000004,42,29,128.393,16061455,117,7,1.040785904467978,AY.44,node_2711391,2.8311587083000003,AY.44,node_2690130,3.2659826386999997,0.8669493061748286,11
2021-09,node_2683068,AY.44,3.2660697991,39,30,128.393,16061455,117,5,1.183587365752853,AY.44,node_2681567,3.2660697991,AY.44,node_2683065,3.2660389222,1.0,7
2021-09,node_2615743,AY.122,3.3395011797,45,33,128.393,16061455,117,8,1.2058214484399667,AY.4,node_3483152,3.3948627478000004,AY.122,node_2615642,3.3395011797,0.9836925459988399,15
2021-10,node_2775663,AY.103,3.3942455595000003,43,35,133.259,13064658,94,5,1.2220815152555182,AY.103,node_2758988,3.3939738225000005,AY.103,node_2775653,3.3943079004000003,0.9999816336932803,12
2021-08,node_2709714,AY.44,2.8337507587,39,31,124.956,19894993,118,6,1.0416011905766633,AY.44,node_2689987,2.8317034755000003,AY.44,node_2710628,3.2660389222,0.8676414538229658,11
2021-05,node_2576047,B.1.617.2,2.5580883253,12,12,140.826,19347136,83,11,0.9392602316066669,B.1.617.2,node_2575234,3.162482982,B.1.617.2,node_2576046,2.5927468344,0.8088860366553586,11
2021-08,node_3280369,AY.46.6,3.0980820764,37,29,124.956,19894993,118,8,1.130783234994283,AY.4,node_3483153,3.0986357013999997,AY.46.6,node_3280368,3.3943091228,0.9127283238847617,8
2021-07,node_2615176,AY.122,3.3971177684000002,38,29,123.092,15676958,111,7,1.2229273569319439,AY.122,node_2614756,3.3393486551,B.1.617.2,node_3271294,3.3971173379,1.00000012672509,9
2021-09,node_3235773,AY.3,3.4039261691,38,31,128.393,16061455,117,7,1.224929521022324,AY.122,node_2643981,3.3462603576,AY.3,node_3235755,3.3942094913000003,1.0028627218870565,15
2021-02,node_211209,C.36.3,2.0668072076,25,22,142.19,11253786,96,46,0.7260050047482104,C.17,node_210267,1.9743632251999998,C.36.3,node_211207,2.0647405536,1.0010009267248599,10
2021-07,node_3272700,B.1.617.2,3.5099618890000004,32,27,123.092,15676958,111,9,1.25560517958407,AY.9.2,node_2505834,3.5127388945000004,AY.47,node_2479106,3.5041336278000004,0.999209447219562,14
2021-08,node_3272743,B.1.617.2,3.2823965040000003,33,28,124.956,19894993,118,6,1.1885737970709362,B.1.617.2,node_3272599,3.2809188661000004,AY.25,node_2902127,3.3940657132000003,0.9670986897025291,11
2021-09,node_2954731,AY.43,3.2080320771,34,32,128.393,16061455,117,6,1.1656576890502874,AY.43,node_2998595,3.2080320771,AY.43,node_2954652,3.459569504,0.9272922753512629,9
2021-06,node_2576430,B.1.617.2,3.1573551199,23,23,131.78,11472596,94,5,1.1497346897558987,B.1.617.2,node_2575581,3.1591221207999998,B.1.617.2,node_2576313,2.9998284590999997,0.9994406671118012,7
2021-08,node_2584551,AY.122,3.4040563846,37,28,124.956,19894993,118,18,1.224967774792509,AY.122,node_2584550,3.3462872713,AY.43,node_2969388,3.459569504,0.983953749350659,19
2021-08,node_3272622,B.1.617.2,3.5461719022000002,37,30,124.956,19894993,118,10,1.2658686842547846,AY.26,node_2520491,3.2959572184,AY.3,node_3242195,3.3942346466,1.044763332951125,30
2021-07,node_2678882,AY.44,3.1268691915,37,29,123.092,15676958,111,11,1.1400322456531704,AY.44,node_2678938,3.1270038944,AY.44,node_2678881,3.265736895,0.9574773755618179,8
2021-08,node_3056334,B.1.617.2,3.3924398113,39,31,124.956,19894993,118,5,1.2215493708745861,AY.107,node_3130355,3.3943937701,AY.129,node_3516010,3.3952853281000004,0.9991619211568317,10
2021-08,node_2474771,AY.47,3.2717623895999997,34,28,124.956,19894993,118,10,1.185328796788187,AY.47,node_2481735,3.2758869315,AY.7.2,node_2653260,3.393695322,0.9640707485997471,41
2021-09,node_2549787,AY.13,3.0152725879,35,25,128.393,16061455,117,5,1.1036902366727899,B.1,node_2471112,3.1940506282000007,AY.13,node_2549786,3.1488881129,0.9440278000850755,29
2021-08,node_2995127,AY.43,3.3960095799000003,40,33,124.956,19894993,118,6,1.2226010893815178,AY.4,node_3483167,3.3948627478000004,AY.43,node_2995123,3.3960095799000003,1.0,8
2021-06,node_2727561,AY.85,3.3944548104,41,32,131.78,11472596,94,27,1.2221431620770495,B.1.617.2,node_2727935,3.3972788334,AY.85,node_2726403,3.3956968546,0.9991687397065452,10
2021-05,node_2648476,AY.122,3.4768489765,39,31,140.826,19347136,83,8,1.2461264170809594,B.1.617.2,node_2474603,3.2758664735000003,AY.122,node_2650495,3.3455714958,1.039239179573596,33
2021-07,node_3235360,AY.3,3.4959975002000006,35,30,123.092,15676958,111,10,1.251618742747267,AY.3,node_3235359,3.4941410786000002,B.1.617.2,node_3272884,3.1583919127,1.000531295548245,13
2021-07,node_3269970,AY.39,3.3935563709000003,35,30,123.092,15676958,111,10,1.2218784484573308,B.1.617.2,node_3072008,3.0467589634000003,AY.103,node_2766313,3.3943079004000003,0.999778591240968,10
2021-05,node_2849066,B.1.617.2,3.4014479493000005,38,31,140.826,19347136,83,66,1.224201208407491,B.1.617.2,node_3521315,3.1584097507,B.1.617.2,node_2849065,3.4014479493000005,1.0,19
2021-05,node_2576632,B.1.617.2,3.2999751272,33,27,140.826,19347136,83,12,1.1939149312319084,AY.69,node_2492028,3.2791008572,B.1.617.2,node_2576513,3.2976324122,1.0007104233301847,16
2021-07,node_2642006,AY.122,3.3462872713,49,38,123.092,15676958,111,9,1.207851454019757,AY.122,node_2642025,3.3462872713,AY.122,node_2642003,3.345208994,1.0,12
2021-08,node_2592848,AY.122,3.3468293775999998,36,30,124.956,19894993,118,8,1.2080134432183984,AY.122,node_2592789,3.3468293775999998,AY.122,node_2642908,3.3462872713,1.0,9
2021-08,node_3069589,AY.126,3.6455739158,35,27,124.956,19894993,118,28,1.2935138059605913,AY.126,node_3057202,3.4017477640000005,AY.126,node_3069587,3.4010954897000003,1.0716767287628912,11
2021-08,node_3245691,AY.3,3.3975715888000004,44,35,124.956,19894993,118,7,1.2230609378439818,AY.25.1,node_2907308,3.3946029844000005,AY.3,node_3245629,3.397751937,0.9999469213164046,15
2021-06,node_3468968,AY.4,3.3986029312,35,28,131.78,11472596,94,80,1.2233644445902792,AY.4,node_3454213,3.3986029312,AY.4,node_3308082,3.3986029312,1.0,9
2021-09,node_2599485,AY.122,3.3958322830000003,42,29,128.393,16061455,117,8,1.22254888059821,AY.122,node_2599484,3.3365169300999997,AY.121,node_3187759,3.4004711307,0.9986358220606198,12
2021-08,node_2548800,B.1.617.2,3.1511372577,36,31,124.956,19894993,118,7,1.1477634218708566,AY.39,node_3269495,3.3938469631000006,B.1.617.2,node_2565929,3.1672805495,0.9284853713090512,37
2021-07,node_3273021,B.1.617.2,3.3916465485000002,39,29,123.092,15676958,111,33,1.221315510996765,AY.16,node_2551168,3.1489307606000003,AY.46,node_3275534,3.3943842954000005,0.9991934481597412,28
2021-07,node_2638708,AY.122,3.3470747551,35,34,123.092,15676958,111,26,1.2080867569364457,AY.122,node_2638699,3.3470747551,AY.122,node_2592848,3.3468293775999998,1.0,16
2021-07,node_2549753,AY.13,3.0145993115,32,21,123.092,15676958,111,11,1.1034669230057566,AY.13,node_2549890,3.0145993115,AY.13,node_2549737,3.1482148365000002,0.9575583205279136,7
2021-08,node_2557343,AY.54,2.7207516662,29,21,124.956,19894993,118,5,1.0009081899985144,AY.54,node_2557311,2.7184459681,AY.54,node_2556181,3.1505205346,0.8635879805638007,11
2021-08,node_2634712,AY.122,3.4030011681,40,32,124.956,19894993,118,10,1.2246577387746604,AY.122,node_2634710,3.3453372992999997,B.1.617.2,node_3111914,3.3942344623000005,1.0025828226945934,15
2021-07,node_2861318,AY.41,3.3631996109,37,33,123.092,15676958,111,6,1.212892786007101,AY.41,node_2860270,3.3633215454000003,B.1.617.2,node_2863477,3.3627253845,0.9999637458095059,8
2021-07,node_2518131,AY.26,3.3066877482,36,30,123.092,15676958,111,15,1.1959470080720582,AY.26,node_2518130,3.2959572184,AY.25,node_2898493,3.3942318906000004,0.9742079665675036,30
2021-07,node_3302899,AY.4.7,3.3953628477000004,38,32,123.092,15676958,111,25,1.2224106323836579,AY.5,node_3497966,3.3934404036000005,AY.4.7,node_3302895,3.3959806688,0.9998180728454447,13
2021-07,node_2954805,AY.43,3.4632109804,33,28,123.092,15676958,111,17,1.242196187734278,AY.43,node_2954776,3.4598783723,B.1.1.7,node_264228,2.0490754038000003,1.000963215391235,56
2021-08,node_2479513,AY.47,3.1397926749000002,35,24,124.956,19894993,118,8,1.1441567706383662,B.1.617.2,node_2575094,3.1539993190000004,AY.47,node_2482061,3.2758867878999998,0.9584557947781699,14
2021-07,node_2744765,AY.98.1,3.3943952420000003,39,31,123.092,15676958,111,11,1.2221256131845148,AY.98.1,node_2744705,3.3943952420000003,AY.98.1,node_2748089,3.3954640196000003,0.999685233713616,8
2021-06,node_3271739,B.1.617.2,2.7347918083000002,33,27,131.78,11472596,94,7,1.0060553116968656,AY.44,node_2724063,3.0817654673,B.1.617.2,node_3271738,2.9131034280000003,0.8874107511808838,25
2021-07,node_3206611,AY.3,3.3986635805000005,42,27,123.092,15676958,111,10,1.2233822897931699,AY.64,node_2545602,3.2731375672,AY.3,node_3206586,3.3964088127000003,1.0006638681985423,41
2021-07,node_3514803,AY.129,3.3952405154000003,31,29,123.092,15676958,111,6,1.2223746025072324,AY.129,node_3512797,3.3952405154000003,AY.129,node_3513193,2.9993480123000005,1.0,8
2021-07,node_3111703,B.1.617.2,3.3982209836000004,29,26,123.092,15676958,111,30,1.2232520545665888,AY.78,node_2867169,3.4021273564000003,B.1.617.2,node_3111700,3.4017162423000005,0.9988517852535264,12
2021-05,node_2575248,B.1.617.2,3.1295025028,24,21,140.826,19347136,83,5,1.1408740471266674,B.1.617.2,node_2474350,3.1734335742,AY.122.5,node_2645302,3.2663745191999998,0.9580966556053337,25
2021-08,node_2878844,AY.25,3.3776213635000003,41,31,124.956,19894993,118,6,1.2171717231452084,AY.25,node_2878843,3.3942273206,AY.3,node_3209902,3.3776882295000004,0.9951075884048142,18
2021-07,node_2486089,AY.68,3.2744085583,34,27,123.092,15676958,111,18,1.1861372598928603,AY.68,node_2486044,3.2744085583,B.1.617.2,node_2474638,2.3056612074,1.0,21
2021-08,node_3119647,B.1.617.2,3.3946920405,39,33,124.956,19894993,118,5,1.2222130471761072,AY.4,node_3330787,3.3989372025,B.1.617.2,node_3119638,3.3941914564,0.9987510325295572,14
2021-06,node_524829,B.1.1,1.2277926913,16,10,131.78,11472596,94,17,0.20521799731395207,B.1.1,node_524796,1.229173675,B.1.1,node_524815,1.2273657956,0.9988764942431752,11
2021-08,node_2559307,AY.14,2.7246749812,29,23,124.956,19894993,118,6,1.0023491480474946,AY.14,node_2559306,3.0144149351,AY.14,node_2559988,2.7248056942,0.903881860945468,8
2021-07,node_2954706,AY.43,3.459569504,39,30,123.092,15676958,111,6,1.2411441605194733,AY.43,node_2954705,3.459569504,AY.43,node_3004358,3.459569504,1.0,10
2021-08,node_3182032,AY.121,3.3993260556000005,41,34,124.956,19894993,118,6,1.2235771930329686,AY.126,node_3059944,3.4011421873000005,AY.121,node_3182031,3.4041299746000004,0.998588796833304,21
2021-05,node_3519148,B.1.617.2,3.3063692928000004,22,19,140.826,19347136,83,7,1.1958506969716787,B.1.617.2,node_2736431,3.3981436155000004,B.1.617.2,node_3519147,3.3063783791000003,0.9729928063424428,9
2021-07,node_2553971,AY.8,3.1484534713000003,31,25,123.092,15676958,111,22,1.1469113707844227,AY.8,node_2553959,3.1484685010000004,B.1.617.2,node_2474354,3.1445230991,0.9999952263457629,14
2021-07,node_2775043,AY.103,3.3929669674,38,30,123.092,15676958,111,11,1.2217047502404086,AY.103,node_2775042,3.386204617,AY.48,node_2570382,3.1172065149,1.0019970294665745,30
2021-07,node_3498871,AY.5,3.3929927892000005,40,31,123.092,15676958,111,6,1.221712360600896,AY.5,node_3497966,3.3934404036000005,AY.42,node_3108302,3.3943487878000003,0.9996005128863381,14
2021-06,node_3519146,B.1.617.2,2.1253347876,17,14,131.78,11472596,94,16,0.7539293370730206,B.1,node_173535,1.2380562401,B.1.617.2,node_3519142,2.6535899187,0.8009281210418551,10
2021-08,node_2836134,AY.20,3.4033240121000006,41,33,124.956,19894993,118,5,1.2247526046506494,AY.20,node_2836119,3.4042039184000004,AY.25,node_2868141,3.3928775639000004,0.999741523621648,16
2021-08,node_2423065,P.1,2.3197652135999998,45,30,124.956,19894993,118,5,0.8414659795225655,P.1,node_2423064,2.3114952702,P.1.7,node_2440300,2.5824191873,0.898291503179771,15
2021-08,node_2990131,AY.43,3.3950913133000005,37,29,124.956,19894993,118,5,1.2223306570554378,AY.4,node_3305153,3.3980499138000004,AY.43,node_2989903,3.4598129306,0.9812933188590703,11
2021-07,node_2694655,AY.44,3.2660389222,41,32,123.092,15676958,111,5,1.183577911868566,AY.83,node_2651618,3.3945299561000004,AY.44,node_2687376,3.2660389222,0.9621476211547048,17
2021-08,node_2486093,AY.68,3.2739198607,36,29,124.956,19894993,118,8,1.1859880011600548,AY.68,node_2486402,3.2739198607,AY.68,node_2486089,3.2744085583,0.9998507524057249,8
2021-07,node_2954773,AY.43,3.4544093846,35,30,123.092,15676958,111,7,1.2396514974838402,AY.43,node_2954641,3.459569504,B.1.621.1,node_159932,2.7222118878,0.9985084504317563,60
2021-07,node_3521970,B.1,2.2861869764,37,28,123.092,15676958,111,19,0.8268853539788457,B.1,node_3521964,2.2752566156,B.1.1,node_524788,1.2278023723,1.0048040123145043,19
2020-06,node_178960,B.1.1.222,1.226767006,15,7,70.4285,4292072,11,29470,0.20438225853699088,B.1.1.222,node_178951,1.2254720502,B.1.1,node_226768,1.2267735128,0.9999946960054712,8
2021-06,node_3057204,AY.126,3.0797216847,32,26,131.78,11472596,94,7,1.124839230792192,AY.126,node_3057203,3.1091469963,AY.103,node_2765213,3.3940727327,0.9073823477701574,20
2021-06,node_3057111,AY.126,2.9646917515,29,24,131.78,11472596,94,10,1.0867730646506208,B.1,node_103448,1.2263369361,AY.126,node_3057110,3.3994112781000005,0.8721191726930512,34
2021-04,node_2532551,AY.38,3.272765969,31,26,138.146,22542204,108,15,1.1856354894489494,AY.122,node_2618137,3.3365705935,AY.38,node_2532550,3.2750207368,0.9808771843088535,22
2021-07,node_2777363,AY.103,3.3021747262,44,32,123.092,15676958,111,8,1.1945812593614498,B.1.617.2,node_2575037,3.1444524683,AY.103,node_2777362,3.2960237377999997,1.0018661844966281,34
2021-07,node_2669800,AY.44,3.2660697991,36,28,123.092,15676958,111,5,1.183587365752853,B.1.617.2,node_3072123,3.3943397068000003,AY.44,node_2669543,3.2660697991,0.9622106451387193,8
2021-06,node_2583110,AY.122,3.3365508406999997,34,29,131.78,11472596,94,9,1.2049375909795836,AY.122,node_2648652,3.3462675185,AY.6,node_3163905,3.3943397611000004,0.982974915751724,8
2021-06,node_2474724,AY.47,3.2648986240999998,34,29,131.78,11472596,94,7,1.1832287129661103,B.1.617.2,node_3520734,3.1352548273,AY.47,node_2474723,3.2755089388,0.9967607126409226,10
2021-06,node_2714656,AY.44,2.60782425,32,23,131.78,11472596,94,10,0.9585162529899982,AY.44,node_2714608,2.7806929271,AY.44,node_2680670,2.9545479545000006,0.882647460850343,8
2020-09,node_12372,XB,2.3142448102,28,22,89.5443,8498335,32,3588,0.8390834184218892,B.1,node_12365,2.096600543,B.1,node_12113,1.7822377911,1.1038081707679877,19
2021-04,node_3056611,AY.126,3.4036483985,35,28,138.146,22542204,108,15,1.2248479146888507,AY.126,node_3056610,3.4036421779,AY.13,node_2550109,3.1482148365000002,1.000001827630425,29
2021-07,node_2539927,AY.75,3.266315967,37,28,123.092,15676958,111,6,1.1836627342044206,AY.75,node_2539924,3.265630414,B.1.1.7,node_265530,2.0400637557000003,1.0002099297572258,56
2021-07,node_3519199,B.1.617.2,3.4075748814000004,26,22,123.092,15676958,111,8,1.226000859812978,B.1.617.2,node_3085957,3.3962817739000006,B.1.617.2,node_3519157,2.8767416655,1.0033251385638218,8
2021-06,node_2544276,AY.75,3.3971143911000006,32,24,131.78,11472596,94,7,1.2229263627651505,AY.75,node_2544275,3.3693037712000007,B.1.617.2,node_3520080,3.1700789512,1.0082541147336486,15
2021-06,node_3040766,B.1.617.2,3.3943397068000003,42,30,131.78,11472596,94,11,1.2221092521981396,B.1.617.2,node_3040765,3.3915453374,AY.100,node_3031356,2.9631713468000003,1.000823922171756,15
2021-06,node_2537604,AY.57,3.2752187701,32,25,131.78,11472596,94,9,1.1863846668867268,AY.57,node_2537582,3.2721169361,AY.57,node_2536280,3.2752187701,1.0,15
2021-07,node_2576473,B.1.617.2,3.3909388564000005,30,26,123.092,15676958,111,7,1.2211068318396825,AY.121,node_3183614,3.4049120143000002,B.1.617.2,node_2576472,3.3916611588000003,0.9958961765116646,15
2021-07,node_2544696,AY.65,3.3021480797,29,24,123.092,15676958,111,7,1.1945731899497074,AY.65,node_2544695,3.2793835577,B.1.617.2,node_2548562,3.2966845417,1.0016572826216434,7
2021-07,node_3085817,B.1.617.2,3.1742594672999997,27,23,123.092,15676958,111,7,1.1550743664946226,B.1.617.2,node_2864947,3.3967649891000002,B.1.617.2,node_3521231,3.1722437736,0.9344948730589233,17
2021-07,node_3519074,B.1.617.2,3.4011383710000005,34,28,123.092,15676958,111,7,1.2241101905840817,B.1.617.2,node_3132691,3.3979465046,B.1.617.2,node_3519073,3.3949848850000004,1.0009393515747464,7
2021-07,node_3519213,B.1.617.2,3.4036753985000003,29,23,123.092,15676958,111,7,1.2248558473216462,B.1.617.2,node_3078348,3.3943397068000003,B.1.617.2,node_3519155,3.4052510904000006,0.9995372758547989,14
2021-07,node_2575239,B.1.617.2,3.1559053277,25,21,123.092,15676958,111,7,1.1492754049734892,AY.47,node_2479109,3.5041336278000004,B.1,node_2471089,3.1603688274,0.9006235671672634,18
2021-02,node_2461215,P.1,2.1161154516,30,23,142.19,11253786,96,31,0.7495820737552792,P.1,node_2461214,2.1157764938,P.1,node_2452672,2.1226001877,0.9969449092968249,14
2021-07,node_2777365,AY.103,3.2831493033,44,33,123.092,15676958,111,6,1.1888031151886964,B.1.617.2,node_3272644,3.39345825,AY.103,node_2777364,3.3021747262,0.967493648492655,29
2021-07,node_2723463,AY.44,3.2878947031,39,29,123.092,15676958,111,7,1.190247452076512,AY.44,node_2713652,3.1595388441,AY.44,node_2723395,3.3943397068000003,0.9686404388203234,7
2021-07,node_2575184,B.1.617.2,3.1644157837000004,29,25,123.092,15676958,111,11,1.1519684520492646,B.1.617.2,node_2575169,3.1461792663000003,B.1.617.2,node_2565389,3.1453778115000004,1.005796401239859,11
2021-06,node_2724302,AY.44,3.2660697991,36,28,131.78,11472596,94,6,1.183587365752853,AY.4,node_3440486,3.3986029312,AY.44,node_2660702,3.2662003039,0.9610036433255223,11
2021-05,node_2930680,B.1.617.2,3.3629196968,27,24,140.826,19347136,83,5,1.2128095540311707,B.1.617.2,node_2576296,3.3006511511,B.1.617.2,node_3007843,3.4317112981,0.9799541408573363,13
2021-06,node_3004028,AY.43,3.3943091228,38,30,131.78,11472596,94,5,1.222100241863162,AY.43,node_3004025,3.459569504,AY.46.6,node_3277630,3.3943091228,0.9811362711098751,12
2021-06,node_2471081,B.1,2.6978806188,19,16,131.78,11472596,94,5,0.9924665087710091,B.1.617.2,node_2569583,3.1640077285,B.1,node_2471104,2.8300657213000004,0.8526782644993783,9
2021-06,node_2462040,P.1,2.1099613480999997,21,16,131.78,11472596,94,7,0.7466696288841714,B.1,node_5275,2.1461196242,P.1,node_2462036,2.1013014226999998,0.9831517890744423,12
2021-06,node_238647,B.1.1,1.6016332068999999,18,13,131.78,11472596,94,7,0.4710238629428024,B.1.1,node_238646,1.5732432084,B.1,node_173495,1.2559081097,1.0180455242701303,17
2021-06,node_211255,C.36.3,1.4277040221,28,24,131.78,11472596,94,5,0.35606757499755404,C.35,node_209084,1.2311661943,C.36.3,node_211254,1.2573986749,1.1354426011412364,22
2021-06,node_190488,B.1.1.317,2.2764729756,28,25,131.78,11472596,94,5,0.8226273046921484,B.1.617.2,node_2725506,2.6956830715000004,B.1.1.317,node_190484,1.3909456488,0.8444883598030932,42
2021-06,node_3522350,B.1,1.4642230669,20,12,131.78,11472596,94,5,0.3813247720333726,B.1,node_3522349,1.6651399076,B.1.617.2,node_2563655,3.1663589020000003,0.46243117480306406,21
2021-07,node_3293250,AY.4,3.4008576990000003,35,25,123.092,15676958,111,7,1.2240276642205639,B.1.617.2,node_2534765,3.2748900898,AY.4,node_3293247,3.4006160842,1.0000710503020682,30
2021-05,node_3111708,B.1.617.2,2.8757100293,23,21,140.826,19347136,83,7,1.0562996104710987,B.1.617.2,node_3085798,2.8675493291,B.1,node_2471112,3.1940506282000007,0.9003332645733919,20
2021-06,node_3085828,B.1.617.2,3.3780572283000003,30,24,131.78,11472596,94,7,1.2173007597163483,B.1.617.2,node_3519169,3.4049121326000007,B.1.617.2,node_3085826,3.4059048773000002,0.9918237149881661,12
2021-07,node_2775055,AY.103,3.3961650864000004,36,28,123.092,15676958,111,6,1.2226468792817096,AY.48,node_2570380,3.1116991919,AY.103,node_2775052,3.3966378408000004,0.9998608169542477,32
2021-07,node_2600572,AY.122,3.3462872713,35,30,123.092,15676958,111,6,1.207851454019757,AY.122,node_2600571,3.3462872713,AY.122,node_2645602,3.3462872713,1.0,12
2021-06,node_2576470,B.1.617.2,3.0972941363,26,24,131.78,11472596,94,6,1.1305288710695762,B.1,node_171437,2.9109834169999997,B.1.617.2,node_3085815,3.0976330941,0.9998905752264058,23
2021-06,node_3521254,B.1.617.2,2.9240480852,22,19,131.78,11472596,94,6,1.0729689867591543,B.1,node_2471214,2.6489438833000003,AY.33,node_3112813,3.1631182345999997,0.9244194710191628,14
2021-05,node_220423,B.1.1,1.2577473984,32,22,140.826,19347136,83,9,0.22932234193157622,B.1.1,node_524822,1.2277529989,B.1.1,node_220420,1.257708553,1.0000308858518194,21
2020-05,node_171803,B.1,2.1754218348,26,13,63.8522,2901229,11,3231,0.7772225927698354,B.1,node_5247,1.9625805319,B.1,node_171802,1.7083648081,1.1084497168092997,14
2021-06,node_2933640,B.1.617.2,3.4592803194,36,32,131.78,11472596,94,5,1.2410605672611863,AY.43,node_2942101,3.4592210488,B.1.617.2,node_2933599,3.3950369528,1.0000171340886181,11
2021-06,node_2569523,B.1.617.2,3.1647200924,30,24,131.78,11472596,94,5,1.1520646132650108,B.1.617.2,node_2565477,3.1453778115000004,B.1.617.2,node_2569520,3.1647200924,1.0,9
2021-06,node_173511,B.1,2.1328481016,16,9,131.78,11472596,94,5,0.757458223451302,B.1,node_172069,2.3966080904,B.1,node_173508,1.7644282746000002,0.8899444636540563,28
2021-06,node_162537,B.1.621,2.7258635114999996,36,26,131.78,11472596,94,8,1.002785262871903,B.1.621,node_163319,2.7263693091,B.1.621,node_162536,2.7258937033999997,0.9998144794256919,9
2021-06,node_3519062,B.1.617.2,3.7543616224,29,25,131.78,11472596,94,5,1.3229182634130106,B.1.617.2,node_3078232,3.7576673903,B.1.617.2,node_3519099,3.2131319078,0.99912026064134,17
2021-06,node_3519245,B.1.617.2,3.2082570339,17,12,131.78,11472596,94,5,1.165727809581392,B.1,node_14695,2.2181621700000003,B.1.617.2,node_3519240,3.0477330900000004,1.052669948174497,13
2021-06,node_3272789,B.1.617.2,3.3917492316000004,32,27,131.78,11472596,94,7,1.2213457858335393,AY.44,node_2681577,3.2636258822000004,AY.5,node_3486576,3.3941931485000003,0.9992799711763368,12
2021-07,node_3272698,B.1.617.2,3.5358889183000004,35,28,123.092,15676958,111,6,1.2629647297740325,B.1.617.2,node_3272687,3.5316256939000006,AY.4,node_3411814,3.3986029312,1.001207156355036,12
2021-01,node_314912,B.1.1.7,2.2533926102,36,26,139.046,19546070,91,42,0.8124369073425336,B.1.1,node_239923,1.689096255,B.1.1.7,node_314911,2.310889938,0.9751189674356531,27
2021-04,node_2576614,B.1.617.2,3.4281637263,31,26,138.146,22542204,108,5,1.2320247610594017,AY.24,node_2491004,3.4057755272000003,B.1.617.2,node_2576513,3.2976324122,1.0065735979723849,15
2021-05,node_2515590,B.1.617.2,3.3629611593,23,25,140.826,19347136,83,24,1.212821883271277,B.1.617.2,node_2515583,3.3465643491,B.1.617.2,node_2474638,2.3056612074,1.0048995950740973,13
2021-03,node_160831,B.1.621,2.7231072108,30,22,142.272,14772312,116,13,1.0017735852265057,B.1.1.99,node_244757,1.2293277863,B.1.621,node_160790,2.7241004191,0.9996353995274784,28
2021-06,node_2569689,B.1.617.2,3.1564742641000003,33,26,131.78,11472596,94,8,1.1494556654895962,B.1.617.2,node_2564510,3.1455301334000003,B.1.617.2,node_2569688,3.1619940193000002,0.9982543435672842,25
2021-02,node_2576935,B.1.617.2,3.3037582732,30,25,142.19,11253786,96,6,1.1950606911178652,AY.44,node_2724198,3.3884976428000004,B.1.617.2,node_2736899,3.3037582732,0.9749920529589101,17
2021-01,node_240331,B.1.1,2.4689026637,22,20,139.046,19546070,91,9,0.9037737862161357,B.1.617.2,node_3521153,2.7063475556,B.1.1,node_239901,1.6860733226000002,0.9122637107681619,27
2020-12,node_314909,B.1.1.7,2.3105472519,34,24,126.668,20356383,69,45,0.8374844020604211,P.1,node_2421789,2.3150907253,B.1.1.7,node_314906,2.3096206155,0.9980374534136621,33
2021-03,node_415839,B.1.1.7,2.0496477035000003,37,25,142.272,14772312,116,103,0.7176679264308589,B.1.1.7,node_324560,2.0488922903000004,B.1.1.7,node_415709,2.0508858825000003,0.9993962711379676,11
2021-04,node_3520712,B.1.617.2,3.4950862406,46,37,138.146,22542204,108,5,1.251358050803372,B.1.617.2,node_2487327,3.2745001203,B.1.617.2,node_3520709,3.4957089481000003,0.9998218651754922,16
2021-04,node_2569496,B.1.617.2,2.8060686593,33,26,138.146,22542204,108,13,1.0317844501264597,B.1.617.2,node_3271675,3.0514991406000003,B.1.617.2,node_2563592,3.1453778115000004,0.892124516501823,25
2021-02,node_211254,C.36.3,1.2573986749,20,16,142.19,11253786,96,6,0.22904504312500856,C.36.3,node_211191,2.0942206187,C.36.3,node_211095,2.3241017269,0.5410256618057676,10
2021-03,node_2554659,B.1.617.2,2.8015181201,28,23,142.272,14772312,116,11,1.0301614560015708,B.1.617.2,node_3271716,2.9079572698000002,B.1.617.2,node_2548837,3.1482148365000002,0.8898751405461778,25
2021-04,node_2471269,B.1,2.4651900072,21,19,138.146,22542204,108,5,0.902268886552384,B.1.561,node_3607040,1.2353894351,B.1,node_2471268,2.8051914371,0.8787956410377851,40
2021-05,node_259465,B.1.1.7,2.0462037858000004,35,23,140.826,19347136,83,8,0.7159862646222658,B.1.1.7,node_312690,2.0915483283,B.1.1.7,node_259464,2.0488929394,0.9783201076989431,10
2021-05,node_3569777,B.1.526,2.0359872465,31,24,140.826,19347136,83,9,0.710980834670622,B.1.526,node_3558989,2.0355088945,B.1.526,node_3569776,1.5466969918,1.0002350036402654,26
2021-05,node_338884,B.1.1.7,2.050876311,39,27,140.826,19347136,83,9,0.7182671705920542,B.1.1.7,node_313706,2.0464301295,B.1.1.7,node_338874,2.0535654646,0.9986904953134651,15
2021-05,node_272545,B.1.1.7,2.0488483967000004,39,25,140.826,19347136,83,6,0.7172778775980225,P.1,node_2430852,2.3148035788000003,B.1.1.7,node_325388,2.0489552424,0.8851068036460045,53
2021-01,node_3521636,B.1.617.2,3.232435723,24,19,139.046,19546070,91,16,1.1732359468567386,B.1.617.2,node_3521635,3.218804403,B.1.1.7,node_264763,2.0488929394,1.0042349016259873,31
2021-04,node_516847,B.1.1.7,1.9989782851,33,19,138.146,22542204,108,18,0.6926361925778207,C.37,node_217494,1.975289968,B.1.1.7,node_516830,2.0502164135000003,0.9750084293235514,26
2021-04,node_388652,B.1.1.7,2.0494907490000003,36,24,138.146,22542204,108,12,0.7175913471682185,B.1.1.7,node_446840,2.0503240455,B.1.1.7,node_388935,2.0480596429,0.9995935781459381,8
2020-10,node_101919,B.1.36,1.7893028954,17,9,102.606,12122070,42,5,0.5818261000890751,B.1.427,node_3523066,1.5936063245,B.1.36.16,node_99735,1.2604856679,1.1228010757056957,26
2021-03,node_3563731,B.1.526,1.8889925828999998,25,20,142.272,14772312,116,18,0.6360436620426326,B.1.526,node_3563675,2.0266225907999997,B.1.1,node_248707,2.051600318,0.9207410265667544,40
2021-05,node_401610,B.1.1.7,2.0478407747,40,27,140.826,19347136,83,6,0.7167859574263122,B.1.1.7,node_312905,2.0494954654,B.1.1.7,node_401608,2.0502512418,0.9988243064796861,17
2021-05,node_3271970,B.1.617.2,3.3943020261000005,35,29,140.826,19347136,83,6,1.2220981510967757,AY.122,node_2584800,3.3357856191999997,B.1.617.2,node_3271969,3.0482682889000006,1.0175420166581433,11
2021-01,node_2459666,P.1,2.3326664058999995,28,20,139.046,19546070,91,6,0.8470119934882976,P.1,node_2459937,2.3161508007,P.1,node_2459663,2.3326664058999995,1.0,11
2021-03,node_212055,C.14,1.6956190191,41,28,142.272,14772312,116,6,0.528047877170876,R.1,node_177277,1.700703983,C.14,node_212024,1.2283408475,0.997010082912236,25
2020-12,node_247049,B.1.1,2.1310892722,24,18,126.668,20356383,69,29,0.7566332444023316,B.1.1,node_247048,2.1304037192000003,P.1.1,node_2454898,2.4287748146999997,0.8774338647213082,14
2021-03,node_2569623,B.1.617.2,2.8495135886000003,22,19,142.272,14772312,116,6,1.047148309047997,B.1.617.2,node_2554885,2.8519815695000004,B.1.617.2,node_2569594,2.8543423485000003,0.998308275844158,9
2021-03,node_3568309,B.1.526,1.5438713485000002,26,19,142.272,14772312,116,64,0.4342931246206253,B.1,node_3550502,1.7457416988000003,B.1.526,node_3568304,1.5462731180999998,0.8843641356342905,27
2021-01,node_14949,B.1,1.4407807910000001,12,10,139.046,19546070,91,22,0.36518518261416655,B.1.351,node_22891,1.9370387473000001,B.1,node_14948,1.4395815951,0.7438058701759456,12
2021-03,node_2443900,P.1,1.9783667136,31,24,142.272,14772312,116,7,0.6822716121745117,P.1,node_2452689,1.9970382599,P.1,node_2443899,2.3621073427,0.8375431030744919,14
2021-03,node_360233,B.1.1.7,2.0642910217,37,24,142.272,14772312,116,35,0.7247868365655665,B.1.1.7,node_293595,2.0479717784,B.1.1.7,node_351760,2.0642951252,0.999998012154391,24
2021-04,node_2446266,P.1.10,1.7938714385,23,17,138.146,22542204,108,6,0.5843760991401147,B.1.1,node_2421600,1.3880947142,P.1.10,node_2446265,1.7944902192,0.9996551774462856,16
2021-01,node_2461843,P.1,1.4118816651,16,10,139.046,19546070,91,24,0.3449233289726798,B.1.1,node_238603,1.2137795414,P.1,node_2461842,1.4004196374,1.008184709349892,15
2021-05,node_293595,B.1.1.7,2.0479717784,47,28,140.826,19347136,83,6,0.7168499270041903,B.1.1.7,node_504317,2.0492034405000004,B.1.1.7,node_293592,2.0477239462,0.9993989556743571,16
2021-03,node_2437643,P.1.17,2.1017808502,29,20,142.272,14772312,116,8,0.7427850092650223,B.1.1,node_2421460,2.1371315407,P.1.17,node_2437642,2.1031313603,0.9834588139163295,16
2021-02,node_3539109,B.1.429,1.6114762975999999,29,14,142.19,11253786,96,20,0.4771507138809803,B.1.36,node_102562,1.2267511804,B.1.429,node_3539086,1.6128265795,0.9991627854369695,34
2021-04,node_19102,B.1.351,2.0015368534,21,17,138.146,22542204,108,6,0.6939153121713084,B.1.351,node_19101,1.9763290566,B.1,node_15131,1.3560733345,1.0127548581628236,12
2021-03,node_2426936,P.1,2.2496468293,38,26,142.272,14772312,116,6,0.8107732391405167,P.1.15,node_2453732,2.3982770069,P.1,node_2426935,2.2403040839,0.9380262675360764,20
2021-02,node_501589,B.1.1.7,2.0484341846,30,18,142.19,11253786,96,7,0.7170756889067657,B.1.1,node_248479,2.0484563627,B.1.1.7,node_501077,2.0501082912,0.9991834057707166,8
2020-04,node_8521,B.1,1.365158719,13,7,59.1907,2412716,4,82,0.31127069953287817,B.1,node_8553,1.356521412,B.1,node_8517,1.2263369361,1.006367247080358,13
2021-02,node_3569998,B.1.526,1.4999934738,27,21,142.19,11253786,96,8,0.4054607572986996,B.1.526,node_3567872,1.4995696001,B.1.526,node_3569988,1.5466969918,0.9698043519528361,10
2020-10,node_86778,B.1.160,1.3027308862,23,12,102.606,12122070,42,10,0.2644627428131596,B.1.1,node_247746,1.3816461118999999,B.1.160,node_86777,1.2503382814,0.9428831847603306,22
2021-05,node_491520,B.1.1.7,2.0477614343,44,27,140.826,19347136,83,5,0.7167472132339022,B.1.1.7,node_313374,2.0476676594,B.1.1.7,node_491519,2.0504897969,0.9986694093264327,12
2021-03,node_456869,B.1.1.7,2.0503240455,38,22,142.272,14772312,116,18,0.7179978516340263,B.1.1.7,node_455879,2.0503240455,B.1.1.7,node_461258,2.0503240455,1.0,7
2020-12,node_488890,B.1.1.7,2.0500950322000002,40,28,126.668,20356383,69,55,0.7178861492465882,B.1.1.7,node_486427,2.0500950322000002,B.1.1.7,node_488743,2.050071419,1.0,16
2021-03,node_2426970,P.1,2.1794803503,31,25,142.272,14772312,116,5,0.7790864769639962,B.1.1.7,node_314912,2.2533926102,P.1,node_2452717,2.3260275744000003,0.9369967812450365,20
2021-03,node_365311,Q.3,2.0172490924,33,23,142.272,14772312,116,9,0.701734747826933,Q.3,node_364940,2.0175287915,Q.3,node_364300,2.0539323778,0.9821399741313335,11
2021-03,node_3570150,B.1.526,2.2124397064999997,22,18,142.272,14772312,116,9,0.7940958462291889,B.1.1,node_248995,2.2333570088999997,B.1.526,node_3570149,2.1728191097,0.9906341429889427,23
2021-04,node_496978,B.1.1.7,2.0505393084000003,36,23,138.146,22542204,108,6,0.718102835819853,B.1.1.7,node_447372,2.0503130472000004,B.1.1.7,node_326088,2.053591367,0.9985137945897882,12
2021-04,node_211539,C.17,1.9472846209,34,26,138.146,22542204,108,6,0.6664359000410481,C.17,node_211525,2.0774526824999997,C.17,node_211307,1.9187466468999999,0.9373424662344868,27
2021-04,node_443390,B.1.1.7,2.0142170264,34,25,138.146,22542204,108,6,0.7002305473785841,B.1.1.7,node_443414,2.0510782287000002,B.1.1.7,node_443388,2.0142330802000004,0.9820283781553454,7
2020-12,node_73601,B.1.525,1.6920146810999999,17,7,126.668,20356383,69,15,0.5259199379194381,B.1,node_173523,1.6618813643,B.1.525,node_73242,1.83888248,0.9201320364420459,15
2021-01,node_2452704,P.1,2.3207667533,30,24,139.046,19546070,91,6,0.8418976281881473,P.1,node_2461856,2.1940635056,P.1,node_2452700,2.3114240079,1.0040419868306587,16
2021-03,node_523729,B.1.1.7,1.5974014669,20,14,142.272,14772312,116,9,0.4683782258054751,B.1.1,node_240280,1.9340005112,B.1.1.7,node_523727,1.6497940717000001,0.825957106861803,10
2021-04,node_411431,B.1.1.7,2.0508954169000004,40,25,138.146,22542204,108,7,0.7182764865175947,B.1.1.7,node_464398,2.0490865156,B.1.1.7,node_410488,2.0508858825000003,1.0000046489178562,16
2021-01,node_420436,B.1.1.7,2.0508858825000003,36,24,139.046,19546070,91,52,0.7182718376105447,B.1.1.7,node_412715,2.0508858825000003,B.1.1.7,node_423235,2.0499280517000003,1.0,7
2021-04,node_314550,B.1.1.7,2.0488149893000003,37,23,138.146,22542204,108,5,0.7172615720126907,B.1.1.7,node_269182,2.0496088635000005,B.1.1.7,node_314549,2.0473633656,0.9996126703908547,17
2021-01,node_416788,B.1.1.7,1.6285492755000002,25,17,139.046,19546070,91,8,0.4876896034894603,B.1.1,node_248258,1.394191743,B.1.1.7,node_416787,1.6356394440000002,0.9956652008326109,15
2021-03,node_2422604,P.1,2.3151289074999997,36,27,142.272,14772312,116,5,0.8394653695732371,P.1,node_2422603,2.3150913914999998,P.1,node_2434534,2.3150470537,1.0000162049758112,6
2021-03,node_446041,B.1.1.7,2.4211176726,25,18,142.272,14772312,116,5,0.8842292817313683,B.1.1.7,node_314905,2.3191835618,B.1.1.7,node_446040,1.8320416392,1.043952584210663,18
2021-03,node_216591,C.37,2.3642853814,29,22,142.272,14772312,116,5,0.8604758119701656,B.1,node_11526,1.2263369361,C.37,node_216589,2.366088358,0.9992379927005247,28
2021-02,node_25798,B.1.351,1.856054123,26,19,142.19,11253786,96,35,0.6184527950379702,B.1.160,node_89300,1.2500788658,B.1.351.2,node_24498,1.9564934736000001,0.9486635902673424,35
2021-03,node_3569692,B.1.526,1.6179144443000002,29,22,142.272,14772312,116,5,0.48113793979695335,B.1.526,node_3570150,2.2124397064999997,B.1.526,node_3569691,1.6142530023000001,0.7312806941344778,22
2020-12,node_240284,B.1.1,1.9503286113,24,18,126.668,20356383,69,8,0.6679978769933732,P.1,node_2461850,1.8255075251,B.1.1,node_240283,1.9497098306,1.000317370662182,22
2021-01,node_2461987,P.1,1.8524965151,27,19,139.046,19546070,91,10,0.6165341969987511,P.1,node_2461823,1.7450771273999999,P.1,node_2426978,1.8537658376000001,0.9993152735505992,15
2021-03,node_364940,Q.3,2.0175287915,40,27,142.272,14772312,116,6,0.7018733919399406,Q.3,node_365312,2.0172490924,Q.3,node_364905,2.0542120769,0.9821424059314469,10
2021-02,node_240469,B.1.1,1.6925322765,21,18,142.19,11253786,96,6,0.526225795932649,P.1,node_2461274,1.6215875964,B.1.1,node_240468,1.7353149735,0.9753458607495845,25
2021-01,node_240468,B.1.1,1.7353149735,16,13,139.046,19546070,91,9,0.5511889378444536,B.1.637,node_3572187,1.9991523863,B.1.1,node_173571,1.2267735128,0.8680253618443233,23
2021-03,node_424133,B.1.1.7,2.1075757357000002,27,19,142.272,14772312,116,5,0.7455383465233887,B.1.1.7,node_285617,2.3338379949,B.1.1.7,node_427917,2.0508858825000003,0.9030514287219432,13
2021-02,node_413461,B.1.1.7,2.0129794201999998,31,21,142.19,11253786,96,7,0.6996159231578039,B.1.1.7,node_285029,1.9989621008,B.1.1.7,node_413181,2.0509002355000003,0.9815101609314723,16
2021-03,node_494839,B.1.1.7,2.04950572,35,22,142.272,14772312,116,6,0.7175986518829763,B.1.1.7,node_524142,2.053591367,B.1.1.7,node_494837,2.0507432499,0.9980104868643032,9
2021-03,node_392275,B.1.1.7,1.9890759553000001,29,18,142.272,14772312,116,6,0.6876701868249566,B.1.1.7,node_249315,2.0488929394,P.1,node_2426966,2.1424337587999998,0.9284188820914132,35
2021-02,node_523681,B.1.1.7,1.3429808494,17,9,142.19,11253786,96,19,0.29489165787130084,B.1.1,node_247771,1.3690566767999999,B,node_3632842,1.3151535369,0.9809534346956702,10
2021-03,node_285616,B.1.1.7,1.9496734921,32,22,142.272,14772312,116,5,0.6676619186073043,B.1.1.7,node_424133,2.1075757357000002,B.1.1.7,node_285612,2.0430847964000005,0.9250787333876971,11
2021-03,node_464265,B.1.1.7,2.0496938926,35,20,142.272,14772312,116,8,0.717690461317947,B.1.1,node_248146,2.0504493058,B.1.1.7,node_464241,2.0503240455,0.9996315865025958,19
2021-03,node_507936,B.1.1.7,2.0530112125000004,38,28,142.272,14772312,116,9,0.7193075995416099,B.1.1.7,node_250711,2.0492983619,B.1.1.7,node_507906,2.0507704913,1.0010926240695905,11
2020-10,node_174643,B.1.1,1.6933572365999998,18,14,102.606,12122070,42,27,0.5267130889250117,P.1,node_2446866,2.1136045306,B.1.1,node_174642,1.6927384558999998,0.8011703287366145,10
2021-01,node_27028,B.1.351,2.3531137605,23,17,139.046,19546070,91,12,0.8557394555803716,B.1.351,node_27027,2.3482773493,B.1.351,node_26925,1.9640119749,1.00205955706273,16
2021-03,node_247040,B.1.1,1.8836527630000002,25,18,142.272,14772312,116,5,0.6332128507808816,B.1.1,node_247031,1.8418615972999999,B.1.1,node_240286,1.9393105746000001,0.9713002072339652,17
2021-03,node_469518,B.1.1.7,2.0513959432,32,20,142.272,14772312,116,5,0.7185205093129289,B.1.1,node_248149,2.0504493058,B.1.1.7,node_469141,2.0153428107,1.000461673154914,16
2021-04,node_3541143,B.1.429,1.6128560163,35,19,138.146,22542204,108,5,0.47800653062062815,B.1.429,node_3542805,1.6129016982,B.1.429,node_3541130,1.6128560163,0.9999716771951751,16
2020-05,node_248345,B.1.1,1.6568323527,15,9,63.8522,2901229,11,809,0.5049075581297329,B.1.1,node_248238,1.669341543,B.1.1.7_dropout,node_524447,1.9954778174999999,0.8302935458213883,12
2021-02,node_408463,B.1.1.7,1.9070569953,37,25,142.19,11253786,96,8,0.6455612135864498,B.1.1.7,node_408669,2.0135879503,B.1.1.7,node_408439,1.9449778106,0.947093964788512,8
2021-02,node_451892,B.1.1.7,2.0496900051000004,31,18,142.19,11253786,96,16,0.7176885646914798,B.1.1.7,node_451864,2.0496938926,B.1.1.7,node_468516,2.0136368726000002,0.9999981033753315,10
2020-11,node_181803,B.1.1.519,1.7213280578,18,10,113.534,17266494,43,76,0.5430961195168572,B.1,node_8888,1.4908675332999999,B.1.1.519,node_181802,1.7217646345,0.9997464364807757,13
2021-02,node_2469759,B.1.1,1.5524040926999998,25,18,142.19,11253786,96,10,0.43980475687863124,B.1.526,node_3566544,1.5462731180999998,B.1.1,node_2469751,1.9247885324,0.8065322847514694,12
2021-02,node_2421510,B.1.1,2.5852930291,26,23,142.19,11253786,96,5,0.9498388590214114,C.37,node_216179,2.6802251738000002,B.1.1,node_2421506,2.3480657708000003,0.9645805338939465,26
2020-09,node_248812,B.1.1,1.6970967367999998,19,10,89.5443,8498335,32,7,0.5289189892237354,B.1.1,node_248207,1.5965411414,B.1.1,node_248447,2.016953503,0.8414158949503557,13
2021-02,node_2469760,B.1.1,1.8379719767,28,21,142.19,11253786,96,8,0.6086627771904961,B.1.526,node_3570150,2.2124397064999997,B.1.1,node_2469759,1.5524040926999998,0.8307444362439173,19
2020-11,node_2461886,P.1,2.1450449536000002,20,9,113.534,17266494,43,6,0.7631605095496548,P.1,node_2459943,2.2060653476,P.1,node_2461885,2.3577746488,0.9097752216021707,14
2021-01,node_3562924,B.1.526,2.0342404288,24,20,139.046,19546070,91,6,0.7101224955571384,B.1.526,node_3561457,2.0133861523,B.1.526,node_3562921,2.0424860999,0.9959629242517715,14
2020-12,node_3542246,B.1.429,1.6918518414000001,25,13,126.668,20356383,69,49,0.5258236931656675,B.1.2,node_135432,1.3172868604999999,B.1.429,node_3541842,1.6129016982,1.0489491351445093,31
2021-01,node_263020,B.1.1.7,1.6233206702,22,15,139.046,19546070,91,8,0.4844738476978112,B.1.1.7,node_339944,1.6674222125,B.1.1,node_249148,1.7068143932000002,0.951082130937821,16
2021-03,node_3567444,B.1.526,2.0450075823000002,23,16,142.272,14772312,116,5,0.715401497214053,B.1.1,node_235369,1.718167721,B.1.526,node_3569430,1.5462726727999998,1.1902258186469563,26
2021-02,node_195649,B.1.1,1.2381997957,23,12,142.19,11253786,96,7,0.2136585471054039,B.1.1.317,node_189534,1.3883985636,B.1.1,node_195648,1.2269019434,0.8918186954108139,17
2020-11,node_248862,B.1.1,2.1800019177000003,27,22,113.534,17266494,43,16,0.77932575647951,B.1.1,node_248861,1.8704606503,B.1.637,node_3572820,2.1701104466,1.0045580496216209,22
2021-01,node_3562921,B.1.526,2.0424860999,23,19,139.046,19546070,91,11,0.7141677422943473,B.1.1,node_248915,1.9063475128,B.1.526,node_3562920,2.0632345061,0.9899437479653151,12
2021-02,node_370355,B.1.1.7,1.8173634982,32,20,142.19,11253786,96,9,0.5973868234510215,B.1.1,node_248432,1.7389650924,B.1.1.7,node_370326,2.053591367,0.8849684155299625,19
2021-01,node_248286,B.1.1,1.4687866122,24,17,139.046,19546070,91,5,0.3844366260549673,B.1.526,node_3562924,2.0342404288,B.1.1,node_248285,1.4724480542,0.7220319640714438,19
2020-09,node_104899,B.1.474,1.4894554166,20,12,89.5443,8498335,32,521,0.398410560934044,B.1,node_104897,1.4870916293,B.1,node_105033,1.4894566148,0.9999991955455513,10
2021-02,node_524493,B.1.1.7_dropout,1.3937548556,21,13,142.19,11253786,96,6,0.33200144005878823,B.1.1.7_dropout,node_524492,1.3864157108,B.1.1.7_dropout,node_524441,2.0017608715,0.6962644117204685,10
2021-02,node_3602322,B.1.258.17,1.4613827134,33,21,142.19,11253786,96,8,0.3793830515107128,B.1.258.17,node_3602632,1.5590404387,B.1.258.17,node_3602321,1.4270881603999999,0.9373603641856579,11
2020-10,node_248954,B.1.1,2.0354822015,21,16,102.606,12122070,42,19,0.7107327448794344,B.1.1,node_248953,2.0319731595999997,B.1,node_15033,1.6099742573000002,1.0017269135093747,16
2021-01,node_103983,B.1,2.0394901323,27,16,139.046,19546070,91,29,0.7126998414700721,B.1.346,node_3577620,1.2334615477,B.1,node_103907,1.2260667062,1.6534687571760776,18
2021-01,node_239838,B.1.1,1.8278753312,30,21,139.046,19546070,91,7,0.6031542711438992,B.1.1,node_239837,1.8054398241,B.1.1.7,node_506707,2.0375631402000005,0.8970889270310326,23
2021-01,node_3567443,B.1.526,1.5321071980999998,22,16,139.046,19546070,91,6,0.4266440415205583,B.1,node_3557540,1.2731863160999999,B.1.526,node_3569427,1.5462731180999998,0.9908386689038438,15
2021-01,node_3502,B,1.3702218034,17,12,139.046,19546070,91,6,0.31497262702756645,B,node_3501,1.3705205723,B,node_3632806,1.6366641238000001,0.8372040319541095,11
2020-12,node_249077,B.1.1,1.935714258,20,16,126.668,20356383,69,6,0.6604763839530533,B.1.1.7,node_264535,1.948514163,B.1.1,node_249076,1.9926609913000002,0.9714217653937971,7
2020-10,node_2442522,P.1,1.6010066134,30,21,102.606,12122070,42,5,0.47063256479930016,P.1,node_2461274,1.6215875964,P.1,node_2458443,2.3150095377,0.6915766813602965,11
2020-11,node_171633,B.1,2.1287075662,20,18,113.534,17266494,43,8,0.7555150191260886,B.1.1,node_248863,2.1874796957000004,B.1,node_171632,1.9249069066,0.9731324914167063,28
2020-12,node_171686,B.1,1.9543255251000002,18,13,126.668,20356383,69,6,0.6700451339623064,B.1,node_171685,1.9319626139000001,B.1.1.7,node_294348,2.0119578114000003,0.9713551218750968,11
2021-03,node_417280,B.1.1.7,2.0506585975,37,24,142.272,14772312,116,5,0.7181610086282717,B.1.1.7,node_419731,2.0510815210000004,B.1.1.7,node_415309,2.0516090125,0.9995367465271358,12
2021-02,node_81819,B.1.160,1.2522865697,34,19,142.19,11253786,96,6,0.22497113602343458,P.1.16,node_2444677,2.3145106673,B.1.160,node_81818,1.2522865697,0.5410588887718798,69
2020-12,node_524660,B.1.1,1.6583321289000001,23,16,126.668,20356383,69,10,0.5058123556507255,B.1.1,node_524659,1.6928716341999999,B.1.258.17,node_3603376,1.4350365703999999,0.9795970913551741,21
2020-11,node_3499,B,1.3527713888,16,13,113.534,17266494,43,14,0.3021553687629651,B,node_3495,1.052316004,B,node_3632802,1.4054143533999999,0.9625427444421317,14
2020-12,node_239836,B.1.1,1.83547873,27,21,126.668,20356383,69,9,0.6073053357644819,B.1.1.7,node_293932,2.0510145947000002,B.1.1,node_239835,1.52547859,0.8949125641246222,37
2021-02,node_3550793,B.1.575,1.7734841103,23,19,142.19,11253786,96,5,0.5729460356763196,B.1,node_171337,1.5169502741,B.1.575,node_3550792,1.7477688851000002,1.014713172559156,20
2021-02,node_353265,B.1.1.7,2.0638585485,29,20,142.19,11253786,96,6,0.7245773125673548,B.1.1.7,node_353260,2.0642951252,B.1.1,node_248597,2.0484563627,0.999788510521257,10
2021-02,node_3605290,B.1.258,1.2662802169,29,20,142.19,11253786,96,8,0.2360836395931694,B.1,node_171568,1.9063628128999999,B.1.258,node_3605287,1.3511746935,0.6642388365589799,30
2020-12,node_248913,B.1.1,1.5288539093,20,15,126.668,20356383,69,5,0.42451837581567803,B.1.1,node_248912,1.3504239031,B.1.526,node_3558319,1.6583041399,0.9219381852307224,19
2020-09,node_190558,B.1.1.317,1.1505019355,10,8,89.5443,8498335,32,121,0.1401983128039066,B.1.1.1,node_218037,1.0013267049,B.1.1.317,node_189498,1.3770276022,0.8354966404899271,10
2020-12,node_334100,B.1.1.7,2.053591367,32,21,126.668,20356383,69,16,0.7195901467287935,B.1.1.7,node_308640,2.0488929394,B.1.1.7,node_261500,2.0538347936,0.9998814770298183,9
2020-03,node_5254,B.1,1.5768992282,8,6,54.0662,783348,4,39,0.4554604049879755,B.1,node_14358,1.5892262145,B.1.1,node_247015,1.2273922935,0.9922434036215051,9
2021-02,node_3574044,B.1.637,2.0926701466,20,17,142.19,11253786,96,5,0.7384408326683963,B.1.1,node_248864,2.1732868524000004,B.1.637,node_3574043,2.1068360666,0.9629056303768765,19
2020-12,node_397666,B.1.1.7,2.0488929394,32,21,126.668,20356383,69,10,0.7172996177208599,B.1.1.7,node_295194,2.0491855240000003,B.1.1.7_dropout,node_249214,2.0364998733000004,0.9998572190772511,10
2020-10,node_248202,B.1.1,1.5712830046000001,13,7,102.606,12122070,42,14,0.45189248601595194,B.1.1,node_248197,1.6342269732,B.1,node_3594475,1.2630202215,0.9614839495172763,10
2021-02,node_311939,B.1.1.7,2.0672376203000002,31,17,142.19,11253786,96,6,0.7262132331150876,B.1.1,node_248067,2.0055931816,B.1.1.7,node_311938,2.0743277888000002,0.9965819440214405,14
2021-01,node_362553,B.1.1.7,2.0531547903,27,18,139.046,19546070,91,9,0.7193775323207329,B.1.1.7,node_362515,2.053591367,B.1.1,node_248597,2.0484563627,0.9997874081927808,8
2020-12,node_3603361,B.1.258.17,1.45522506,29,20,126.668,20356383,69,6,0.3751605690740455,B.1.1.7,node_463247,2.0432716823000003,B.1.258.17,node_3603354,1.4610398933,0.7122034101514744,49
2021-01,node_3595891,B.1.258,0.9581441980000001,9,6,139.046,19546070,91,12,-0.04275699250526451,B.1.258,node_3595838,1.3070816601,B.1,node_14555,1.1845921039,0.7330408093452218,15
2021-01,node_323321,B.1.1.7,1.7007867165,40,25,139.046,19546070,91,6,0.5310909184268814,B.1.1.7,node_323307,2.0157627293,B.1.1.7_dropout,node_249221,2.0039271201,0.8437435079924414,10
2020-10,node_239816,B.1.1,1.5232648102000002,20,16,102.606,12122070,42,35,0.42085593286302836,B.1.1.7_dropout,node_249281,1.9992731757,B.1.1,node_239815,1.4702693933,0.7619092921939813,23
2021-01,node_3539359,B.1.429,1.215681753,22,11,139.046,19546070,91,15,0.19530503300739746,B.1.2,node_139054,1.3172868604999999,B.1.429,node_3529326,1.6128265795,0.7537585059993736,31
2020-11,node_3535238,B.1.429,1.6113825225,25,13,113.534,17266494,43,15,0.4770925201435187,D.2,node_232172,1.2368866343,B.1.429,node_3532877,1.6253115021000002,0.9914299630673855,30
2020-11,node_108342,B.1.2,1.3147890993,21,16,113.534,17266494,43,20,0.27367627200690214,B.1.2,node_127634,1.3151633568999999,B.1.2,node_108330,1.3169126029,0.998387513647205,15
2021-01,node_186293,B.1.1.519,1.7220837455,29,16,139.046,19546070,91,7,0.5435350375175492,AY.100,node_3025473,3.3969957002,B.1.1.519,node_186269,1.7218876135999999,0.5069431631599096,58
2020-10,node_248912,B.1.1,1.3504239031,17,13,102.606,12122070,42,6,0.3004185454582309,B.1.1,node_248951,1.6701979649999998,B.1,node_3575047,1.3865584342,0.8085412216988302,17
2020-10,node_86693,B.1.160,1.2359731197000001,17,10,102.606,12122070,42,71,0.21185861098347797,B.1.160,node_80517,1.2489032898,B.1.160,node_86692,1.2365696204,0.9896467803347122,10
2020-10,node_248824,B.1.1,1.7162366358,19,13,102.606,12122070,42,12,0.5401338912088375,B.1.1,node_247720,1.3526618043999998,B.1.1,node_240421,1.6159530253,1.0620584936133168,12
2020-11,node_240156,B.1.1,1.5834631578000002,14,10,113.534,17266494,43,6,0.4596143204170832,B.1,node_106098,1.58040865,B.1.1,node_240433,1.6682831438,0.9491573200177533,12
2021-01,node_3585889,B.1.349,1.22639086,16,7,139.046,19546070,91,8,0.2040755958405855,B.1.349,node_3585883,1.22639086,B.1.2,node_111656,1.3574367807,0.9034607559164394,24
2021-01,node_3544574,B.1.375,1.3075062622,21,16,139.046,19546070,91,7,0.26812170639097826,B.1.596,node_106817,1.3112459114,B.1.375,node_3544579,1.225827891,0.9971480184094476,20
2020-12,node_23734,B.1.351,1.8614580951000002,14,13,126.668,20356383,69,5,0.6213601027154452,B.1.351,node_17057,1.8623792793,B.1,node_154306,1.2281237947,0.9995053723963542,12
2020-10,node_27590,B.1,1.5706389848,19,15,102.606,12122070,42,11,0.45148253324742843,B.1,node_15092,1.5680230185,B.1.1,node_239845,1.5035341477,1.0016683213633577,11
2020-12,node_212501,C.16,2.0560887292,27,15,126.668,20356383,69,26,0.7208055028873964,B.1.1.519,node_181602,2.0029615196000004,C.16,node_212500,1.7750331106,1.026524328640427,31
2021-01,node_32039,B.1.177.16,1.3573275337,19,10,139.046,19546070,91,6,0.30551771775664155,B.1.177.16,node_32036,1.3573275337,B.1.177,node_65099,1.3906081194,0.9760676029172335,14
2021-01,node_5276,B.1,1.6092901913,12,8,139.046,19546070,91,5,0.4757932068134845,B.1.1,node_2421575,1.5906623975,B.1,node_10300,1.2258163196,1.0117107148753102,13
2020-11,node_2412997,B.1.1,1.2590347704,19,11,113.534,17266494,43,25,0.23034537215504056,B.1.36,node_102293,1.2604856679,B.1.1,node_2412996,1.2253226153,0.998848937725395,21
2020-10,node_38417,B.1.177.75,1.3569134218,21,11,102.606,12122070,42,74,0.30521257763827886,B.1.177,node_34586,1.37800758,B.1.177.75,node_38416,1.3569134218,0.9846922770918285,23
2020-12,node_34587,B.1.177,1.37800758,26,15,126.668,20356383,69,7,0.3206386733020273,B.1.177,node_34553,1.37800758,B.1.177,node_34586,1.37800758,1.0,11
2020-12,node_248957,B.1.1,1.6986044456,25,18,126.668,20356383,69,5,0.5298069995745234,B.1.1,node_248963,1.5884331294,B.1.351,node_27025,2.1133470688,0.8037508228899198,25
2021-01,node_477712,B.1.1.7,2.049893076,35,24,139.046,19546070,91,5,0.717787633741258,B.1.1.7,node_465994,2.0503240455,B.1.1.7,node_282500,2.0484619699,0.9997898042014647,10
2021-01,node_392250,B.1.1.7,2.0108335501,34,23,139.046,19546070,91,7,0.6985493376483541,B.1.1.7,node_392249,2.0116498814000003,L.3,node_245916,1.7537170559,0.9995941981218759,33
2020-12,node_125509,B.1.2,1.3300218128,63,44,126.668,20356383,69,6,0.2851953427006778,AY.103,node_2777365,3.2831493033,B.1.2,node_125508,1.328401935,0.4051054916884687,62
2020-11,node_3615336,B.1.234,1.2633060984,21,14,113.534,17266494,43,9,0.2337321721991254,AY.20,node_2835412,3.3941712237000004,B.1.234,node_3614871,1.2593875119,0.37219869450865967,46
2020-12,node_50052,B.1.177.53,1.3569580593000001,17,10,126.668,20356383,69,7,0.3052454734480583,B.1.177,node_34185,1.3573352512,B.1.177.53,node_50049,1.3567022666000002,0.9997221085213351,10
2020-10,node_3594800,B.1,1.8026118392,12,11,102.606,12122070,42,13,0.5892366349650481,B.1,node_154019,1.3171943187,B.1.1,node_235371,1.7185451818000002,1.0489173390902347,13
2020-12,node_149897,B.1.2,1.3349673441,23,17,126.668,20356383,69,8,0.28890683020471464,B.1,node_3556886,1.2299466617,B.1.2,node_149869,1.3366103689000002,0.9987707526155493,17
2020-11,node_93508,B.1,1.2515599281,23,14,113.534,17266494,43,32,0.22439071576121944,B.1.160,node_92834,1.2508110985,B.1,node_166013,1.3112516637,0.9544772851371903,40
2020-11,node_3544330,B.1,1.7402308627,21,12,113.534,17266494,43,12,0.5540177841379068,B.1.429,node_3543642,1.740370241,B.1,node_3544329,1.6394784051000002,0.9999199145694885,8
2020-11,node_104112,B.1,1.6383321723000002,22,14,113.534,17266494,43,17,0.49367875626342433,B.1.526,node_3562294,1.9937526400999999,B.1,node_104111,1.2262100526,0.8217329167864209,14
2021-01,node_38474,B.1.177.75,1.7210618103999997,32,20,139.046,19546070,91,5,0.5429414319824841,B.1.177,node_45896,1.7210588426999998,B.1.177.75,node_38473,1.3573142192,1.0000017243454589,14
2020-12,node_34586,B.1.177,1.37800758,29,15,126.668,20356383,69,8,0.3206386733020273,B.1.177.75,node_38423,1.3569134218,B.1.177,node_34575,1.37800758,1.0,23
2020-12,node_3525625,B.1.427,1.5924271728000001,24,18,126.668,20356383,69,8,0.4652593760526936,B.1.429,node_3535587,1.6253115021000002,B.1.429,node_3523008,1.5924271728000001,0.9797673681275795,18
2020-09,node_3548018,B.1,1.3252312075,11,8,89.5443,8498335,32,8,0.28158694044190485,B.1,node_3574993,1.4881154729000001,B.1,node_3594737,1.3110652875,0.8905432620208056,7
2020-11,node_240087,B.1.1,1.9067032962000001,24,14,113.534,17266494,43,5,0.6453757278327686,B.1.1,node_248169,2.0430430248,B.1.1,node_240086,1.8801890091,0.9332663448860326,25
2020-12,node_44766,B.1.177,1.3575270147,28,17,126.668,20356383,69,6,0.3056646729594362,B.1.177.75,node_38471,1.3573632415,B.1.177,node_44764,1.3575270147,1.0,21
2020-07,node_2462794,B.1.1,1.9885796588,14,10,75.5938,7118656,11,5,0.6874206446067634,P.1,node_2427455,2.1331521954,B.1.1.57,node_244997,1.2266862686,0.9322258688752911,29
2020-12,node_165766,B.1,1.5772233597,17,11,126.668,20356383,69,5,0.45566593377901515,B.1,node_165765,1.3116531673,B.1.1,node_198027,1.4903289345,1.0583055345625112,16
2020-09,node_93505,B.1,1.2511862122,18,10,89.5443,8498335,32,35,0.2240920710870673,B.1,node_165997,1.3112381282999999,B.1.160,node_83957,1.2503598103,0.9542021278943007,33
2020-11,node_3587460,B.1.361,1.3095760699999999,21,15,113.534,17266494,43,10,0.2697034741527995,B.1.2,node_123811,1.3172131575,B.1.361,node_3587459,1.2301608855,0.9942020868402994,22
2020-12,node_3595888,B.1.258,1.3047881715,23,13,126.668,20356383,69,5,0.26604070690957266,B.1.258,node_3595887,1.3058330655,B.1.177,node_40166,1.3558685278,0.9623264680515288,27
2020-09,node_525305,B.1.1,1.2305252253,11,7,89.5443,8498335,32,9,0.2074410906794845,B.1.1,node_219537,1.2267759348,B.1,node_170973,1.2300886486,1.0003549148270712,12
2020-08,node_93434,B.1.160,1.2394413438,20,12,81.8903,7941296,18,23,0.21466074890462744,B.1.160,node_93432,1.2393629479,B.1.160,node_80705,1.2503382814,0.9912848084697538,9
2020-07,node_76774,B.1,1.314255953,12,8,75.5938,7118656,11,5,0.27327069028677,B.1.1.7,node_442038,2.0439736309,B.1.377,node_11867,1.2483519525,0.642990659532779,31
2020-10,node_3599205,B.1.258,1.3451507646,19,8,102.606,12122070,42,9,0.2965060994112972,B.1.258,node_3597581,1.3491226473,B.1.258,node_3600514,1.4101947599,0.9538758778931979,16
2020-09,node_197042,B.1.1.189,1.226405697,16,10,89.5443,8498335,32,6,0.20408769386800465,B.1.1.70,node_227864,1.2399536647,B.1.1.189,node_197001,1.2268558987,0.9890738113159431,18
2020-09,node_87304,B.1.160,1.2253188124,16,9,89.5443,8498335,32,5,0.20320106515663547,B.1.160,node_86667,1.2365696204,B.1,node_3522495,1.2264196424,0.9909015976016291,16
2020-11,node_30466,B.1,2.0366669781,18,13,113.534,17266494,43,5,0.7113146374286395,B.1,node_30462,2.0366669781,B.1,node_173139,1.2263369361,1.0,17
2020-09,node_197861,B.1.1,1.2224315865,15,11,89.5443,8498335,32,6,0.20084197883777072,B.1.1.222,node_188151,1.2224315865,B.1.1,node_197841,1.2267735128,0.9964606944519939,11
2020-10,node_55677,B.1.177,1.3573372955,16,8,102.606,12122070,42,5,0.3055249096573839,B.1.177,node_55526,1.357553008,B.1.177.60,node_61333,1.3475341993,0.9998411019689627,12
2020-06,node_153940,B.1.2,1.3172868604999999,17,15,70.4285,4292072,11,25,0.2755742126347034,B.1.2,node_131324,1.0159828607,B.1,node_106115,1.3151142347,1.0016520434063247,20
2020-03,node_3594470,B.1,1.2631660835,9,5,54.0662,783348,4,30,0.23362133393132545,B.1.1,node_248202,1.5712830046000001,B.1.1,node_235250,1.2269193748,0.8039074309351184,14
2020-08,node_3588887,B.1,1.2269857061,17,9,81.8903,7941296,18,13,0.20456051619066615,B.1,node_3586512,1.2264827981,B.1.2,node_139619,1.3173956037,0.9313722488931363,21
2020-08,node_205703,B.1.1.28,1.5906912717,14,10,81.8903,7941296,18,6,0.4641686838259644,B.1.1.33,node_2465301,1.2258936823,P.2,node_202878,1.5681249164,1.0143906617795515,17
2020-09,node_199751,B.1.1.434,1.2276545847,19,12,89.5443,8498335,32,26,0.20510550733992947,B.1.1,node_174595,1.2249264627,B.1.1.434,node_198835,1.2303437383,0.997814307078349,19
2020-09,node_228745,B.1.1.70,1.2305257943,16,11,89.5443,8498335,32,5,0.20744155308355128,B.1.1.70,node_228733,1.2241250347,B.1.1.189,node_196906,1.2264956406,1.0032859095186253,17
2020-07,node_3581036,B.1.595,1.2400632861,14,11,75.5938,7118656,11,9,0.21516241549201245,B.1.2,node_135767,1.3096751406,B.1,node_3594856,1.2413741777,0.9468479989105476,11
2020-06,node_2465301,B.1.1.33,1.2258936823,15,9,70.4285,4292072,11,38,0.20367011458566908,B.1.1.28,node_205704,1.5908180022,B.1.1.33,node_2465300,1.2258936823,0.7706058647844487,17
2020-09,node_229155,B.1.1,1.2275791876,15,10,89.5443,8498335,32,5,0.20504408988887093,B.1.1.301,node_227611,1.2276375974,B.1.1,node_526844,1.2266654368,0.9999524209749492,11
2020-09,node_191392,B.1.1,1.2795934863,23,11,89.5443,8498335,32,9,0.24654243866138878,C.36.3,node_211071,2.3299508491,B.1.1,node_191391,1.2267735128,0.5491933389042409,32
2020-06,node_102574,B.1.36,1.2604856679,15,8,70.4285,4292072,11,10,0.23149709741062938,B.1.36.8,node_98657,1.2604856679,B.1.36,node_102573,1.2604856679,1.0,7
2020-05,node_100185,B.1.36,1.2604856679,12,6,63.8522,2901229,11,13,0.23149709741062938,B.1.617.2,node_2554865,3.1578959597000003,B.1.36,node_100020,1.2604856679,0.39915364026740957,40
2020-08,node_93445,B.1.160,1.2389911421,21,15,81.8903,7941296,18,5,0.21429745338819683,B.1.1.70,node_228072,1.2241954259,B.1.160,node_80705,1.2503382814,0.9909247445520947,26
2020-08,node_2464449,B.1.1.33,1.226775826,19,12,81.8903,7941296,18,6,0.20438944814043689,B.1.1.28,node_205704,1.5908180022,B.1.1.33,node_2464448,1.2258936823,0.7711603868597458,21
2020-06,node_3581535,B.1.595.1,1.2262839525,15,11,70.4285,4292072,11,28,0.20398841958752265,B.1.1,node_235250,1.2269193748,B.1.595.1,node_3581525,1.225967552,0.9994820993839929,10
2020-07,node_3591130,B.1.340,1.2263584618,13,8,75.5938,7118656,11,16,0.20404917797577246,B.1.340,node_3591129,1.2263109258,B.1.108,node_3557680,1.2265579707,0.9998373424617786,9
2020-05,node_173874,B.1.1.291,1.2264266342,16,9,63.8522,2901229,11,17,0.20410476572386238,B.1.1.291,node_173575,1.2267497073,B.1.240,node_3617638,1.2601625948000001,0.9732288827336966,16
2020-05,node_102562,B.1.36,1.2267511804,16,9,63.8522,2901229,11,6,0.20436935820465346,B.1.533,node_2469710,1.2267735128,B.1.36,node_102560,1.2604633355,0.9732541565069586,9
2023-02,node_1034042,XBB.1.19.1,10.161807068900002,98,67,112.148,4587649,28,1184,2.3186362874471285,XDA,node_1079725,10.5373774862,XBB.1.19.1,node_1034041,10.161404164500002,0.9643582648726541,27
2022-05,node_1033609,BA.2.10.1,7.3682526774,76,56,94.8531,16213566,63,996115,1.997180592257492,BA.2,node_1442962,7.0586759283000005,BA.2.10.1,node_1033537,7.369896396900001,0.9997769684387027,13
2022-02,node_1033534,BA.2.10.1,6.783038498800002,73,55,92.3826,58251972,63,996315,1.9144251577255151,BA.5_dropout,node_1573439,7.5779418006000006,BA.2.10.1,node_1333520,6.676388520400001,0.8951030078197406,17
2022-12,node_1460838,BA.2,9.814003128899998,86,68,121.724,17219669,37,327,2.2838102564877136,DV.7.1,node_1422527,10.128294532599998,BA.2,node_1460837,9.4447767289,0.9689689707691271,26
2022-03,node_2205679,BA.2,7.499632420099999,69,50,89.132,51347034,64,29619,2.01485400868787,XCU,node_911435,9.433234249400002,BA.2,node_1442464,9.1270435945,0.7950223880613387,62
2022-09,node_1460837,BA.2,9.4447767289,84,65,102.288,14721332,75,329,2.245461861595188,CH.1.1.1,node_1427391,10.8426633055,BA.2,node_1460820,9.0967289128,0.8710753495507959,24
2022-06,node_908965,B.1.1.529,9.0121927351,64,52,100.291,17732748,81,7305,2.1985784088370934,B.1.1.529,node_908964,8.4566287277,XCU,node_911435,9.433234249400002,0.9553661551098678,48
2023-02,node_1088271,XBB.1.9.1,9.873240817900001,95,68,112.148,4587649,28,29,2.2898281498946917,BA.2,node_922192,6.965708206100001,XBB.1.9.1,node_1088270,9.873240817900001,1.0,40
2021-10,node_912310,BA.2_dropout,6.301556709000001,57,43,133.259,13064658,94,6259858,1.8407966995408005,XCU,node_911435,9.433234249400002,BA.2_dropout,node_2410245,6.312098686800001,0.6680165617005439,71
2023-02,node_1305677,XBB.1.5,9.8523815498,101,72,112.148,4587649,28,18,2.2877132076650954,BF.1,node_1914256,8.3926928876,XBB.1.5,node_1305664,9.8523815498,1.0,56
2023-02,node_917232,miscBA2BA1PostSpike,7.5583493072,65,51,112.148,4587649,28,6,2.022652820742103,XCU,node_911435,9.433234249400002,BA.2,node_1545925,7.0991456431,0.8012468584336011,65
2023-02,node_1297994,FD.1.1,10.322739457800001,103,74,112.148,4587649,28,33,2.3343491761646535,XBB.1.18.1,node_1185142,9.8518960871,FD.1.1,node_1297915,10.322739457800001,1.0,22
2023-02,node_1112883,FL.3.2,10.040773960000001,97,67,112.148,4587649,28,11,2.3066541989418856,XBB.1.16,node_1046083,10.367439951700003,FL.3.2,node_1112734,10.040773960000001,0.9684911614417948,22
2023-01,node_1188870,FW.3,9.8242030547,93,67,119.41,10270797,28,46,2.2848490404399593,XBB.6,node_1310894,9.307952496300002,XBB.1.28.1,node_1188661,9.8242030547,1.0,11
2022-05,node_911455,XAY,9.1751904538,68,57,94.8531,16213566,63,1989,2.2165031516325486,B.1.1.529,node_911454,8.5832807817,BA.2,node_1451807,6.966291002000001,1.0689607723613077,50
2023-01,node_1101495,FL.4,9.901037170799999,96,68,119.41,10270797,28,23,2.292639516380376,FL.4,node_1100456,10.040773960000001,XBB.1,node_1189840,9.980540509199999,0.9860830659313037,22
2023-02,node_1270552,XBB.1.5_17124,9.8523815498,100,69,112.148,4587649,28,6,2.2877132076650954,XBB.1.18.1,node_1185142,9.8518960871,XBB.1.5_17124,node_1270550,9.8523815498,1.0,19
2021-05,node_912103,BA.2_dropout,5.829824630400002,46,37,140.826,19347136,83,6260695,1.7629869193610874,BA.1,node_551588,5.442299912200001,B.1.1.529,node_2410252,5.8274725529000015,1.000403618803632,16
2023-02,node_1427771,CH.1.1.7,9.507756532200002,97,72,112.148,4587649,28,26,2.252107942544093,CH.1.1.1,node_1427192,9.5042805686,CH.1.1.7,node_1427770,9.505457663700003,1.0002418472188643,12
2021-04,node_908957,B.1.1.529,5.824966849200002,42,36,138.146,22542204,108,6270090,1.7621533083111065,B.1.1.529,node_908955,5.824727419100002,BA.1,node_551614,6.974317473900001,0.8352024224590842,7
2023-01,node_1460944,BA.2,8.941463448499999,79,59,119.41,10270797,28,5,2.1906992724888035,XCU,node_911435,9.433234249400002,BA.2,node_1460818,8.773798278000001,0.9478682721219096,60
2023-01,node_1214048,XBB.1.5_17124,9.8523815498,94,66,119.41,10270797,28,40,2.2877132076650954,XBB.1.16.6,node_1066443,10.838635787800001,XBB.1.5_17124,node_1213942,9.8523815498,0.9090056850964462,26
2022-11,node_2061051,BA.5.2.2,8.4456383375,80,59,116.172,12388536,46,6,2.1336501350289767,AY.4,node_3452334,3.398548867,BA.5.2.2,node_2061050,8.4445913302,1.000123985549929,98
2023-02,node_1207583,XBB.1.5_17124,9.8524255931,95,66,112.148,4587649,28,27,2.287717677975277,XBB.3,node_1311958,9.305189825900001,XBB.1.5_17124,node_1207527,9.8523815498,1.0000044703201736,16
2023-01,node_1421962,DV.1,9.783351699700003,100,77,119.41,10270797,28,20,2.2806821349159887,BA.2.75.2,node_1440810,8.7260819909,DV.1,node_1421505,9.783351699700003,1.0,20
2022-12,node_1849159,XCB,9.0037940641,75,54,121.724,17219669,37,67,2.197646051181416,BQ.1,node_1617133,8.9976952556,BF.31.1,node_1786275,8.4227388897,1.0006778189666075,21
2022-01,node_911454,B.1.1.529,8.5832807817,58,51,95.6634,90483564,69,1993,2.1498162159025043,AY.117,node_3073166,3.4086764946000003,B.1.1.529,node_908961,7.780871791099999,1.10312584658159,63
2022-09,node_1310274,XBB,9.308749821100001,89,64,102.288,14721332,75,76,2.230954798824241,XBB,node_1033627,9.308749821100001,BA.2.10,node_1033369,6.675295200400001,1.0,32
2022-09,node_1365291,BA.2.3.20,9.182726597000002,86,67,102.288,14721332,75,417,2.2173241754559463,BA.5.2,node_1948484,8.4542368269,BA.2.3.20,node_1365290,8.9149648203,1.0300350906702727,40
2023-02,node_1419152,CH.1.1.30,9.525426754600002,97,68,112.148,4587649,28,17,2.253964723641658,XBK.1,node_1434839,9.666363563700001,CH.1.1.30,node_1419137,9.5255450168,0.9854198729262307,21
2023-01,node_1111808,FL.5,10.0407550147,97,70,119.41,10270797,28,34,2.3066523121034854,FL.13,node_1084354,10.0407550147,XBB.1.9.2,node_1116495,10.040773960000001,0.99999811316338,12
2022-11,node_1778972,BA.5.5,9.124191058400001,79,59,116.172,12388536,46,5,2.2109292444045647,BA.2,node_1008486,6.947939580500001,BA.5.5,node_1778971,8.7875350598,1.0383106293527167,37
2023-01,node_1636209,BQ.1.1.18,8.7547686821,82,62,119.41,10270797,28,13,2.1695985441551873,XBB.1.16,node_1046283,10.367435582200002,BQ.1.1.18,node_1636208,8.7547195599,0.8444488140472449,69
2022-10,node_553513,BA.1,5.442828341800001,77,60,110.021,12795215,64,19,1.6942988415305336,BA.1,node_537713,5.404074353500001,B.1.1.222,node_188075,1.2278375987,1.0071712537180213,57
2023-02,node_1428028,CH.1.1.28,9.4956239013,97,73,112.148,4587649,28,6,2.25083105050997,CH.1.1.9,node_1412912,9.495710010800002,CH.1.1.28,node_1428027,9.495574779100002,0.9999909317470833,12
2023-02,node_1110949,XBB.1.9.1,10.069759871799999,90,66,112.148,4587649,28,7,2.309536860547444,XBB.1.9.1,node_1110948,10.147304915000001,BF.7.14,node_1831397,8.8344417691,0.9923580651365493,45
2022-10,node_1378038,BA.2.75,9.766036134200002,90,71,110.021,12795215,64,74,2.278910665632624,BN.3,node_1406390,8.827484484700001,BA.2.75,node_1377982,9.773914345800002,0.9991939553262624,24
2023-01,node_1188485,XBB.1,9.851051011800001,95,66,119.41,10270797,28,11,2.2875781511973594,XBB.1.5_17124,node_1208785,9.851051011800001,XBB.2.11.1,node_1314567,9.382909597200001,1.0,12
2023-02,node_1088305,XBB.1.9.1,9.244208923300002,93,65,112.148,4587649,28,6,2.223997293119523,XBB.1.9.1,node_1088303,9.244025400000004,FL.13,node_1084026,10.0409574833,0.9206501410522712,9
2022-08,node_1365290,BA.2.3.20,8.9149648203,89,67,95.1368,25713990,83,419,2.1877313051828087,BA.2,node_1546124,7.124640373800001,BA.2.3.20,node_1365289,8.8386467762,1.0086345846861426,32
2021-09,node_908961,B.1.1.529,7.780871791099999,44,38,128.393,16061455,117,9338,2.0516683873238724,B.1.617.2,node_3521674,3.2162208223,B.1.1.529,node_908960,6.8130545494,1.1420533528217869,46
2023-01,node_1714303,EA.1,9.1208541151,93,69,119.41,10270797,28,15,2.2105634526725657,BA.5.2,node_2003607,8.453659898200002,EA.1,node_1714294,9.1208223756,1.0000034798945416,43
2022-08,node_1707460,BQ.1.1,9.1200323493,80,62,95.1368,25713990,83,742,2.210473351152318,BA.2.3.20,node_1365460,8.8384310637,BQ.1.1,node_1706181,9.1200323493,1.0,53
2023-01,node_1416549,CH.1.1,9.498022865100001,98,73,119.41,10270797,28,15,2.2510836574834765,CH.1.1,node_1410409,9.4955302559,CH.1.1,node_1416548,9.497973742900001,1.0000051718610021,11
2023-02,node_1666043,BQ.1.1,9.0114874745,82,62,112.148,4587649,28,6,2.198500149503577,BA.2,node_1546136,7.132272671100002,BQ.1.1,node_1666042,9.118018429500001,0.988316435657189,21
2023-02,node_1417089,CH.1.1.19,9.4958954026,94,70,112.148,4587649,28,5,2.2508596423562226,CH.1.1.19,node_1417085,9.4958954026,BA.2.3.11,node_1350990,6.7924379084,1.0,37
2022-12,node_1684454,BQ.1.1.35,9.1246986755,82,62,121.724,17219669,37,72,2.2109848770603078,BQ.1.1.31,node_1715536,9.1387421627,BQ.1.1.35,node_1684453,9.1246837778,0.998463301956661,9
2022-12,node_1082770,XBB.1.9,9.4954318225,93,67,121.724,17219669,37,9,2.250810822166396,XBB.1,node_1082702,9.6130830355,BQ.1.1.35,node_1684572,9.1198058342,0.9877613443506597,52
2022-08,node_1377968,BA.2.75,8.838642797999999,78,61,95.1368,25713990,83,404,2.1791333352246616,BA.2.12.1,node_1508763,4.4816682582,BA.2.75,node_1377832,9.0894131767,0.972410718511198,40
2023-01,node_1413595,GP.2,9.4952225404,113,84,119.41,10270797,28,6,2.2507887816304555,XBF.10,node_1433043,9.4002078197,GP.2,node_1413593,9.495542930700001,0.9999662588751018,49
2023-02,node_1698705,DN.1.1.4,9.035482679,85,64,112.148,4587649,28,6,2.201159345860165,BA.2,node_1546136,7.132272671100002,DN.1.1.4,node_1698689,9.142013634,0.9883471017146811,25
2022-10,node_1715535,BQ.1.1.31,9.1387436908,80,61,110.021,12795215,64,101,2.212522924246269,XBB.1.16,node_1042998,10.367347143100003,BQ.1.1.31,node_1715531,9.1387287931,0.8814929764247644,61
2023-01,node_1460963,BA.2,9.387960843200002,85,60,119.41,10270797,28,18,2.239428107038451,XBF,node_1430985,9.382774879200001,BF.7.5,node_1820382,8.7708420845,1.000552711118701,45
2022-11,node_1035922,XBB.1,9.444340684300002,91,65,116.172,12388536,46,20,2.2454156927255116,BA.2,node_2227240,6.966163905800001,XBB.1,node_1035797,9.444340684300002,1.0,30
2022-06,node_1508762,BA.2.12.1,4.4814563966000005,53,38,100.291,17732748,81,710,1.4999480821238538,BA.2.12.1,node_1509020,4.6341069149,BA.2.12.1,node_1508761,5.6934488253,0.7871250860613229,13
2023-01,node_1286841,XBB.1.5_17124,9.9589125048,90,65,119.41,10270797,28,6,2.2984678793701927,XBB.1,node_1035869,9.550871639300002,XBB.1.5_17124,node_1280030,9.8523815498,1.0108127110649874,14
2022-06,node_2065977,BA.5.2,8.5926854888,71,53,100.291,17732748,81,493,2.150911316800092,BA.2,node_1461036,9.123921873199999,BA.5.2,node_2065976,8.387814944,0.9417754347546075,34
2023-02,node_1392143,DS.2,9.093541529999998,99,73,112.148,4587649,28,5,2.207564439572912,BN.1.3.6,node_1389214,9.093799294499998,DS.2,node_1392139,9.093492407799998,0.9999716549165367,20
2023-01,node_1626349,BQ.1,8.997780044299999,82,65,119.41,10270797,28,6,2.1969778851657633,XBB.1.16,node_1046283,10.367435582200002,BQ.1,node_1626347,8.997816182,0.867888685968632,68
2023-01,node_1960550,DB.1,9.427101591900001,84,56,119.41,10270797,28,6,2.243588689050546,BA.2.3.20,node_1365291,9.182726597000002,DB.1,node_1960547,9.533632546900002,0.9888257750153544,40
2023-01,node_1424977,DV.6,9.506705850900001,98,72,119.41,10270797,28,9,2.2519974286331657,BA.2.75.2,node_1440970,8.726021678600002,CH.1.1.1,node_1424468,9.506705850900001,1.0,23
2022-12,node_1412912,CH.1.1.9,9.495710010800002,96,73,121.724,17219669,37,10,2.2508401188040037,CH.1.1,node_1410409,9.4955302559,CH.1.1.9,node_1412911,9.495660888600002,1.0000051731207102,10
2023-02,node_1849095,BA.5.2.1,9.834514839400002,82,61,112.148,4587649,28,5,2.285898120619174,BA.2.12.1,node_1474639,8.2171910499,BA.5.2.1,node_1849094,9.836948689500002,0.9997525807873129,25
2023-01,node_1670124,BQ.1.1,9.013057403200001,83,61,119.41,10270797,28,5,2.198674348487754,XBB.1,node_1034840,10.1555180508,BQ.1.1,node_1670123,9.119588358200001,0.8875034595098769,51
2023-01,node_1693585,BQ.1.1.23,9.012084985,83,63,119.41,10270797,28,10,2.198566452729706,BA.2,node_1546136,7.132272671100002,BQ.1.1.23,node_1693584,9.11861594,0.9883172012396434,23
2022-11,node_1829766,BF.7,8.7715093942,72,53,116.172,12388536,46,16,2.1715089003778076,BF.11,node_1796476,8.7715093942,BF.7,node_1829764,8.7715093942,1.0,10
2023-01,node_1680573,BQ.1.22,9.320736722700001,84,63,119.41,10270797,28,11,2.232241673073411,XBB.1.16,node_1046283,10.367435582200002,BQ.1.22,node_1680572,9.320687600500001,0.89903975277193,70
2022-09,node_1310303,XBB,9.308749821100001,94,65,102.288,14721332,75,7,2.230954798824241,XBB,node_1310274,9.308749821100001,XBB.1.16,node_1049900,10.367332245400002,0.8978924954614341,18
2022-11,node_1666588,BQ.1.1,9.118186646,84,63,116.172,12388536,46,19,2.210270951640964,XBB.1.43.1,node_1082484,9.8512570872,BQ.1.1,node_1666586,9.118186646,0.9255861018841445,62
2022-11,node_1691487,BQ.1.1.78,9.1169564791,76,57,116.172,12388536,46,7,2.2101360289926006,BQ.1.1,node_1704549,9.1174061942,BQ.1.1.78,node_1691362,9.1173930558,0.9999506751053511,8
2022-12,node_1713940,BQ.1.1,9.1178414954,79,61,121.724,17219669,37,7,2.2102330979375853,BA.2.12.1,node_1508763,4.4816682582,BQ.1.1,node_1713939,9.1178414954,1.0,28
2022-06,node_1461154,BA.2,8.985513020199999,69,53,100.291,17732748,81,22,2.1956136160123165,BA.2,node_1376444,8.7964026294,BA.2,node_1461153,8.878982065199999,1.011998104536953,10
2023-01,node_1742550,BE.1.2.1,8.904062481500002,79,58,119.41,10270797,28,5,2.186507631188066,BA.4.1,node_1558279,8.0156439971,BE.1.2.1,node_1742549,8.904066496000002,0.9999995491385872,25
2022-09,node_909015,XBC.2,8.936507532300002,73,57,102.288,14721332,75,25,2.1901448565170734,XBC.2,node_909000,8.9316497511,BA.2,node_1002122,6.9661516618000014,1.0005438839783662,80
2023-01,node_1659908,BQ.1.1,9.168084914200001,82,62,119.41,10270797,28,5,2.2157284219495614,BA.2.3.22,node_1344341,7.568432276599999,BQ.1.1,node_1659906,9.1178034415,1.0055146475818006,44
2022-11,node_1707627,BQ.1.1,9.1246837778,83,64,116.172,12388536,46,8,2.210983244380403,XBB.1.43.1,node_1082484,9.8512570872,BQ.1.1.35,node_1684293,9.1246837778,0.926245625003122,61
2022-06,node_2156321,BA.5.1.10,8.3037183207,72,54,100.291,17732748,81,63,2.1167034049305755,BA.1.1.11,node_720501,5.672368192400002,BA.5.1.10,node_2156312,8.3037183207,1.0,58
2022-08,node_1461212,BA.2,8.8549236494,78,58,95.1368,25713990,83,46,2.1809736488825484,XBB,node_1310135,9.896111444500002,BA.2,node_1461171,9.116286040199999,0.8947881901957897,27
2022-12,node_1721750,BQ.1_17039,8.7380849817,81,61,121.724,17219669,37,7,2.16769105601411,BQ.1.1.20,node_1658993,9.1182640386,BQ.1_17039,node_1721744,8.7384996998,0.9583057635433014,12
2022-09,node_2136884,CL.1,8.968909891500001,79,60,102.288,14721332,75,172,2.193764140424678,BA.2.3.20,node_1365464,8.8384310637,CL.1,node_2136776,8.968909891500001,1.0,51
2022-11,node_1666902,BQ.1.1,9.1178918931,80,62,116.172,12388536,46,9,2.2102386252941137,BQ.1.1.18,node_1636209,8.7547686821,BQ.1.1,node_1714878,9.1178427709,1.0000053874804857,11
2022-07,node_1365991,BA.2.3,8.6772881961,86,66,96.9249,29650733,62,589,2.1607090600548773,BA.2.3,node_1365990,8.309560012999999,BA.5.2,node_2065720,9.174878190000001,0.9457660381320003,33
2022-10,node_1441976,BY.1,8.9134972658,90,67,110.021,12795215,64,23,2.187566674661541,BA.2,node_2205658,8.353327260099999,BY.1,node_1441934,8.9790724611,0.9926968853872056,24
2023-01,node_1849072,BA.5.2.1,9.3802805552,76,56,119.41,10270797,28,5,2.2386096725068745,BF.7.24,node_1838936,8.7761661485,BQ.1.1,node_1638832,9.1178427709,1.0287828810930566,22
2022-12,node_1707712,BQ.1.1,9.374935892300002,83,64,121.724,17219669,37,5,2.238039733678428,BQ.1.1,node_1707711,9.344896986400002,BQ.1.1,node_1695082,9.374935892300002,1.0,8
2022-11,node_2205672,BA.2,8.2508217876,77,56,116.172,12388536,46,6,2.110312806003963,XBB.1,node_1187373,9.4907413056,BA.2,node_2205671,8.2547982474,0.8693548292936414,22
2022-05,node_1508600,BA.2.12.1,5.5315127383,49,35,94.8531,16213566,63,1052,1.7104613293555841,BA.2.12.1,node_1508599,5.5315127383,BA.4,node_2180664,5.726851458900001,0.9658907303599733,18
2022-10,node_1404814,BN.1,9.0929007601,88,64,110.021,12795215,64,16,2.207493972805411,XBB.1,node_1035922,9.444340684300002,BN.1,node_1404751,9.0929007601,0.962788305086852,34
2021-06,node_908959,B.1.1.529,6.3048213083,41,35,131.78,11472596,94,9340,1.8413146277464274,B.1.617.2,node_2864543,3.2961641586,B.1.1.529,node_908958,6.304478220600001,1.0000544196820091,56
2022-12,node_1580441,BA.5.9,8.4890872412,76,55,121.724,17219669,37,8,2.1387814846732196,BA.5.9,node_1580437,8.4906225237,BQ.1.1,node_1648026,9.119637640499999,0.9308579546516469,22
2020-09,node_526917,B.1.1.529_dropout,4.7841243667,29,24,89.5443,8498335,32,8202773,1.5653030126942098,AY.43,node_2954849,4.3213343342999995,B.1.1.529_dropout,node_526916,1.8559889307,1.1070942437215905,39
2022-07,node_1983301,BA.5.2,9.2679671502,74,55,96.9249,29650733,62,5,2.2265640621313927,BA.5,node_1580664,8.9611593516,BA.5.2,node_1998952,8.6074461011,1.0342375117506666,12
2022-08,node_2205656,BA.2,7.8288832626,71,53,95.1368,25713990,83,28,2.0578198769192197,BA.2,node_1461187,8.9486431849,BA.2,node_2205600,7.5044971761,0.8748681896056052,13
2022-08,node_1589943,BE.10,9.001832358800002,79,59,95.1368,25713990,83,42,2.1974281520357066,XBB.1.18.1,node_1185037,9.8520686281,BE.10,node_1589855,9.001832358800002,0.9136997212062693,55
2022-12,node_2033178,BA.5.2.21,8.3436436471,75,55,121.724,17219669,37,7,2.1215000091043055,BQ.1,node_1611166,8.997593263399999,BA.5.2.21,node_2033177,8.4333105023,0.9273194956522313,28
2022-10,node_1609458,BE.1.1.1,8.9132618298,75,58,110.021,12795215,64,7,2.187540260886749,BA.5.1.10,node_2156342,8.6590124929,BA.2.12.1,node_1508915,8.2936219059,1.0293623940499534,18
2022-12,node_1636504,ED.1,9.1103860586,83,63,121.724,17219669,37,5,2.209415087827316,BQ.1.1,node_1647983,9.206678300300002,ED.1,node_1636503,9.1103369364,0.9895410441682464,18
2022-11,node_1622301,BQ.1,9.490120073200002,75,58,116.172,12388536,46,5,2.250251265144533,BA.2.10.1,node_1332510,8.0718259488,BQ.1,node_1622296,8.740761134500001,1.0857315429593726,24
2022-12,node_1658993,BQ.1.1.20,9.1182640386,82,61,121.724,17219669,37,8,2.210279439323281,BA.2.3,node_1348052,6.793303754000001,BQ.1.1.20,node_1658992,9.1182491409,1.0000016338334003,35
2022-12,node_1394246,BN.1.4.4,9.0813290733,94,68,121.724,17219669,37,11,2.206220555613069,BN.1.3.6,node_1389214,9.093799294499998,BN.1.4.4,node_1394213,9.081279951099999,0.9986287116312825,19
2022-12,node_1331681,XBB.2,9.3114015241,95,67,121.724,17219669,37,10,2.2312396196045627,XBB.1.16,node_1046083,10.367439951700003,XBB.2,node_1331680,9.3114015241,0.8981389395530728,30
2022-11,node_1707576,BQ.1.1,9.0009976114,76,58,116.172,12388536,46,6,2.197335416904399,BN.1.3,node_1389754,9.0929020383,BQ.1,node_1622375,9.0009976114,0.9898927287995746,48
2022-11,node_909418,XBC.1,9.575410415,77,59,116.172,12388536,46,5,2.2591983973334884,XBC.1,node_909417,9.566217659300001,BA.2.75,node_1376562,8.3503437316,1.0009609603322231,85
2022-11,node_1391764,BN.1.3.1,9.092467048100001,87,63,116.172,12388536,46,5,2.2074462737976535,XBB.1,node_1188492,9.744310810400002,BN.1.3.1,node_1391763,9.0929036248,0.933105195946306,37
2022-10,node_1707638,BQ.1.1,9.1177417268,83,64,110.021,12795215,64,7,2.210222155748483,BA.2.3.20,node_1365460,8.8384310637,BQ.1.1.1,node_1718909,9.1177417268,1.0,55
2022-11,node_1617150,BQ.1,8.8912056885,83,60,116.172,12388536,46,7,2.1850626633332197,BQ.1.6,node_1619282,8.8906410163,BQ.1,node_1617148,8.9977366435,0.9881602497138035,14
2022-11,node_1699188,DN.2,9.000786650799999,83,63,116.172,12388536,46,10,2.1973119791610127,BA.2,node_1546136,7.132272671100002,DN.2,node_1699187,9.107317605799999,0.9883027078212189,23
2022-11,node_1610455,BQ.1.11,8.9977354593,79,58,116.172,12388536,46,11,2.1969729300423615,BE.1.1,node_1593846,8.3011327057,BQ.1.11,node_1610454,8.9977205616,1.0000016557193456,11
2022-08,node_1938785,BA.5.2,8.0980473101,71,53,95.1368,25713990,83,8,2.091622959788508,XBB.1,node_1189837,9.749625330700002,BA.5.2,node_1938784,8.387814944,0.8306008728971924,34
2022-11,node_1311385,XBB,9.3066011067,92,66,116.172,12388536,46,5,2.2307239447922242,XBB.1,node_1035922,9.444340684300002,XBB,node_1311379,9.3066011067,0.9854156492015398,8
2022-11,node_2065832,BA.5.2,8.792533023,81,60,116.172,12388536,46,5,2.1739028411735624,CR.1.1,node_1981144,8.860707187900001,BN.1.3.6,node_1388821,9.0925595538,0.9670030722345272,48
2022-10,node_1310894,XBB.6,9.307952496300002,92,65,110.021,12795215,64,9,2.2308691418924287,FW.3,node_1188870,9.8242030547,XBB.6,node_1310893,9.307952496300002,0.9474511514546701,12
2022-09,node_2063059,BA.5.2.26,8.454340936800001,74,54,102.288,14721332,75,110,2.1346800297913284,XBB.1.16,node_1042998,10.367347143100003,BA.5.2.26,node_2063058,8.4543260391,0.8154777514541698,59
2022-10,node_2115640,BA.5.1.33,8.432563650800002,74,57,110.021,12795215,64,25,2.1321008361967486,BF.11,node_1798954,8.7714860931,BA.5.1.33,node_2115607,8.432514528600002,0.9613608870033314,19
2022-10,node_1312160,XBB.2,9.310459680300001,90,64,110.021,12795215,64,5,2.231138464968035,BA.2.3,node_1339084,6.7925536929,XBB.2,node_1312149,9.310459680300001,1.0,38
2022-10,node_1344341,BA.2.3.22,7.568432276599999,80,59,110.021,12795215,64,18,2.0239859491194063,BA.2.3,node_1348052,6.793303754000001,BA.2.3.22,node_1344339,7.5684173788999995,1.0000019684035981,19
2022-11,node_1377979,BA.2.75,9.363180429600002,88,67,116.172,12388536,46,5,2.2367850222613064,BA.2.75,node_1377969,8.9998736197,BN.1.3.1,node_1390073,9.0929036248,1.0297239271361953,18
2022-12,node_1441647,CA.1,9.2579466037,100,72,121.724,17219669,37,5,2.225482275007655,XBB.2,node_1312160,9.310459680300001,CA.1,node_1441646,9.2579466037,0.9943597761653903,44
2022-12,node_1615030,BQ.1.21,9.299409446300002,81,60,121.724,17219669,37,5,2.2299508977451254,BA.2,node_1001131,6.966120365100001,BQ.1.21,node_1615029,9.299409446300002,1.0,36
2022-11,node_1413505,GP.2,9.495801524,97,73,116.172,12388536,46,5,2.2508497560779857,DV.1,node_1421962,9.783351699700003,GP.2,node_1413503,9.495801524,0.9706082143904916,19
2022-11,node_2043265,BA.5.2,8.968909891500001,91,66,116.172,12388536,46,9,2.193764140424678,BA.5.1.29,node_2136748,8.503605576400002,BA.5.2,node_2043264,8.300638302500001,1.054718473348688,24
2022-11,node_1605396,BE.1.1,8.995998517699999,77,60,116.172,12388536,46,7,2.196779869323823,BA.5.1.10,node_2154671,8.304372526000002,BQ.1,node_1721285,8.9978691891,0.9997920984001115,16
2022-09,node_1389754,BN.1.3,9.0929020383,93,69,102.288,14721332,75,23,2.207494113376604,BA.2.3.20,node_1365460,8.8384310637,BN.1.3,node_1389747,9.0929020383,1.0,51
2022-09,node_1461120,BA.2,9.4096443869,75,58,102.288,14721332,75,6,2.241735161905508,BA.2,node_1461187,8.9486431849,BA.2,node_1461119,9.450408945600001,0.9956864767509367,13
2022-11,node_1818182,BF.7.4.1,8.774405802299999,74,53,116.172,12388536,46,7,2.1718390522215696,BF.7.4.1,node_1817400,8.774405802299999,BA.5.1.10,node_2152358,8.306540429800002,1.0,20
2022-10,node_2170808,BA.5.1.37,8.8439726207,72,53,110.021,12795215,64,21,2.179736167185342,XBB.1,node_1035922,9.444340684300002,BA.5.1.37,node_2170806,8.8439726207,0.9364309184019551,44
2022-06,node_2273276,BA.2,6.736854604700001,75,53,100.291,17732748,81,7,1.907593140136612,BQ.1.1,node_1643649,8.8685818614,BA.2,node_2273275,6.5026125962000005,0.7596315521449691,39
2022-10,node_1427849,CH.1.1.7,9.494160505000002,91,69,110.021,12795215,64,7,2.250676925926817,DV.7.1.4,node_1422632,10.1294671867,CH.1.1.7,node_1427524,9.494145607300002,0.9372813327699846,27
2022-10,node_1404775,BN.1,9.0930213775,106,78,110.021,12795215,64,12,2.207507237725286,BA.1,node_900311,5.415386170000001,BN.1,node_1404774,9.0930213775,1.0,79
2022-11,node_1695614,BQ.1.1.10,9.1178772921,79,61,116.172,12388536,46,6,2.210237023935832,BA.5.2.20,node_1953191,8.4542368269,BQ.1.1.10,node_1695612,9.1178772921,1.0,25
2022-06,node_1909944,BA.5.2.1,8.388324926500001,75,56,100.291,17732748,81,533,2.1268408493542674,BE.1,node_1739457,8.299284536000002,BA.5.2.1,node_1909943,8.388324926500001,1.0,22
2022-11,node_1677260,BQ.1.1,9.0900312646,80,61,116.172,12388536,46,7,2.2071783476334175,CK.2.1.1,node_2013653,9.1054277492,BQ.1.1,node_1677251,9.466076625200001,0.9602744224995057,22
2022-11,node_2060781,BA.5.2,8.452096497500001,72,54,116.172,12388536,46,9,2.1344145168088438,BF.14,node_1810295,8.7552846994,BA.5.2.20,node_1952998,8.4542368269,0.9653708346090931,15
2022-09,node_1789051,BA.5.2.1,8.9335609056,74,56,102.288,14721332,75,34,2.1898150730316943,BF.27,node_1907093,8.4092716611,BA.4.6,node_2190010,8.679011429900001,1.0293293167955804,27
2022-10,node_1707600,BQ.1.1,9.1176828369,82,64,110.021,12795215,64,5,2.2102156969024285,XBB.1.43.1,node_1082484,9.8512570872,BQ.1.1.5,node_1698530,9.1176828369,0.9255349602790133,60
2022-11,node_1825678,BF.7,8.7714562827,74,56,116.172,12388536,46,5,2.1715028453582654,BF.7,node_1825676,8.7725593818,BA.2.12.1,node_1497436,7.415973946499999,0.9998742557272068,29
2022-07,node_1835269,BF.7.19,8.7726239277,74,52,96.9249,29650733,62,45,2.1716359552150055,BA.2,node_1454243,6.701127777500001,BF.7.19,node_1835268,8.7726239277,1.0,26
2022-09,node_1584311,BE.6,8.6026632311,70,54,102.288,14721332,75,20,2.1520718333540003,BA.5.3.1,node_1589745,8.3007871549,BE.6,node_1584264,8.602672912100001,0.9999988746520877,9
2022-10,node_1659649,BQ.1.1,9.1178918931,81,61,110.021,12795215,64,8,2.2102386252941137,BQ.1.1,node_1647983,9.206678300300002,BQ.1.1,node_1659648,9.1178427709,0.9903563039454621,16
2022-11,node_1628576,BQ.1.5,8.741292696299999,78,58,116.172,12388536,46,5,2.1680580844856148,DA.1,node_1986165,8.8330533335,BQ.1.23,node_1731318,8.739162811,0.9896116740457127,28
2022-10,node_1707694,BQ.1.1,9.1178427709,82,63,110.021,12795215,64,10,2.2102332378281404,BA.2.3.20,node_1365464,8.8384310637,BQ.1.1,node_1684793,9.1178427709,1.0,54
2022-11,node_1723107,BQ.1.8,8.736167656,83,60,116.172,12388536,46,7,2.167471610210338,BA.2.12.1,node_1524459,7.4079496373,BQ.1.8,node_1723106,8.842698611,0.9879526647139732,30
2022-09,node_1362858,BA.2.3.20,9.0218850334,85,64,102.288,14721332,75,12,2.1996532959876993,BA.2.10.1,node_1332510,8.0718259488,BA.2.3.20,node_1362857,8.7333104462,1.0330429782586696,34
2022-05,node_1765633,BA.5.5,8.129852757200002,72,54,94.8531,16213566,63,488,2.0955428123502022,BA.2.3.20,node_1365460,8.8384310637,BA.5.5,node_1765632,8.129852757200002,0.919829854258843,46
2022-10,node_1621325,BQ.1.13,8.9995518076,84,64,110.021,12795215,64,5,2.1971747769406447,BA.2.3.20,node_1365460,8.8384310637,BQ.1.13,node_1621249,8.9995518076,1.0,56
2022-10,node_2031811,BA.5.2.60,8.8169210781,74,53,110.021,12795215,64,6,2.17667272495901,BA.5.2,node_1971159,8.4542368269,BA.5.2,node_2003685,8.819226776199999,0.999738560062179,12
2022-10,node_1746402,BA.5.3.1,8.679234904600001,71,53,110.021,12795215,64,9,2.160933380155956,BF.7,node_1827695,8.7715093942,BE.1,node_1736728,8.3003866585,0.9894802039816529,19
2022-10,node_1807775,BA.5.2.1,8.9664974612,73,53,110.021,12795215,64,5,2.193495127263492,BF.7.24,node_1838751,8.7715093942,BA.5.2.6,node_2039295,8.8331316793,1.0150983577220452,14
2022-10,node_1861608,BF.26,8.3976803965,81,53,110.021,12795215,64,8,2.127955524440884,BA.4,node_1569450,8.0212684813,BF.26,node_1861607,8.3976312743,1.0000058495304682,32
2022-10,node_1843959,BF.7.21,8.7715585164,75,55,110.021,12795215,64,11,2.1715145005613388,BA.4.1,node_1564800,8.0156931193,BF.7.21,node_1843958,8.7715093942,1.0000056001992124,22
2022-07,node_1884960,BF.5,8.483011990400001,78,58,96.9249,29650733,62,145,2.1380655742868173,BA.2.12.1,node_1517568,7.415973946499999,BF.5,node_1884905,8.483011990400001,1.0,32
2022-08,node_1914324,BF.1,8.299071280500002,84,60,95.1368,25713990,83,29,2.1161436146262984,BF.1,node_1914309,8.300638302500001,BF.1,node_1914323,8.299071280500002,0.9998112166868507,14
2022-09,node_1914325,BF.1,8.299071280500002,81,60,102.288,14721332,75,28,2.1161436146262984,BF.1,node_1914324,8.299071280500002,BF.1,node_1914319,8.299071280500002,1.0,8
2022-10,node_1435950,BM.1.1.3,8.7293743832,93,67,110.021,12795215,64,10,2.1666937044199166,XBB.1,node_1035922,9.444340684300002,BM.1.1.3,node_1435949,8.7293743832,0.9242968540632442,38
2022-09,node_1435454,BM.1.1.3,8.729389280900001,91,65,102.288,14721332,75,12,2.166695411035607,BN.1.4,node_1393860,9.093287754799999,BM.1.1.3,node_1435453,8.7293743832,0.9599816387963848,17
2022-09,node_1365460,BA.2.3.20,8.8384310637,91,70,102.288,14721332,75,31,2.1791093794159497,XBB.1.43.1,node_1082484,9.8512570872,BA.2.3.20,node_1362214,8.8384310637,0.8971881441591864,59
2022-09,node_1787671,BF.30,8.7711045223,80,56,102.288,14721332,75,15,2.171462741703621,XBB.1.16,node_1046283,10.367435582200002,BF.30,node_1787643,8.7710554001,0.8460245016963727,69
2022-09,node_1439779,BA.2.75.2,8.923163311100001,89,64,102.288,14721332,75,44,2.1886505150143427,BF.27,node_1906599,8.3923153892,BA.2.75.2,node_1439777,8.724577771,1.0227616218586633,44
2022-09,node_1922350,BF.13,8.6948272526,75,54,102.288,14721332,75,9,2.162728280167828,BA.4.6,node_2198487,8.4404786246,BF.13,node_1922290,8.6929416917,1.0002169071146307,26
2022-10,node_1956404,BA.5.2,9.303649648700002,78,56,110.021,12795215,64,12,2.2304067585206866,BA.2,node_1461150,8.8720604587,BA.5.2,node_1956403,8.6979366412,1.0486458801773362,25
2022-08,node_1830901,BF.7,8.8338580362,77,58,95.1368,25713990,83,54,2.1785918428844657,XBB.1.43.1,node_1082484,9.8512570872,BF.7,node_1830889,8.8338580362,0.8967239366515027,56
2022-11,node_1824128,BF.7,8.7708342912,78,55,116.172,12388536,46,5,2.171431931984936,BE.1.1,node_1600322,8.301117808,BF.7,node_1824127,8.7708342912,1.0,21
2022-07,node_2067151,BA.5.10,8.442742580700001,76,56,96.9249,29650733,62,75,2.1333072061428506,BA.5.2.1,node_1780616,8.3930069621,BA.5.10,node_2067147,8.350687995600001,1.005925840264948,19
2022-08,node_1909990,BA.5.2.1,8.6200661163,75,55,95.1368,25713990,83,21,2.154092754750595,BA.2.3.20,node_1365460,8.8384310637,BA.5.2.1,node_1914879,8.6200661163,0.9752936979622052,49
2022-09,node_1780255,BA.5.2.1,9.546633035000001,75,56,102.288,14721332,75,9,2.2561885305480183,BA.2,node_1460951,8.958799686199999,BA.5.2.1,node_1780254,9.0474681223,1.0551717791046613,19
2022-10,node_1740840,BE.1,8.4172635575,75,58,110.021,12795215,64,9,2.1302847822614885,BE.1.1,node_1732709,8.4172635575,BE.1,node_1740846,8.679203165099999,0.9698198552773502,12
2022-05,node_1508625,BA.2.12.1,5.791070901500001,52,38,94.8531,16213566,63,262,1.7563172315636264,BA.2.12.1,node_1508608,5.9441800552,BA.2.12.1,node_1508600,5.5315127383,0.9742421743153526,11
2022-08,node_2078626,BA.5.1.5,8.493440852200001,73,54,95.1368,25713990,83,66,2.139294201162947,BA.5.1.5,node_2076537,8.494038757600002,BA.5.2.1,node_1926560,8.3920962109,0.9999296088213082,16
2022-10,node_1461139,BA.2,7.876084934600001,81,59,110.021,12795215,64,6,2.06383094469537,BA.2,node_1010379,7.248590304000001,BA.2,node_1461138,8.4102770378,0.9364834118068796,21
2022-09,node_2136944,CL.1,8.968332962800002,82,63,102.288,14721332,75,9,2.193699812957532,BA.5.5,node_1765776,8.300061373800002,CL.1,node_2136885,8.968332962800002,1.0,16
2022-08,node_2003986,BA.5.2,8.8330533335,80,57,95.1368,25713990,83,23,2.178500745727332,BA.5.2.1,node_1910113,8.7715093942,BA.5.2,node_2048845,8.4542368269,1.0070163453670464,17
2022-08,node_2143258,BA.5.1.3,8.293407442300001,72,54,95.1368,25713990,83,30,2.1154609151315933,BA.5.1.3,node_2143304,8.301098424100001,BA.5.9,node_1577410,8.2929504904,0.9990734983002164,18
2022-08,node_2004445,BA.5.2,8.4613716231,77,57,95.1368,25713990,83,10,2.1355112908664915,XBB.1.43.1,node_1082484,9.8512570872,BA.5.2,node_1988268,8.4613716231,0.8589128827115967,57
2022-06,node_1440809,BA.2.75.2,8.7260819909,87,65,100.291,17732748,81,37,2.1663164708181726,BA.2.3.20,node_1365460,8.8384310637,BA.2.75.2,node_1439239,8.7260819909,0.9872885728258463,47
2022-06,node_1814758,BA.5.2.1,8.7715093942,70,51,100.291,17732748,81,25,2.1715089003778076,BA.5.1,node_2136318,8.7715093942,BA.2.12.1,node_1508646,5.804839562500001,1.0,23
2022-10,node_1780258,BA.5.2.1,9.546633035000001,78,57,110.021,12795215,64,5,2.2561885305480183,BA.5.2.1,node_1780255,9.546633035000001,BA.5.2,node_2066162,8.969124538900001,1.0,21
2022-10,node_2003599,BA.5.2,8.453775162500001,77,54,110.021,12795215,64,9,2.1346131063923064,BA.5.2.20,node_1950368,8.4542368269,BA.5.2,node_1943901,8.444097026800002,0.9999453925399239,11
2022-07,node_2065747,BA.5.2,8.3914463414,71,53,96.9249,29650733,62,27,2.1272128943465582,BA.5.2,node_2065746,8.388127152500001,BA.5,node_2066931,8.396061623200001,0.9994503039630809,9
2022-07,node_2066169,BA.5.2,8.496283315700001,76,58,96.9249,29650733,62,5,2.1396288108950925,BA.5.2,node_1948127,8.6572801162,BA.2.75,node_1378122,8.863467755600002,0.9585732751531689,26
2022-10,node_2030177,BA.5.2,8.4810444244,80,54,110.021,12795215,64,8,2.1378336054745577,XBB.1.16,node_1046283,10.367435582200002,BA.5.2,node_2030176,8.4809953022,0.8180465031257321,67
2022-06,node_1509017,BA.2.12.1,5.846099343600001,54,39,100.291,17732748,81,25,1.7657746599760737,BA.2.12.1,node_1508757,5.6925008192,BA.2.12.1,node_1508612,5.958438086900001,0.9811462766480725,11
2022-06,node_2136309,BA.5.1,8.308617509400001,69,51,100.291,17732748,81,19,2.1172932303340755,EG.5.1.3,node_1152883,10.8548028369,BA.5.1,node_2088698,8.308617509400001,0.7654323744283541,59
2022-09,node_1986867,BA.5.2,8.4542368269,74,51,102.288,14721332,75,9,2.1346677153434244,BA.5.2,node_1966559,8.4537147382,BA.5.2,node_2004902,8.4542368269,1.0,11
2022-09,node_1738687,BE.1,8.3147492997,78,58,102.288,14721332,75,6,2.118030961823553,BE.1,node_1738575,8.3003866585,BA.2.75.2,node_1439652,8.7293902834,0.9525005790509229,46
2022-09,node_959571,BA.2.65,7.274840847300002,81,60,102.288,14721332,75,5,1.984421936158465,BA.2,node_1448743,6.821015589500001,BA.2.65,node_959566,6.966163905800001,1.044310892720023,16
2022-03,node_1376436,BA.2,8.458557408,70,53,89.132,51347034,64,20,2.135178639929153,BA.2.75,node_1377813,8.4573112633,BA.2,node_1376435,8.352026453,1.0001473452568086,10
2022-06,node_2136313,BA.5.1,9.380034022500002,69,52,100.291,17732748,81,13,2.2385833901437517,BA.5,node_1580706,9.380034022500002,BE.1.1.1,node_1609466,8.5344453232,1.0,13
2022-08,node_2158931,BA.5.1,8.3006628746,74,52,95.1368,25713990,83,21,2.1163353760231987,BA.5.1,node_2158929,8.300658341200002,BA.4,node_1569334,8.0216901278,1.0000005461494512,25
2022-08,node_2109179,BA.5.1.4,8.1959367425,76,56,95.1368,25713990,83,37,2.1036385122526764,BA.2,node_1546136,7.132272671100002,BA.5.1.4,node_2109178,8.2998309038,0.9874823761466716,15
2022-09,node_1574365,BA.5,8.299712309900002,66,53,102.288,14721332,75,5,2.1162208527439987,BA.2.75,node_1377826,8.4573112633,BA.5.1,node_2102758,8.299712309900002,0.98136535968779,26
2021-06,node_526974,BA.1_dropout,5.407807889100002,49,41,131.78,11472596,94,1932540,1.6878438146444534,XM,node_2250996,7.0099004626,B.1.1.529,node_526930,5.2177553787000015,0.771452878389977,24
2022-08,node_2166195,BA.5.1,8.3926928876,70,51,95.1368,25713990,83,21,2.127361432938295,BA.5_dropout,node_1573815,8.4006720945,BA.5.1,node_2166194,8.300638302500001,0.9990501704137191,9
2022-07,node_1583142,BA.5,8.303550431600002,69,55,96.9249,29650733,62,22,2.116683186181483,BA.5.1.17,node_2075495,8.3148374721,BE.1.1.2,node_1602667,8.3041517895,0.998642542257997,14
2022-09,node_2142930,BA.5.1.3,8.000703449300001,74,55,102.288,14721332,75,8,2.079529468976618,XBB.1.16,node_1042998,10.367347143100003,BA.5.1.3,node_2142929,8.0006885516,0.7717213804907532,57
2020-04,node_526916,B.1.1.529_dropout,1.8559889307,11,9,59.1907,2412716,4,8202774,0.6184176702837237,B.1,node_27679,1.4930565905,B.1.1,node_219500,1.5911037497,1.166478886779032,19
2022-06,node_1814769,BA.5.2.1,8.3926928876,80,53,100.291,17732748,81,8,2.127361432938295,BA.2.10,node_1027627,6.675295200400001,BA.5.2.1,node_1814768,8.3926928876,1.0,23
2022-09,node_1957005,BA.5.2,8.454334572,71,53,102.288,14721332,75,7,2.134679276947027,BA.5.2,node_1975555,8.454286707400001,BA.5.2,node_1957003,8.4542846915,1.0000056615775708,6
2022-07,node_2178134,BA.5,8.2957605247,68,53,96.9249,29650733,62,20,2.115744604153304,BA.5_dropout,node_1572929,8.300638302500001,BA.2.36,node_2385758,7.1489248097,0.9994123611194417,19
2022-09,node_1929538,BA.5.2.1,8.3927077853,75,52,102.288,14721332,75,8,2.1273632080165656,XBB.1.16,node_1042998,10.367347143100003,BA.5.2.1,node_1929537,8.3926928876,0.8095328216038155,60
2022-07,node_2055692,BA.5.2.9,8.3927077853,72,52,96.9249,29650733,62,7,2.1273632080165656,XBB.1.16,node_1042998,10.367347143100003,BA.5.2.9,node_2055690,8.3926928876,0.8095328216038155,57
2022-08,node_2066931,BA.5,8.396061623200001,71,54,95.1368,25713990,83,19,2.127762741521733,BF.26,node_1863141,8.3976312743,BA.5.2,node_2065747,8.3914463414,0.9998130840651693,14
2022-09,node_1909908,BA.5.2.1,8.388324926500001,74,55,102.288,14721332,75,6,2.1268408493542674,BA.5.2.1,node_1909907,8.388324926500001,BA.5.2,node_2060799,8.4542368269,0.9922036841704884,11
2022-01,node_2255455,BA.2,6.9658823440000015,76,56,95.6634,90483564,69,88,1.9410242817638472,BA.4.1.9,node_1556793,8.4557386093,BA.2,node_2255454,6.9658823440000015,0.8238053073611584,24
2022-06,node_1759062,BA.5.6,8.300692640300001,74,55,100.291,17732748,81,41,2.1163389619592956,BA.2.3.20,node_1365460,8.8384310637,BA.5.6,node_1759059,8.300692640300001,0.9391590634667588,47
2022-09,node_2127987,BA.5.1,8.1452384886,80,61,102.288,14721332,75,10,2.097433521993671,BA.5.1,node_2127925,8.353168740800001,BA.2.3.7,node_1353093,6.7937096404,0.9751076197964982,27
2022-06,node_1998945,BA.5.2,8.4542368269,78,54,100.291,17732748,81,18,2.1346677153434244,BA.5.2,node_1998944,8.4542368269,XBB.1.4.1,node_1187754,9.441627938500003,0.8954215186161137,54
2022-08,node_2004335,BA.5.2,8.454699609000002,78,57,95.1368,25713990,83,6,2.1347224535112415,BA.5.2,node_2004333,8.4535326,BA.5.2,node_1947401,8.454699609000002,1.0,10
2022-08,node_2159371,BA.5.1,8.5279377721,76,57,95.1368,25713990,83,6,2.143347570504277,XBB.1.16,node_1046283,10.367435582200002,BA.5.1,node_2159370,8.527888649900001,0.8225696416905389,65
2022-05,node_1517866,BA.2.12.1,8.3012352784,83,61,94.8531,16213566,63,145,2.1164043324515482,BE.1.1,node_1732786,8.301117808,BA.2.12.1,node_1517815,8.0331938026,1.0000141511544247,33
2022-08,node_2126161,BA.5.1.23,8.1306548461,73,55,95.1368,25713990,83,15,2.0956414671917627,BA.5.5,node_1764026,8.1308557511,BA.5.1.23,node_2126109,8.300638302500001,0.9795216403600185,15
2022-08,node_1567073,BA.4.1.10,8.452296857899999,76,57,95.1368,25713990,83,13,2.1344382219363567,BA.5.2.1,node_1800413,8.3925286025,BA.4.1.10,node_1567068,8.446885780999999,1.0006406002212285,21
2022-08,node_1921583,BF.28,8.3901862514,76,54,95.1368,25713990,83,7,2.127062719446065,XBB.1.16,node_1042998,10.367347143100003,BF.28,node_1921582,8.390171353700001,0.8092896027875458,61
2022-09,node_1592195,BE.1.1,8.504445781400001,77,60,102.288,14721332,75,5,2.140589059868014,BA.2.3,node_1368487,6.7933379785,BE.1.1,node_1592194,8.504396659200001,1.0000057760946448,28
2022-07,node_1914309,BF.1,8.300638302500001,79,58,96.9249,29650733,62,11,2.1163324157612604,BF.1,node_1914324,8.299071280500002,BF.1,node_1914279,8.300638302500001,1.0,14
2022-06,node_633736,miscDeltaBA1Post11k,7.762765250100001,97,65,100.291,17732748,81,48,2.049338617381106,XCU,node_911435,9.433234249400002,AY.122,node_2583038,3.1986348217,0.8229166206270929,108
2022-07,node_1910001,BA.5.2.1,8.3926029871,74,56,96.9249,29650733,62,10,2.1273507211223492,BA.2.75.2,node_1440810,8.7260819909,BA.5.2.1,node_1805203,8.3926029871,0.9617836499648104,42
2022-08,node_1906569,BF.27,8.388418928,74,55,95.1368,25713990,83,7,2.1268520555216637,BF.27,node_1906565,8.388418928,BA.5.1.23,node_2122773,8.302022928900001,1.0,16
2022-08,node_1932360,BA.5.2.1,8.3926928876,79,58,95.1368,25713990,83,11,2.127361432938295,BA.2.3.20,node_1365460,8.8384310637,BA.5.2.1,node_1932359,8.3926928876,0.9495681786860709,51
2022-03,node_977821,BA.2,6.965748933400001,91,68,89.132,51347034,64,222,1.9410051295773807,AY.9.2,node_2501750,3.2789759078,BA.2,node_977820,6.9660665265000015,0.9999544085462302,104
2022-06,node_2156353,BA.5.1.10,8.300638302500001,74,54,100.291,17732748,81,7,2.1163324157612604,XBB.1.9.1,node_1088277,9.8523815498,BA.5.1.10,node_2156325,8.300638302500001,0.8425006949379159,43
2022-08,node_2066915,BA.5,8.7760846724,72,56,95.1368,25713990,83,7,2.1720303711032316,BA.5,node_2066893,8.7715093942,BA.5.1.10,node_2154989,8.3076476538,1.00052160671492,12
2022-08,node_1813285,BA.5.2.1,8.3926928876,73,54,95.1368,25713990,83,8,2.127361432938295,BA.5.2.1,node_1813281,8.2861619326,BF.7,node_1829928,8.7786441904,0.9560352037935356,16
2022-08,node_1909954,BA.5.2.1,8.7547856497,77,58,95.1368,25713990,83,5,2.169600482251347,BA.2.3.20,node_1365460,8.8384310637,BF.36,node_1911227,8.7547856497,0.9905361694403505,48
2022-06,node_1892798,BF.5,8.4830268881,76,54,100.291,17732748,81,22,2.138067330465747,XBB.1.16,node_1042998,10.367347143100003,BF.5,node_1892594,8.483011990400001,0.8182447033951096,61
2022-07,node_2065816,BA.5.2,8.3935337056,69,53,96.9249,29650733,62,9,2.127461612451068,BA.5.2,node_1947755,8.454620693,BA.5.1.3,node_2141124,8.3010952544,0.9927747217032955,13
2022-08,node_1738704,BE.1,8.302653090500002,73,54,95.1368,25713990,83,5,2.11657511318338,BA.5.2,node_1946468,8.4542368269,BE.1,node_1738671,8.302653090500002,0.982070086336157,13
2022-07,node_1578392,BA.5.9,8.4811963207,79,57,96.9249,29650733,62,5,2.137851515407837,BA.2,node_2389337,6.966163905800001,BA.5.9,node_1578391,8.4811963207,1.0,28
2022-03,node_1517729,BA.2.12.1,6.966163905800001,79,59,89.132,51347034,64,290,1.9410647010669402,BA.2,node_982493,6.966163905800001,BA.2.12.1,node_1517728,7.415973946499999,0.9393457900546849,22
2022-08,node_1801927,BA.5.2.1,8.3926928876,71,52,95.1368,25713990,83,5,2.127361432938295,BA.2.3,node_1356764,6.7932888563,BA.5.2.1,node_1924295,8.3927422602,0.9999941172267098,24
2022-06,node_1587931,BE.3,8.285746557900001,72,54,100.291,17732748,81,22,2.1145367564024866,BE.3,node_1587926,8.285746557900001,BA.2.3.1,node_1368694,6.7917996699,1.0,28
2022-08,node_2097147,BA.5.1,8.303460411600001,72,53,95.1368,25713990,83,8,2.1166723449770246,BA.5.1,node_2097146,8.303460411600001,BA.4,node_1567935,8.021219359100002,1.0,18
2022-08,node_1745697,BE.1.4,8.300419423700001,76,54,95.1368,25713990,83,8,2.116306046501708,BE.3,node_1587931,8.285746557900001,BE.1.4,node_1745696,8.300419423700001,1.0,15
2022-08,node_2147039,BA.5.1,8.5910841114,76,58,95.1368,25713990,83,6,2.1507249342493604,XBB.1.16,node_1046283,10.367435582200002,BA.5.1,node_2147034,8.3068060961,0.8286604766708322,65
2022-07,node_1587932,BE.3,8.285746557900001,73,56,96.9249,29650733,62,21,2.1145367564024866,BE.3,node_1589407,8.285746557900001,BA.2.3.1,node_1368694,6.7917996699,1.0,29
2022-01,node_1003322,BA.2,6.966163905800001,72,49,95.6634,90483564,69,559,1.9410647010669402,BA.2,node_1003321,6.966163905800001,BA.5.2.1,node_1790424,8.3926928876,0.8300272628934556,20
2022-08,node_2003751,BA.5.2,8.6499803071,78,58,95.1368,25713990,83,5,2.157557044305358,XBB.1.43.1,node_1082484,9.8512570872,BA.5.2,node_1961379,8.6499803071,0.8780585290317059,58
2022-06,node_1739456,BE.1,8.299284536000002,77,58,100.291,17732748,81,8,2.11616931060515,BQ.1.1,node_1707482,8.9977205616,BE.1,node_1739451,8.299284536000002,0.9223763373380647,19
2022-08,node_1994430,BA.5.2,8.4542368269,76,53,95.1368,25713990,83,5,2.1346677153434244,XBB.1.43.1,node_1082484,9.8512570872,BA.5.2,node_1994425,8.4542368269,0.8581886303510254,58
2022-06,node_1953564,BA.5.2.20,8.4542517246,76,52,100.291,17732748,81,10,2.1346694774997466,XBB.1.16,node_1042998,10.367347143100003,BA.5.2.20,node_1953563,8.4542368269,0.8154691463405598,61
2022-06,node_1517907,BA.2.12.1,8.301070599700001,92,67,100.291,17732748,81,38,2.116384494399989,BE.2,node_1735808,8.300473623800002,BA.2.12.1,node_1517868,8.3012352784,0.9999801621452138,29
2022-06,node_1558401,BA.4.1,7.5855458276,81,62,100.291,17732748,81,31,2.0262445716616253,BA.4.1,node_1558400,7.585482579400001,BA.5.2.1,node_1850554,7.870540133,0.9637897398928109,18
2022-05,node_2160647,BA.5.1,8.300638302500001,72,54,94.8531,16213566,63,71,2.1163324157612604,BA.5.1,node_2160637,8.300638302500001,BA.2.12.1,node_1517975,8.3012352784,0.9999280858956555,23
2022-08,node_2196839,BA.4.6,8.4401761622,80,56,95.1368,25713990,83,5,2.1330031806886205,BA.2.12.1,node_1477332,7.415973946499999,BA.4.6,node_2196838,8.4401761622,1.0,26
2022-07,node_1572352,BA.4,8.1217772955,73,53,96.9249,29650733,62,5,2.0945490089792838,BA.4,node_1569236,8.0212168067,BA.5.2,node_2050088,8.4542368269,0.9606753941003676,22
2022-06,node_1569361,BA.4,8.021219359100002,74,53,100.291,17732748,81,42,2.0820904501095763,BA.5.6,node_1750235,8.299774156800002,BA.4,node_1569213,8.021219359100002,0.9664382677844577,19
2022-07,node_1574831,BA.5.8,8.292961138,71,54,96.9249,29650733,62,8,2.1154070993372622,BA.5.8,node_1574741,8.291798240000002,BA.5.1,node_2128567,8.301914678,0.9989215090316785,13
2022-08,node_1745987,BE.1.4,8.1935313951,76,55,95.1368,25713990,83,6,2.1033449887048623,BA.2,node_1546136,7.132272671100002,BE.1.4,node_1745986,8.300419423700001,0.9871225749996675,15
2022-07,node_2086397,BA.5.1,8.3018474755,69,52,96.9249,29650733,62,10,2.116478077443289,BA.5.1,node_2093202,8.300638302500001,BA.5.5,node_1765683,8.3018474755,1.0,10
2022-06,node_1738647,BE.1,8.3003866585,77,59,100.291,17732748,81,8,2.116302099078934,XBB.1.43.1,node_1082484,9.8512570872,BE.1,node_1738009,8.3003866585,0.842571317043884,57
2022-06,node_2108447,BA.5.1,8.300638302500001,71,53,100.291,17732748,81,11,2.1163324157612604,BA.5.1,node_2117339,8.30121565,BA.5.1,node_2108410,8.300638302500001,0.9999304502467662,7
2022-05,node_2196522,BA.4.6,8.4404786246,75,55,94.8531,16213566,63,7,2.1330390160757964,XBB.1.16.6,node_1066443,10.838635787800001,BA.4.1,node_1564834,8.4404786246,0.7787399438313655,58
2022-07,node_2165808,BA.5.1,8.301421069300002,73,54,96.9249,29650733,62,7,2.116426713315925,B.1.621,node_163583,2.7249704085,BA.5.1,node_2165790,8.301371947100002,1.0000059173592406,88
2022-07,node_1932519,BA.5.2.1,8.392684231299999,73,53,96.9249,29650733,62,5,2.127360401528641,XBB.1.16,node_1042998,10.367347143100003,BA.5.2.1,node_1932495,8.3926693336,0.8095305496629152,58
2022-05,node_1767340,BA.5.5,8.130444583600001,68,51,94.8531,16213566,63,48,2.095615606394229,XBB.1.16,node_1042998,10.367347143100003,BA.5.5,node_1763350,8.130429685900001,0.784235780993523,53
2022-04,node_1555854,BA.4.1,6.6753465624000015,68,50,87.4823,25217142,61,68,1.8984211223992191,BA.2,node_1008533,5.628395331700001,BA.4.1,node_1555853,8.015633154,0.8327909266991389,18
2022-06,node_2200837,BA.4.6,8.4402199648,71,51,100.291,17732748,81,5,2.133008370448348,BA.4.1,node_1561467,8.015207420400001,BA.4.6,node_2200813,8.4406565415,0.9999482769263442,10
2022-06,node_1790305,BF.4,8.300638302500001,82,62,100.291,17732748,81,9,2.1163324157612604,BF.4,node_1790304,8.300638302500001,BA.2.12.1,node_1518051,7.152199297299999,1.0,36
2022-07,node_2125863,BA.5.1.23,8.300638302500001,70,52,96.9249,29650733,62,6,2.1163324157612604,DN.2,node_1699292,9.115644445,BA.5.1.23,node_2125275,8.300638302500001,0.9105925919536018,26
2022-07,node_2119347,BA.5.1,8.301634965400002,74,55,96.9249,29650733,62,5,2.116452479186927,XBB.1.16,node_1046283,10.367435582200002,BA.5.1,node_2119346,8.301585843200002,0.8007414079961295,64
2022-05,node_1912795,BF.1,8.1426371877,75,52,94.8531,16213566,63,21,2.097114106377563,BF.1,node_1913071,8.1426371877,BF.1,node_1912481,8.1426371877,1.0,9
2022-07,node_2194883,BA.4.6,8.4404786246,76,54,96.9249,29650733,62,5,2.1330390160757964,BA.4.6,node_2194534,8.4405829644,BA.4.1,node_1560562,8.0156155811,0.9999876383182963,11
2022-06,node_1508741,BA.2.12.1,5.951147760400002,61,46,100.291,17732748,81,16,1.7835841018621141,BA.2.12.1,node_1508657,6.381296731200001,BA.2.12.1,node_1508739,5.776179156900001,0.9325922318113062,14
2022-06,node_1795474,BA.5.2.1,8.3926928876,69,52,100.291,17732748,81,5,2.127361432938295,BE.1.1.1,node_1609458,8.9132618298,BA.5.2.1,node_1779627,8.3926928876,0.9415961348224324,15
2022-07,node_1575934,BA.5,8.294323863,70,53,96.9249,29650733,62,5,2.1155714089277686,BA.5.8,node_1574835,8.29179526,BA.5,node_1576719,8.2689678835,1.0003049524162997,13
2022-04,node_1473793,BA.2.12.1,6.4641350937,68,46,87.4823,25217142,61,215,1.8662692203970634,BA.2.12.1,node_1473670,6.4641100203,BA.2.12.1,node_1514123,7.4159990199,0.8716472421792695,11
2022-07,node_2170654,BA.5.1,8.292483494,74,55,96.9249,29650733,62,7,2.11534950136377,XBB.1.16,node_1046283,10.367435582200002,BA.5.1,node_2170652,8.2924343718,0.7998586948770131,63
2022-07,node_2074144,BA.5.1,8.299518431500001,73,54,96.9249,29650733,62,5,2.1161974928181047,BA.4,node_1569450,8.0212684813,BA.5.1,node_2074143,8.299469309300001,1.0000059187157841,24
2022-07,node_1741018,BE.1,8.3003866585,77,61,96.9249,29650733,62,5,2.116302099078934,XBB.1.43.1,node_1082484,9.8512570872,BE.1,node_1741016,8.3003866585,0.842571317043884,57
2022-06,node_2113814,BA.5.1,8.341982191900001,70,53,100.291,17732748,81,8,2.121300861020617,BA.5.1,node_2106155,8.300638302500001,BA.2.54,node_924190,7.012571275400001,1.004980808450303,18
2022-05,node_1769280,BA.5.5,8.130429685900001,67,51,94.8531,16213566,63,24,2.095613774057326,BA.2.3.9_rev10198,node_1349943,6.7935956498,BA.5.5,node_1763143,8.130429685900001,1.0,20
2022-06,node_1587564,BE.3,8.179215602900001,74,56,100.291,17732748,81,5,2.101596253950703,BA.2,node_1546136,7.132272671100002,BE.3,node_1587557,8.285746557900001,0.9871428658533576,14
2022-04,node_1518194,BA.2.12.1,7.4161974482,94,65,87.4823,25217142,61,45,2.003666452531563,BA.2.12.1,node_1517849,8.0622590939,BA.2.12.1,node_1518192,7.4162912233,0.9198659286218155,27
2022-06,node_2193762,BA.4.6,8.4404786246,76,54,100.291,17732748,81,5,2.1330390160757964,BA.2.3.9_rev10198,node_1349943,6.7935956498,BA.4.6,node_2193761,8.4404786246,1.0,19
2021-11,node_551482,BA.1,7.2958845989,59,48,141.142,15702891,107,128,1.9873104356102071,BA.1,node_551478,7.2957977106000005,BA.1,node_550998,7.2953200964,1.0000119093625461,11
2022-05,node_1558278,BA.4.1,8.0156439971,74,52,94.8531,16213566,63,16,2.081395131816866,BA.5.2,node_1983386,8.4542056618,BA.4.1,node_1557526,8.014575219500001,0.9481250300449132,24
2022-05,node_2143582,BA.5.1.3,8.3077488462,70,54,94.8531,16213566,63,5,2.1171886752006364,BA.2,node_2395104,6.966163905800001,BA.5.1.3,node_2143549,8.3010952544,1.0008015317974426,28
2022-06,node_1765734,BA.5.5,8.301466802,76,56,100.291,17732748,81,5,2.116432222321389,BE.1,node_1741018,8.3003866585,BA.5.1,node_2117829,8.301466802,1.0,22
2022-07,node_2004946,BA.5.2,8.454252748400002,75,58,96.9249,29650733,62,5,2.1346695985985704,BE.1,node_1739457,8.299284536000002,BA.5.2.10,node_2060276,8.454252748400002,1.0,23
2022-07,node_1747527,BA.5.3.2,8.1861709846,69,54,96.9249,29650733,62,7,2.102446265294046,BA.5.1.21,node_2118806,8.302567873500001,BA.5.3.2,node_1747525,8.1861709846,0.9859806157958052,14
2022-06,node_1745286,BE.1,8.3003866585,71,52,100.291,17732748,81,7,2.116302099078934,BF.1,node_1912323,8.1537191676,BE.1,node_1745240,8.3003866585,1.0,16
2022-06,node_80291,B.1,2.6493773127999996,60,51,100.291,17732748,81,6,0.9743246360849872,B.1.234,node_3613752,1.259209618,B.1,node_80290,1.2542440992000001,2.1040002196044214,26
2022-05,node_1555022,BA.4.1,8.0156439971,73,53,94.8531,16213566,63,19,2.081395131816866,BA.2,node_1008314,6.966163905800001,BA.4.1.1,node_1549908,8.015715289700001,0.9999911058966762,14
2022-05,node_1782472,BF.8,8.3926380128,75,56,94.8531,16213566,63,14,2.127354894514915,BA.4.1,node_1560582,8.0211598924,BF.8,node_1782471,8.3926380128,1.0,20
2022-06,node_1605490,BE.1.1,8.3910202029,71,55,100.291,17732748,81,8,2.1271621105718412,BA.5.2.1,node_1803723,8.392505300500002,BE.1.1,node_1605489,8.391128617500001,0.9998230447825975,11
2022-06,node_1572383,BA.4,8.0197407892,72,52,100.291,17732748,81,6,2.0819061008074744,BF.27,node_1905944,8.388499765999999,BA.4.2,node_1572109,8.0211598924,0.9560399371655656,22
2022-06,node_2152523,BA.5.1.10,8.3065553275,72,53,100.291,17732748,81,5,2.117045001569821,XBB.1.16,node_1042998,10.367347143100003,BA.5.1.10,node_2152226,8.306540429800002,0.8012228406018443,56
2022-06,node_1790313,BF.4,8.3926928876,86,62,100.291,17732748,81,5,2.127361432938295,BA.2.12.1,node_1517773,6.966481182600001,BF.4,node_1790296,8.3926928876,1.0,37
2022-06,node_2125382,BA.5.1.23,8.300640724500001,72,53,100.291,17732748,81,5,2.1163327075460074,EU.1.1.1,node_1248721,10.0653486569,BA.5.1.23,node_2125381,8.300640724500001,0.8246749325280197,52
2022-06,node_610867,BA.1.17.2,5.399447316700001,67,55,100.291,17732748,81,5,1.686296599572978,BA.1.1,node_691634,5.676783811000002,BA.1.17.2,node_610866,5.401815035200001,0.9511454895001283,15
2022-07,node_1570957,BA.4,7.9789443274,73,52,96.9249,29650733,62,5,2.0768061129111515,BA.4,node_1570956,7.9789443274,BA.2.12.1,node_1517490,7.415973946499999,1.0,19
2022-05,node_1905458,BF.3,8.728370698900001,74,54,94.8531,16213566,63,7,2.1665787200051043,BA.4,node_1572261,8.2861619326,BF.3,node_1905457,8.834901653900001,0.9879420327273282,7
2022-03,node_1494316,BA.2.12.1,7.415973946499999,74,52,89.132,51347034,64,89,2.0036363151101337,BA.2.12.1,node_1520768,7.415973946499999,BA.2.10,node_1336151,6.7802440575,1.0,10
2021-10,node_551470,BA.1,6.973934582500001,54,45,133.259,13064658,94,213,1.9421795680115874,BA.2,node_2409803,6.823664980900001,BA.1,node_551452,6.973934582500001,1.0,29
2022-06,node_2067039,BA.5,8.3926672771,68,52,100.291,17732748,81,7,2.127358381410088,BA.5.2.1,node_1800249,8.3926672771,BA.2.9,node_2341049,7.246153691700001,1.0,39
2022-03,node_676607,BA.1.1.1,5.748395673700002,68,53,89.132,51347034,64,10,1.7489208026082501,BA.1.1,node_716843,5.7482266752000015,BA.1.1.1,node_676606,5.741468112600002,1.0000294001105992,13
2022-04,node_2394178,BA.2,6.967660789300001,74,51,87.4823,25217142,61,101,1.9412795571511114,BA.2,node_2233751,6.965727329100002,BA.2,node_2395080,6.967660789300001,1.0,19
2022-06,node_1574442,BA.5,8.3006582855,67,51,100.291,17732748,81,6,2.116334823163585,BA.2.75,node_1377826,8.4573112633,BA.5.1,node_2162301,8.3006582855,0.9814772126834465,30
2022-03,node_2294604,BA.2.77,8.166341868699998,72,56,89.132,51347034,64,66,2.100021056912085,BA.2,node_1461254,8.197649963,BA.2,node_2294603,6.995883458000001,0.9961808451884003,8
2022-04,node_1518145,BA.2.12.1,7.4160686624,91,62,87.4823,25217142,61,25,2.0036490869046193,BA.2.12.1,node_1473802,6.895481822,BA.2.12.1,node_1518140,7.4159990199,1.0000093908453618,22
2022-05,node_1750235,BA.5.6,8.299774156800002,70,52,94.8531,16213566,63,11,2.116228304408257,BA.4,node_1569361,8.021219359100002,BA.5.6,node_1750228,8.299774156800002,1.0,19
2022-06,node_1750007,BA.5.3,8.2985397574,69,53,100.291,17732748,81,6,2.1160795664811807,XBB.1.16,node_1046283,10.367435582200002,BA.5.3,node_1750006,8.2984906352,0.8004428570212562,60
2022-04,node_1477332,BA.2.12.1,7.415973946499999,75,51,87.4823,25217142,61,49,2.0036363151101337,XBB.1.16,node_1046083,10.367439951700003,BA.2.12.1,node_1477264,7.415973946499999,0.715313904015809,52
2022-02,node_917594,XAE,6.929780001100002,64,49,92.3826,58251972,63,136,1.9358280668248853,miscBA2BA1PostSpike,node_917593,6.929954480300002,BA.2,node_2232418,6.9646870018000016,0.9949880015152184,13
2022-06,node_1750021,BA.5.3,8.2983718705,72,53,100.291,17732748,81,5,2.1160593353799046,BA.5.1,node_2131525,8.300638302500001,BA.5.3,node_1750020,8.2983718705,0.9997269569016978,10
2022-05,node_1486028,BA.2.12.1,7.9494292732,73,52,94.8531,16213566,63,5,2.0731001365546575,BA.2.12.1,node_1474578,8.146326470600002,BA.2.12.1,node_1486019,7.415973946499999,0.9758299402668673,17
2022-04,node_1520398,BA.2.12.1,5.932938217700001,68,49,87.4823,25217142,61,19,1.7805195738900776,BA.2.12.1,node_1509381,5.932957139800001,BA.2.12.1,node_1520396,7.4159550244,0.8000234896489297,8
2022-05,node_2250785,XM,6.8345035226,64,50,94.8531,16213566,63,11,1.9219838300248793,BA.2.3,node_1362049,6.807765140000001,BA.1.14.1,node_561478,5.741710853400002,1.0039276300004674,52
2022-01,node_2389164,BA.2,6.966163905800001,71,53,95.6634,90483564,69,758,1.9410647010669402,XBB.1.43.1,node_1082484,9.8512570872,BA.2,node_1008614,6.966163905800001,0.7071345153352381,41
2022-05,node_2202132,BA.4.4,6.851484502500001,68,51,94.8531,16213566,63,15,1.924465344488111,BA.4,node_1569624,6.809226930400001,BA.4.4,node_2202131,8.0634769312,0.849693570274823,7
2022-04,node_916880,miscBA2BA1PostSpike,6.929991576800002,67,51,87.4823,25217142,61,53,1.935858597732098,BA.1,node_527894,5.404074353500001,BA.2,node_2320592,6.966163905800001,0.9948074249344202,49
2022-04,node_1518339,BA.2.12.1,7.415973946499999,91,62,87.4823,25217142,61,21,2.0036363151101337,BA.2.12.1,node_1518037,7.415973946499999,BA.2.12.1,node_1518338,7.415973946499999,1.0,14
2022-05,node_1524990,BA.2.12,8.1026357857,72,51,94.8531,16213566,63,15,2.0921894143874353,BA.2.10.1,node_1332527,7.2161298779,BA.2.12.1,node_1474640,8.2220689935,0.9854740688877193,25
2022-06,node_2363372,BA.2.9,7.4928400094,72,50,100.291,17732748,81,6,2.013947899145675,BA.4,node_1568072,8.021219359100002,BA.2.9,node_2363371,7.4872646474,0.934127303338169,7
2022-05,node_1556024,BA.4.1,8.161356166000001,67,50,94.8531,16213566,63,5,2.099410351980581,BA.4.1,node_1556023,8.155780803999999,BA.4,node_1570325,8.021219359100002,1.000683608612589,6
2022-02,node_2250994,XM,6.817092903500001,59,45,92.3826,58251972,63,7,1.9194331204966746,BA.2,node_941355,6.963648287200001,BA.1.1,node_751440,5.742549450400002,0.978954223755185,35
2022-06,node_1596388,BE.1.1,8.191435590000001,74,55,100.291,17732748,81,5,2.103089168218518,BA.5.2.1,node_1813302,8.2830106696,BE.1.1,node_1596386,8.301117808,0.986787054401963,13
2022-01,node_928349,BA.2,6.975992025500001,76,56,95.6634,90483564,69,11,1.9424745434724244,BA.1.1.18,node_793411,5.613309646800001,BA.2,node_928311,6.975992025500001,1.0,56
2022-04,node_1498371,BA.2.12.1,7.415973946499999,74,52,87.4823,25217142,61,31,2.0036363151101337,BA.2.12.1,node_1468632,7.415973946499999,BA.4.1,node_1560846,8.0156439971,0.9251875394145552,17
2021-12,node_633722,miscDeltaBA1Post11k,5.390349851500001,57,47,144.167,25614610,61,201,1.684610290328419,BA.1,node_527017,5.404074353500001,B.1.617.2,node_2577220,3.3943397068000003,0.9974603417528644,74
2022-06,node_1555935,BA.4.1,8.0108373461,75,55,100.291,17732748,81,6,2.0807952932071068,BA.4.1.1,node_1549815,8.0164877821,BA.2.12.1,node_1470487,7.415973946499999,0.9992951481804018,21
2022-06,node_1477389,BG.6,6.330364546200001,72,50,100.291,17732748,81,5,1.8453578247347977,BA.2.12.1,node_1493518,6.078442477800001,BG.6,node_1477388,7.4164022239,0.8535627323178148,11
2022-04,node_2395080,BA.2,6.967660789300001,83,55,87.4823,25217142,61,18,1.9412795571511114,BA.2,node_2395077,6.966163905800001,BA.2,node_2394179,6.967660789300001,1.0,14
2022-02,node_2312461,BA.2,6.966163905800001,76,55,92.3826,58251972,63,17,1.9410647010669402,BA.2.12.1,node_1487438,7.2430670094,BA.2,node_2331790,6.966163905800001,0.9617699100062672,15
2022-01,node_999682,BA.2,6.966163905800001,80,58,95.6634,90483564,69,359,1.9410647010669402,BA.1.1,node_846424,5.741468112600002,BA.2,node_1000009,6.966293736700001,0.9999813629879952,55
2022-02,node_1524693,BA.2.12.2,6.975645819000001,69,49,92.3826,58251972,63,101,1.9424249139588246,BA.2.10,node_1024271,6.012705821500001,BA.2.12.2,node_1524688,6.976082395700001,0.9999374180700233,21
2022-05,node_1375050,BA.2,6.7954684276,70,49,94.8531,16213566,63,5,1.9162559823278638,BA.2,node_1011998,6.7953963582000005,BA.2,node_1375048,6.966235975200001,0.9754863963540802,13
2022-06,node_1529612,BA.2.38.2,6.650561290800001,72,52,100.291,17732748,81,5,1.8947012557374714,BA.2.10,node_1334349,6.102094278500001,BA.2.38.2,node_1529604,7.514630918100001,0.885015027788155,12
2022-05,node_2203572,BA.4_dropout,7.9350077247,72,55,94.8531,16213566,63,9,2.071284327475063,BA.4.1,node_1554218,8.190956084500002,BQ.1.1,node_1662931,9.1245541633,0.8696323768470254,15
2022-01,node_2395058,BA.2,6.966163905800001,72,52,95.6634,90483564,69,332,1.9410647010669402,XBB.1.9,node_1182163,10.450353715900002,BA.2,node_2394794,6.966163905800001,0.6665959923635048,43
2022-04,node_1448743,BA.2,6.821015589500001,77,58,87.4823,25217142,61,5,1.920008374185291,BE.1.2,node_1742983,8.6769183239,BA.2,node_1448735,6.966163905800001,0.7861103833041694,36
2022-07,node_1530705,BH.1,6.920690564500002,70,51,96.9249,29650733,62,10,1.9345155572084358,BA.2,node_1005782,5.483147099100001,BH.1,node_1530628,8.403707371200001,0.8235282666097602,18
2021-11,node_633702,BA.1.15,5.408113295700001,60,48,141.142,15702891,107,274,1.6879002881698908,BA.1.15,node_633699,5.412835388100001,AY.45,node_2658072,3.3949732261000003,0.9991276120440717,75
2022-05,node_1540645,BA.2.18,7.4170566662000015,64,49,94.8531,16213566,63,7,2.0037823027683803,BA.2.18,node_1540641,7.417240037400001,BA.2.10,node_1027420,6.674858623700001,0.9999752777044999,13
2022-04,node_926657,BA.2,6.9665519418000015,71,52,87.4823,25217142,61,21,1.9411204024828514,BA.2,node_1013041,6.966163905800001,BA.2,node_926656,7.071760629400003,0.9851227023773106,13
2022-05,node_2203817,BA.2,6.833547254800001,72,53,94.8531,16213566,63,6,1.9218439025667313,BA.2,node_1000005,6.966163905800001,BA.2,node_2203816,7.8953819312,0.8655119301823803,15
2022-04,node_2252205,BA.2,6.814772870100001,69,50,87.4823,25217142,61,18,1.9190927366547368,BA.2,node_2252076,6.817319558300001,AY.127,node_2857079,3.5782720725,0.9996264384882914,97
2022-01,node_2249845,XH,6.683883270800001,64,49,95.6634,90483564,69,189,1.899699146606982,miscBA1BA2Pre10k,node_2249844,6.684174007400001,BA.1,node_567327,5.403783616900001,0.9999565037355882,37
2022-04,node_2239266,BA.2.48,7.019546145500001,73,52,87.4823,25217142,61,18,1.948698564309536,XBB.1,node_1035922,9.444340684300002,BA.2.48,node_2239142,7.019546145500001,0.7432542281293486,35
2022-03,node_2246816,BA.2.80,7.4631466574,74,54,89.132,51347034,64,25,2.009977129222414,BA.2.12.1,node_1522845,7.664023772599999,BA.2,node_2246808,6.966097443600001,0.973789601760088,22
2022-03,node_996915,BA.2,6.966163905800001,72,51,89.132,51347034,64,31,1.9410647010669402,B.1.1.7,node_346428,2.0579190726,BA.2,node_996914,6.966163905800001,1.0,84
2022-04,node_2251094,miscBA1BA2Post13k,6.819921229500001,63,47,87.4823,25217142,61,17,1.9198479218619837,BA.2,node_1373353,6.966163905800001,BA.1.1,node_826993,5.741468112600002,0.9790067132675074,48
2022-04,node_920964,BA.2,6.537644082,69,50,87.4823,25217142,61,26,1.8775768684598426,BA.2,node_920960,6.5376714387,BA.2.3,node_1339022,6.793261499600001,0.9623719155202473,8
2022-04,node_1499561,BA.2.12.1,7.415973946499999,85,62,87.4823,25217142,61,9,2.0036363151101337,BA.2.12.1,node_1499569,7.415973946499999,BA.2.12.1,node_1499560,7.415973946499999,1.0,16
2022-04,node_1567324,BA.4.1,8.015672286200001,73,54,87.4823,25217142,61,8,2.081398661046719,BA.4,node_1572345,8.2861902217,BA.4.1,node_1549184,8.0156439971,0.9673531588990605,15
2022-05,node_1498373,BA.2.12.1,7.2430891875,79,54,94.8531,16213566,63,5,1.9800477987505207,BA.2.12.1,node_1486806,7.2430891875,BA.2.12.1,node_1498372,7.415973946499999,0.976687518018912,8
2022-02,node_922192,BA.2,6.965708206100001,70,51,92.3826,58251972,63,26,1.9409992827661544,BA.2.9,node_2380861,6.829799435000001,BA.2,node_922191,6.184469151800001,1.019899379534269,13
2022-03,node_2251147,miscBA1BA2Pre10k,6.820057909300001,64,45,89.132,51347034,64,17,1.9198679629190285,BA.2,node_1531510,6.966163905800001,BA.1.1,node_760306,5.741786954000001,0.9790263337935025,52
2022-05,node_2384141,BA.2.9,6.830218168700002,78,53,94.8531,16213566,63,7,1.9213566157811799,BA.5.6.4,node_1758880,8.3012022011,BA.2.9,node_2384139,6.830218168700002,0.8227986746058207,33
2022-02,node_1447571,BA.2,6.966173081300001,74,54,92.3826,58251972,63,51,1.9410660182185435,BA.2,node_2273950,6.966173081300001,BA.2,node_1447569,6.966163905800001,1.0,11
2022-04,node_921623,BA.2,6.966240586500001,71,51,87.4823,25217142,61,12,1.9410757085997812,BA.2,node_1000711,6.966163905800001,BA.2,node_921622,5.754171477100001,1.000011007593424,8
2022-05,node_1350447,BA.2.3,6.9339504498,68,51,94.8531,16213566,63,5,1.9364297012609506,BA.2.3,node_1350439,6.9334256632,BA.2.3.14,node_1366409,6.793813642900001,1.0000756893670593,7
2022-03,node_2369111,BA.2.9,6.830201917400001,74,51,89.132,51347034,64,25,1.921354236454644,BQ.1.1,node_1692841,9.1178427709,BA.2.9,node_2369110,6.830201917400001,0.7491028403339981,33
2022-01,node_2227240,BA.2,6.966163905800001,68,50,95.6634,90483564,69,59,1.9410647010669402,XBB.1,node_1035922,9.444340684300002,BA.2,node_1003655,6.965567229100001,0.7376019288864017,32
2022-04,node_2250881,miscBA1BA2Post17k,6.815704586000001,62,48,87.4823,25217142,61,5,1.9192294473318867,BA.2,node_2244991,6.963847393800001,BA.1,node_534956,5.404095882400001,0.978726873318348,47
2022-05,node_916162,BA.2,5.482296311800001,66,48,94.8531,16213566,63,5,1.701524048189277,BA.2.3,node_1339051,5.3088087554,BA.2,node_916161,6.965313118500001,0.7870854071497403,20
2021-10,node_2410289,B.1.1.529,5.219808081400001,48,39,133.259,13064658,94,6,1.6524606352033353,BA.2.3,node_1370951,6.793501779700001,B.1.1.529,node_2410256,5.0619229731000015,0.7683530895653208,32
2022-03,node_1468317,BA.2.12,6.965727329100002,66,46,89.132,51347034,64,39,1.9410020280683098,BA.2.10,node_1024274,6.012705821500001,BA.2.12,node_1468303,6.966163905800001,0.9999373289652809,18
2022-04,node_2260338,BA.2,6.5023540324,66,50,87.4823,25217142,61,8,1.8721642701686805,BA.2,node_948830,6.5024007346,BA.2,node_2260344,6.966117203600001,0.9334258730300526,8
2022-04,node_923304,BA.2,6.965727329100002,67,48,87.4823,25217142,61,6,1.9410020280683098,BA.2.10,node_1024271,6.012705821500001,BA.2,node_923303,6.966163905800001,0.9999373289652809,19
2022-03,node_2249794,miscBA1BA2Post8393,6.816829348900001,71,51,89.132,51347034,64,9,1.919394458900231,miscBA1BA2Pre4321,node_2252018,6.836006977600001,BA.1.1,node_712665,5.741096771800002,0.9971946154000659,51
2022-04,node_1458429,BA.2,7.0729388807000015,68,51,87.4823,25217142,61,8,1.956276076803454,BA.1,node_558428,5.404333967900001,BA.2,node_1458428,6.966407925700001,1.0152920925871989,46
2022-01,node_922191,BA.2,6.184469151800001,65,46,95.6634,90483564,69,27,1.8220411738343931,XBB.1.9.1,node_1088271,9.873240817900001,BA.2,node_922190,6.184469151800001,0.6263869448608682,41
2022-05,node_2250824,miscBA1BA2Post17k,6.782914535500002,60,45,94.8531,16213566,63,5,1.9144068820762201,BA.2,node_2238377,6.966163905800001,BA.1.1,node_753433,5.741468112600002,0.9736943642472399,49
2022-02,node_2389210,BA.2,6.965930338900001,74,55,92.3826,58251972,63,24,1.9410311717358977,BA.2.75.2,node_1440810,8.7260819909,BA.2.21,node_1443381,6.965930338900001,0.798288435309733,28
2022-04,node_1458160,BA.2,6.965727329100002,68,48,87.4823,25217142,61,13,1.9410020280683098,BA.2.10,node_1024271,6.012705821500001,BA.2,node_1458159,6.966163905800001,0.9999373289652809,20
2022-02,node_917446,miscBA2BA1PostSpike,6.929991576800002,65,49,92.3826,58251972,63,27,1.935858597732098,BA.1.17.2,node_594769,5.396930497400001,BA.2,node_914148,6.966163905800001,0.9948074249344202,48
2021-12,node_2227897,BA.2,7.002847191200001,68,50,144.167,25614610,61,79,1.9463168079583724,BA.1.15,node_640874,5.330845836600001,BA.2,node_1000293,6.966836017200001,1.0051689423880645,60
2022-03,node_1375904,BA.2,6.965727329100002,66,46,89.132,51347034,64,28,1.9410020280683098,BA.2.10,node_1024271,6.012705821500001,BA.2,node_1375872,6.966163905800001,0.9999373289652809,18
2022-04,node_1008533,BA.2,5.628395331700001,67,50,87.4823,25217142,61,5,1.7278243805129574,BA.2.21,node_1443620,5.482913532200001,BA.2,node_1008532,6.968681923300001,0.8076700003886372,14
2022-04,node_2395104,BA.2,6.966163905800001,77,56,87.4823,25217142,61,5,1.9410647010669402,XBB.1.9,node_1182163,10.450353715900002,BA.2,node_2395624,6.966163905800001,0.6665959923635048,44
2022-03,node_2215575,BA.2.2,6.968245346600002,67,49,89.132,51347034,64,24,1.9413634494067915,BA.2.10,node_1024271,6.012705821500001,BA.2.2,node_2215574,6.968681923300001,0.9999373516104186,19
2022-04,node_948835,BA.2,6.966018461100001,67,51,87.4823,25217142,61,5,1.9410438221125632,BA.2.32,node_2213503,6.965634998400001,BA.2,node_1001093,6.966511884500001,0.9999291721010197,9
2022-03,node_945706,BA.2,5.4831750796000005,67,48,89.132,51347034,64,6,1.7016843272635667,BA.2.3,node_1339051,5.3088087554,BA.2,node_945704,6.966191886300001,0.787112265796674,21
2022-04,node_2389261,BA.2,7.250816138900001,73,55,87.4823,25217142,61,5,1.9811140334137158,XBB.1.43.1,node_1082484,9.8512570872,BA.2,node_956421,7.250816138900001,0.7360295315326995,41
2022-03,node_917763,miscBA2BA1PostSpike,7.071357748200001,67,49,89.132,51347034,64,6,1.9560525050631163,BA.1,node_533395,5.402976671000001,BA.2,node_2389759,6.966163905800001,1.0151006843683963,46
2022-04,node_797973,BA.1.1.2,5.631273945400001,63,47,87.4823,25217142,61,7,1.7283356946007646,BA.2,node_1000156,6.9666324064000005,BA.1.1.2,node_797972,5.737804900400001,0.8083208093808348,51
2022-03,node_757960,BA.1.1,4.9470465784,58,44,89.132,51347034,64,8,1.598790747685378,BA.1,node_529132,4.6228537563,BA.1.1,node_757959,5.728267175600002,0.8636200838313424,12
2022-04,node_2251130,miscBA1BA2Pre10k,6.355848061800001,62,46,87.4823,25217142,61,6,1.8493753437002647,BA.2,node_2236983,6.9705505859,BA.1.1,node_879349,5.366734809200001,0.9118143514597804,49
2022-01,node_917631,miscBA2BA1PostSpike,7.2204248886,62,50,95.6634,90483564,69,11,1.9769138000097752,miscDeltaBA1Post11k,node_633736,7.762765250100001,BA.2,node_956818,6.923888874100001,0.930135674076578,84
2022-01,node_1349943,BA.2.3.9_rev10198,6.7935956498,70,53,95.6634,90483564,69,45,1.9159803521886298,BA.2.10,node_1030352,6.675511802800001,BA.2.3.9_rev10198,node_1349938,6.7935956498,1.0,10
2022-02,node_2251107,miscBA1BA2Post13k,6.529129204800001,64,50,92.3826,58251972,63,14,1.8762735813791904,BA.2.10,node_1031110,6.675295200400001,BA.1.1,node_688256,5.738778959000001,0.9781034409397743,48
2022-03,node_1368448,BA.2.3,6.792922337200001,70,50,89.132,51347034,64,14,1.9158812373747836,BA.2.10,node_1024271,6.012705821500001,BA.2.3,node_1368447,6.793358913900001,0.9999357347807568,22
2021-12,node_846424,BA.1.1,5.741468112600002,68,51,144.167,25614610,61,63,1.7477149463738706,BA.2,node_999682,6.966163905800001,BA.1.1,node_846423,5.741468112600002,0.8241936581221808,58
2022-03,node_903159,BA.1,5.741114880600002,60,48,89.132,51347034,64,12,1.747653421540944,BA.2,node_1376449,8.253686863200002,BA.1,node_903156,5.741114880600002,0.6955818624762,52
2022-03,node_2251101,miscBA1BA2Post13k,6.8207300790000005,66,49,89.132,51347034,64,9,1.9199665158327046,BA.2.3,node_1341024,6.793234792100001,BC.1,node_676058,5.6309483825000015,1.0040474512866793,50
2021-12,node_869954,BA.1.1,5.743973816300002,71,54,144.167,25614610,61,76,1.7481512732919404,BA.1.15,node_648613,5.741785389400002,BA.1.1,node_869950,5.743973816300002,1.0,15
2021-12,node_551501,BA.1,7.1908412853,64,50,144.167,25614610,61,85,1.9728081725793272,BA.1,node_551485,7.153420745,BA.2.10,node_1027849,6.675315362800001,1.0052311392876137,24
2022-03,node_1541986,BA.2.23,5.768687254000001,64,47,89.132,51347034,64,5,1.7524445423301318,BA.2.3,node_1357807,5.3305895121,BA.2.23,node_1541978,7.251704060700002,0.7954940253647298,18
2022-02,node_975318,BA.2.62,6.965458447700001,65,49,92.3826,58251972,63,6,1.9409634267023756,BA.2.10,node_1024274,6.012705821500001,BA.2.62,node_975284,6.965895024400001,0.9999373265461983,17
2022-04,node_1541264,BA.2,6.966163905800001,73,54,87.4823,25217142,61,5,1.9410647010669402,BA.4.1,node_1558104,8.0216196342,BA.2,node_1541263,6.966163905800001,0.8684236131192151,18
2022-02,node_2389319,BA.2,6.830201917400001,76,55,92.3826,58251972,63,9,1.921354236454644,XBB.1.43.1,node_1082484,9.8512570872,BA.2.9,node_2350279,6.830201917400001,0.6933330291699181,44
2022-03,node_1445011,BA.2.37,6.962012706800001,67,49,89.132,51347034,64,16,1.940468614552764,BA.2.10,node_1024271,6.012705821500001,BA.2.37,node_1445010,6.962449283500001,0.9999372955288832,19
2022-02,node_2250917,miscBA1BA2Post17k,6.969593858200001,63,48,92.3826,58251972,63,7,1.9415569530890184,BA.1,node_530060,5.740908850300002,BA.2.10,node_1027132,6.675295200400001,1.0440877367913806,51
2021-12,node_551518,BA.1,5.625497633600001,66,50,144.167,25614610,61,58,1.7273094123729595,B.1.1.529,node_526947,5.408548352700001,BA.1,node_551517,6.7115353113000005,0.8381834219256104,25
2021-12,node_838608,BA.1.1,4.8337082124999995,54,42,144.167,25614610,61,32,1.5756139189576006,BA.1,node_894500,5.695635905200001,BA.1.1,node_838607,4.8761961676,0.8486687514710904,14
2022-04,node_2272010,BA.2,6.966557241400001,75,53,87.4823,25217142,61,5,1.9411211632032235,XBB.1.16,node_1042998,10.367347143100003,BA.2,node_2272005,6.966542343700001,0.6719710592537261,44
2021-11,node_551572,BA.1,6.9759503289000016,49,41,141.142,15702891,107,64,1.9424685662974992,BA.1,node_551571,6.975401844500001,BA.1,node_533161,5.741439668300002,1.0000786312261611,14
2022-03,node_1033370,BA.2.10,6.966163905800001,72,51,89.132,51347034,64,6,1.9410647010669402,BA.2,node_1003322,6.966163905800001,BA.2.10,node_1033369,6.675295200400001,1.0,13
2022-01,node_993295,BA.2,7.4380132117,87,61,95.6634,90483564,69,16,2.0066037717449148,BA.2,node_993269,7.8320480256,BA.2,node_993294,7.4380132117,0.9496894282808215,15
2022-03,node_800018,BA.1.1.2,5.629621040500002,68,52,89.132,51347034,64,7,1.7280421291401258,BA.2,node_1014535,6.966327909000001,BA.1.1.2,node_800008,5.736167406600002,0.8081188703774526,51
2022-03,node_2214425,BA.2,6.966163905800001,72,51,89.132,51347034,64,10,1.9410647010669402,XBB.2,node_1312160,9.310459680300001,BA.2,node_2214424,6.966163905800001,0.7482083747744169,33
2022-03,node_1447659,BA.2,6.9661478520000015,75,52,89.132,51347034,64,10,1.9410623965247682,BA.2,node_1447657,6.9661478520000015,BA.2,node_2287819,6.966163905800001,0.9999976954604834,11
2022-03,node_939949,BA.2,6.965727329100002,65,47,89.132,51347034,64,7,1.9410020280683098,BA.2.10,node_1024271,6.012705821500001,BA.2,node_939947,6.966163905800001,0.9999373289652809,17
2022-01,node_725714,BA.1.1,5.742578270400002,60,47,95.6634,90483564,69,44,1.747908285509996,BA.1,node_529277,5.310191026800001,BA.1,node_550201,4.5442515903,1.081425930144092,18
2021-11,node_783115,BA.1.1,5.741468112600002,60,45,141.142,15702891,107,293,1.7477149463738706,BA.1,node_529759,6.116969857100001,BA.1.17.2,node_598466,4.9660545921,0.938613111839328,22
2022-04,node_2382272,BA.2.9,6.829764073700001,72,54,87.4823,25217142,61,6,1.9212901303360146,BA.2.3.2,node_1347222,6.7949931501,BA.2,node_2257641,5.346747267000001,1.0051171388744504,16
2022-03,node_2253486,BA.2,6.9661976702000015,74,55,89.132,51347034,64,8,1.9410695479695728,BA.2.3.9_rev10198,node_1349943,6.7935956498,BA.2,node_2253483,6.966163669600001,1.0000048808212976,11
2022-03,node_916988,miscBA2BA1PostSpike,6.939745445400002,65,48,89.132,51347034,64,6,1.9372650945088343,BA.1.15,node_633271,5.415382076300001,BA.2,node_2274944,6.966163905800001,0.9962076028130772,49
2022-02,node_902959,BA.1,5.741951594900002,61,48,92.3826,58251972,63,14,1.7477991516563738,BA.1.17.2,node_596391,5.741468112600002,BA.1,node_902958,5.741951594900002,1.0,12
2021-11,node_678178,BA.1.1.1,5.839468658000001,60,47,141.142,15702891,107,67,1.7646398094817337,BA.1.1,node_755255,5.741340425900002,BA.1.1.1,node_678131,5.839468658000001,1.0,10
2022-02,node_1027420,BA.2.10,6.674858623700001,66,47,92.3826,58251972,63,9,1.8983480240919772,BA.2.10,node_1024271,6.012705821500001,BA.2.10,node_1027419,6.675295200400001,0.9999345981433191,18
2022-03,node_1030065,BA.2.10,6.677533298000001,66,49,89.132,51347034,64,6,1.8987486525863262,BA.2.10,node_1024271,6.012705821500001,BA.2.10,node_1030064,6.6779698747000005,0.9999346243382059,18
2022-03,node_2305677,BA.2,5.744391313300001,69,51,89.132,51347034,64,6,1.7482239549999943,BA.2,node_2305673,5.744242326200001,BA.2.9,node_2335949,6.687698775900001,0.85894887102282,8
2022-03,node_2306092,BA.2,5.880126228100001,67,48,89.132,51347034,64,5,1.7715782290440607,BA.2,node_1018004,5.589257522700001,BA.2,node_2301963,6.966163905800001,0.8440981733439017,11
2022-03,node_968228,BA.2,6.965761120900002,66,49,89.132,51347034,64,8,1.9410068792082467,BA.2.10,node_1024271,6.012705821500001,BA.2,node_968223,6.966197697600001,0.999937329269287,18
2022-03,node_2257289,BA.2,6.823402837700001,72,50,89.132,51347034,64,6,1.920358297230688,BA.2,node_1005270,6.823433690700001,BA.2,node_2257288,5.483116246100002,0.9999954783762254,15
2022-03,node_2257641,BA.2,5.346747267000001,69,50,89.132,51347034,64,6,1.676488388531946,BA.2,node_2257640,5.346016117500001,BA.2.9,node_2382272,6.829764073700001,0.7828597312151985,8
2022-01,node_907053,BA.1,5.4103875964000006,56,44,95.6634,90483564,69,5,1.6883207347282794,BA.1,node_550981,6.9685519808,BA.1,node_527335,5.409143126700001,0.7764005508327829,14
2022-01,node_917998,BA.2,6.965727329100002,65,47,95.6634,90483564,69,10,1.9410020280683098,BA.2.10,node_1024271,6.012705821500001,BA.2,node_917984,6.966163905800001,0.9999373289652809,17
2022-02,node_2395621,BA.2,6.966163905800001,75,52,92.3826,58251972,63,11,1.9410647010669402,BA.2,node_2395104,6.966163905800001,BA.2,node_2395597,6.966163905800001,1.0,16
2022-01,node_596476,BA.1.17.2,5.485113846900001,62,49,95.6634,90483564,69,77,1.7020378495555457,BA.1.15,node_645723,5.415382076300001,BA.1.17.2,node_596475,5.485113846900001,1.0,13
2022-01,node_633710,XS,5.734199332000002,61,47,95.6634,90483564,69,60,1.746448130024027,BA.1.1,node_824614,5.741468112600002,AY.103,node_2826969,3.3942021975000003,0.9987339857232599,86
2022-03,node_677467,BA.1.1.1,5.740977016800002,61,48,89.132,51347034,64,6,1.7476294078331216,BA.1,node_532522,5.741468112600002,miscBA1BA2Post17k,node_2250930,6.818272552300001,0.8419987574218347,31
2022-03,node_556450,BA.1,5.741469023500002,62,49,89.132,51347034,64,7,1.7477151050266595,BA.1_dropout,node_526974,5.407807889100002,BA.1,node_556449,5.476499600700001,1.0483829895223826,16
2022-02,node_879995,BA.1.1,5.721522502300002,63,47,92.3826,58251972,63,8,1.7442349417050655,BA.1.1,node_831944,5.741468112600002,P.1.7.1,node_2440488,2.5826035984000004,0.9965260435294889,79
2022-02,node_578377,BA.1.17,5.7448219004000025,58,45,92.3826,58251972,63,9,1.7482989100194883,B.1.1.1,node_217581,1.5983437045,BA.1.17,node_578376,5.745258477100002,0.9999240109558623,64
2022-03,node_2216363,BA.2.2,6.968245346600002,67,49,89.132,51347034,64,5,1.9413634494067915,BA.2.10,node_1024271,6.012705821500001,BA.2.2,node_2216275,6.968681923300001,0.9999373516104186,19
2022-03,node_746933,BA.1.1,5.736769427900001,63,50,89.132,51347034,64,8,1.7468962344512644,BA.1.1,node_746882,5.736769427900001,BA.1.1,node_750883,5.741468112600002,0.9991816231305564,8
2022-03,node_639227,BA.1.15,5.455229583400001,66,50,89.132,51347034,64,7,1.6965747051821787,BA.1.15,node_640875,5.3700627755,BA.1.15,node_639223,5.415382076300001,1.007358207886086,32
2022-03,node_2387009,BA.2.36,6.967696978800001,66,48,89.132,51347034,64,6,1.9412847510615372,BA.2.36,node_2387008,6.969450741200001,BA.1,node_556364,5.4759938239000014,0.9997483643309748,44
2022-02,node_2250775,XM,6.822060822100001,59,46,92.3826,58251972,63,5,1.9201615995386514,BA.1.1,node_880012,5.785334252500002,miscBA1BA2Pre10k,node_2250073,6.820606393700001,1.0002132403361295,34
2022-01,node_838622,BA.1.1,6.868397667800001,63,51,95.6634,90483564,69,8,1.9269308429023893,BA.1,node_527269,5.406589972100001,BA.1.1,node_838621,6.869082832000001,0.9999002539033583,20
2022-02,node_2341048,BA.2.9,6.908759932600001,77,58,92.3826,58251972,63,6,1.9327901618483985,BA.1,node_535297,5.356581652700001,BA.2.9,node_2341047,6.861682418900001,1.0068609286798713,32
2022-03,node_2223572,BA.2,6.966547771900001,69,51,89.132,51347034,64,6,1.941119803922576,BA.1.18,node_659059,5.407213760500001,BA.2,node_2222649,6.966163905800001,1.0000551043738262,50
2022-02,node_2365296,BA.2.9,6.830201917400001,72,51,92.3826,58251972,63,7,1.921354236454644,BA.2_22792_27945,node_2315015,6.966532002200001,BA.2,node_2257133,5.347185110700001,0.9804307100352159,16
2022-03,node_1343374,BA.2.3,6.792906292900001,77,58,89.132,51347034,64,7,1.915878875457754,BA.2,node_976952,6.793397388700001,BA.2.3,node_1343373,6.792797760500001,0.9999277098376702,9
2021-12,node_526952,B.1.1.529,5.504001352800001,50,38,144.167,25614610,61,11,1.7054753464158963,BA.2.10,node_1027830,6.675315362800001,B.1.1.529,node_526931,5.360730375400001,0.8245305358114668,31
2022-02,node_917778,miscBA2BA1PostSpike,6.929991576800002,63,48,92.3826,58251972,63,8,1.935858597732098,BA.1.1,node_746965,5.741535624900002,BA.2,node_1467817,6.966163905800001,0.9948074249344202,48
2022-02,node_1003486,BA.2,6.966163905800001,75,50,92.3826,58251972,63,11,1.9410647010669402,BA.2,node_2278362,6.966163905800001,BA.2,node_1003322,6.966163905800001,1.0,12
2022-02,node_737404,BA.1.1.15,5.739363804600003,58,45,92.3826,58251972,63,16,1.7473483687532347,B.1.1.1,node_217581,1.5983437045,BA.1.1.15,node_737402,5.739800381300002,0.9999239386962965,64
2022-02,node_993272,BA.2,7.8324568264,105,69,92.3826,58251972,63,6,2.058276231719219,BA.2,node_993299,7.4384220125,BA.2,node_993270,7.8320480256,1.0000521959005695,15
2022-03,node_842051,BA.1.1,5.741517234800002,65,48,89.132,51347034,64,5,1.7477235020235582,BA.1.1,node_690203,5.738828081200001,BA.1.1,node_842050,5.741468112600002,1.0000085556862872,10
2021-12,node_894474,BA.1,5.699606727600002,50,42,144.167,25614610,61,6,1.7403971773023346,B.1.1.529,node_526952,5.504001352800001,BA.1,node_894472,5.652651554800002,1.0083067516801256,15
2022-01,node_804558,BA.1.1,5.741468112600002,61,46,95.6634,90483564,69,17,1.7477149463738706,BA.1.1,node_804557,5.741468112600002,BA.1,node_557115,5.727823670200002,1.0,12
2022-03,node_2370173,BA.2.9,6.830506347600001,75,56,89.132,51347034,64,6,1.9213988066473668,BA.2,node_2263602,6.966163905800001,BA.2.9,node_2370065,6.830506347600001,0.9805262178676197,9
2022-03,node_1030352,BA.2.10,6.675511802800001,71,53,89.132,51347034,64,5,1.8984458759237473,BA.2.3.9_rev10198,node_1349943,6.7935956498,BA.2.10,node_1030323,6.675511802800001,0.9826183580702988,10
2022-02,node_2233855,BA.2,6.965727329100002,65,47,92.3826,58251972,63,5,1.9410020280683098,BA.2.10,node_1024271,6.012705821500001,BA.2,node_1018209,6.966163905800001,0.9999373289652809,17
2022-03,node_2273973,BA.2,6.964794687,73,56,89.132,51347034,64,5,1.94086812897963,BA.2,node_2273950,6.966173081300001,BA.2,node_2408836,6.964693180700001,0.9998021303398704,9
2022-01,node_903612,BA.1,5.404657886100002,57,45,95.6634,90483564,69,15,1.6872611532692205,BA.1,node_526979,5.406637423000001,BA.1,node_903611,5.404657886100002,0.9996338691232413,8
2022-02,node_1352953,BA.2.3,6.7932888563,75,52,92.3826,58251972,63,5,1.915935191946057,BA.2.3,node_1349314,6.7932888563,BA.2.3,node_1352947,6.7932888563,1.0,8
2022-02,node_765190,BA.1.1,5.741468112600002,64,46,92.3826,58251972,63,10,1.7477149463738706,BA.1.1,node_765138,5.741468112600002,BA.1.1,node_865128,5.741468112600002,1.0,9
2022-01,node_2409795,BA.2,6.822177339500001,66,48,95.6634,90483564,69,10,1.9201786788945852,BA.2,node_2409793,6.681201127000001,miscBA1BA2Post17k,node_2250806,6.819508629100001,1.00039133470535,21
2022-02,node_758780,BA.1.1,5.741468112600002,61,46,92.3826,58251972,63,9,1.7477149463738706,BA.1,node_615435,5.404074353500001,BA.1.1,node_758779,5.741468112600002,1.0,11
2022-02,node_530307,BA.1,5.742371727900003,56,46,92.3826,58251972,63,8,1.7478723180046867,B.1.1.1,node_217581,1.5983437045,BA.1.1,node_703996,5.742808304600002,0.9999239785350924,62
2022-01,node_900645,BA.1,5.887574109100002,62,49,95.6634,90483564,69,14,1.7728440467962228,BA.1,node_529706,6.088477962100002,miscBA2BA1PostSpike,node_916777,6.929991576800002,0.8495788261576289,41
2021-12,node_894471,BA.1,5.651163913400001,50,42,144.167,25614610,61,11,1.7318615263144563,BA.1,node_894470,5.648651428200002,BA.1_dropout,node_908943,5.5495351508000015,1.0004447938117507,12
2022-02,node_2250796,miscBA1BA2Post17k,6.925353365200001,62,47,92.3826,58251972,63,6,1.9351890782372494,BA.1,node_529142,4.5049586470000005,BA.2,node_2249670,6.959818483200001,0.995047986081362,44
2022-02,node_758644,BA.1.1,5.741468112600002,67,47,92.3826,58251972,63,11,1.7477149463738706,BA.1.1,node_765180,5.741468112600002,BA.1.1,node_758643,5.741468112600002,1.0,9
2022-02,node_676883,BA.1.1.1,5.741707542700001,60,48,92.3826,58251972,63,8,1.747756647399305,BA.1.1,node_686338,5.8807194474000015,BA.1.1.1,node_676882,4.8804186984,0.9763614119082895,13
2022-01,node_697629,BA.1.1,5.741108392100002,60,46,95.6634,90483564,69,6,1.7476522913591235,BA.1,node_530230,5.7406718154000025,BA.1.14,node_560022,5.404110766000001,1.000076049757596,11
2022-01,node_550616,BA.1,4.547658868699999,55,43,95.6634,90483564,69,22,1.5146125661929866,BA.1,node_550600,4.5431414325,BA.1,node_614595,5.408189307300001,0.8408838171699254,9
2022-02,node_545756,BA.1,5.404110766000001,61,47,92.3826,58251972,63,9,1.6871599169271214,B.1.1.529,node_2410284,5.218201112800001,BA.1,node_545754,4.5435803274,1.0356271537223762,22
2022-02,node_654431,BA.1.15,5.4156155637,65,51,92.3826,58251972,63,6,1.6892865514990811,BA.1,node_566254,5.404123475700001,BA.1.15,node_654430,5.4155664415,1.0000090705562439,13
2022-01,node_526955,B.1.1.529,5.947370191700002,51,39,95.6634,90483564,69,7,1.7829491372653252,B.1.1.529,node_2410271,5.798486406800002,miscBA2BA1PostSpike,node_917112,6.935108950500002,0.8575741540832194,20
2022-01,node_557993,BA.1,5.741468112600002,62,46,95.6634,90483564,69,7,1.7477149463738706,BA.1.1,node_766991,5.739327783200002,BA.1,node_557992,5.476498689800001,1.0003729233598166,11
2022-02,node_638215,BA.1.15,5.308885642500001,65,48,92.3826,58251972,63,10,1.6693819530606293,BA.2,node_1000005,6.966163905800001,BA.1.15,node_638214,5.415416597500001,0.7620959992169928,54
2022-02,node_565071,BA.1.16,5.403918640200001,65,51,92.3826,58251972,63,7,1.6871243645071936,BA.1,node_566254,5.404123475700001,BA.1.16,node_565070,5.4038695180000005,0.9999620964434063,12
2021-12,node_894505,BA.1,5.838002516700001,59,46,144.167,25614610,61,29,1.7643887035212444,XBB.1.16,node_1049478,10.366545592400003,BA.1,node_894501,5.695499225400002,0.5631579453988993,66
2022-01,node_735961,BA.1.1,5.741468112600002,60,48,95.6634,90483564,69,18,1.7477149463738706,BA.1,node_530122,5.741284741400002,BA.1.1,node_735960,4.529475683899999,1.0000319390534103,9
2022-02,node_1029873,BA.2.10,6.674858623700001,67,48,92.3826,58251972,63,5,1.8983480240919772,BA.2.10,node_1027420,6.674858623700001,BA.2.10,node_1029866,6.675295200400001,0.9999345981433191,10
2022-02,node_685051,BA.1.1,5.741098199900002,63,49,92.3826,58251972,63,5,1.7476505160557587,BA.1.1,node_685030,5.741468112600002,BA.1.1,node_767164,5.741520807400002,0.999926394501705,8
2022-02,node_2389188,BA.2,6.966163905800001,73,54,92.3826,58251972,63,5,1.9410647010669402,BA.2.3.20,node_1365460,8.8384310637,BA.2,node_1010611,6.966163905800001,0.7881674762855232,33
2021-12,node_880037,proposed446,5.738921424400002,59,45,144.167,25614610,61,18,1.7472712875182952,BA.1.1,node_725485,5.741468112600002,AY.44,node_2704055,3.2660389222,0.9995564395464618,88
2022-01,node_720501,BA.1.1.11,5.672368192400002,61,48,95.6634,90483564,69,6,1.7356067011568526,BA.2,node_922191,6.184469151800001,BA.1.1.11,node_720500,5.672368192400002,0.9171956481906048,55
2022-01,node_551539,BA.1,6.630335519400001,59,47,95.6634,90483564,69,5,1.8916554091616624,BA.1,node_551528,6.523804564400001,BA.1,node_551837,6.968913260200001,0.9514159915386459,12
2021-12,node_550656,BA.1,4.543161082699999,52,44,144.167,25614610,61,21,1.5136230434896336,BA.1.17,node_611448,5.404094003700001,BA.1,node_550644,4.5431414325,0.8406887592239236,12
2021-11,node_576545,BA.1.17,5.778225673700001,58,46,141.142,15702891,107,71,1.7540966586887303,BA.1.1,node_722615,5.741452716000001,BA.1.17,node_576544,5.778225673700001,1.0,14
2022-01,node_737504,BA.1.1.15,5.744189676800002,61,48,95.6634,90483564,69,8,1.7481888529277376,B.1.1.529,node_526963,5.787115534700002,BA.1.1.15,node_737503,4.5460206974999995,0.9925825123686208,26
2021-12,node_528668,BA.1,4.7197711793,52,41,144.167,25614610,61,56,1.5517603194604568,BA.1,node_528609,4.7197429196,BA.1,node_548497,4.5435721745999995,1.0000059875506955,12
2021-11,node_539647,BA.1,5.404074353500001,59,44,141.142,15702891,107,19,1.6871531789781322,BF.7.18,node_1820066,8.6832336694,BA.1,node_527352,5.404074353500001,0.6223573566313362,65
2022-02,node_593420,BA.1.17.2,5.293855188100001,65,52,92.3826,58251972,63,7,1.6665467494640283,BA.2,node_1012252,6.966163905800001,BA.1.17.2,node_593419,5.400320778500001,0.7599383620147607,48
2022-01,node_809082,BA.1.1,5.741468112600002,60,47,95.6634,90483564,69,14,1.7477149463738706,BA.1,node_529277,5.310191026800001,BA.1,node_550182,4.5431414325,1.0812168683995338,18
2021-12,node_812346,BA.1.1,6.499954924200002,58,47,144.167,25614610,61,28,1.8717952421390847,B.1,node_2470982,1.7511288998,BA.1.1,node_841500,6.1536677964000015,1.0562732892410254,66
2021-12,node_552067,BA.1,7.305870442600002,57,45,144.167,25614610,61,6,1.9886781952018981,BA.1,node_552005,7.306307019300001,BA.1,node_529803,5.741031535900002,0.999940246598063,10
2022-02,node_921838,BA.2,6.966162630300001,70,51,92.3826,58251972,63,6,1.9410645179675854,BA.2,node_1000026,6.966163905800001,BA.2,node_921837,5.754170201600001,0.999999816900662,11
2022-02,node_839166,BA.1.1,5.634937157600001,63,46,92.3826,58251972,63,6,1.7289859952733873,BA.2,node_1000005,6.966163905800001,BA.1.1,node_778930,5.741468112600002,0.808901029863563,51
2021-12,node_731109,BA.1.1,5.740828750500002,63,49,144.167,25614610,61,7,1.7476035815296616,BA.2.3,node_1340020,6.7938218189,BA.1.1,node_731108,5.740828750500002,0.8450072585844635,59
2021-11,node_621135,BA.1.20,5.404046719100001,60,48,141.142,15702891,107,51,1.6871480653418556,XBB.1.43.1,node_1082484,9.8512570872,BA.1.20,node_621068,5.404046719100001,0.5485641752382671,78
2021-12,node_901483,BA.1,5.3976817527000005,68,48,144.167,25614610,61,14,1.6859695563368753,BA.1.1,node_773964,5.741468112600002,BA.1,node_901482,5.3976817527000005,0.940122220805243,23
2021-11,node_629041,BA.1.15,5.415330153500001,61,49,141.142,15702891,107,29,1.689233848769787,BA.1.15,node_625876,5.415330153500001,miscBA1BA2Post17k,node_2250832,6.818544075100001,0.7942062255307163,39
2021-12,node_1443767,BA.2,6.966163905800001,73,54,144.167,25614610,61,14,1.9410647010669402,B.1.617.2,node_2728770,3.3943397068000003,BA.2,node_1443766,6.966163905800001,1.0,93
2022-02,node_2394986,BA.2,6.966163905800001,72,50,92.3826,58251972,63,5,1.9410647010669402,BA.2,node_2271451,6.966163905800001,BA.2,node_2394975,6.966163905800001,1.0,6
2021-12,node_551049,BA.1,7.0132458279000005,59,48,144.167,25614610,61,6,1.9478006221131048,BA.1,node_551048,7.0120882465,BA.1,node_550977,6.968465092500001,1.0001650836896667,7
2022-01,node_550998,BA.1,7.2953200964,61,50,95.6634,90483564,69,5,1.9872330598880417,BA.1,node_551685,6.972873341200001,BA.1,node_551482,7.2958845989,0.9999226272712586,14
2021-12,node_779189,BA.1.1,5.741468112600002,63,48,144.167,25614610,61,17,1.7477149463738706,B.1.1.7,node_369938,2.053591367,BA.1.1,node_779188,5.741468112600002,1.0,79
2021-12,node_726036,BA.1.1,5.6131982049000015,67,52,144.167,25614610,61,17,1.725120647095035,BA.1.1,node_726047,5.741468112600002,BA.1.1,node_726034,5.6131982049000015,0.9776590403039069,15
2021-12,node_901507,BA.1,5.734598924400002,65,48,144.167,25614610,61,10,1.746517813419136,BA.1,node_901502,5.734598924400002,BA.1,node_546029,4.8740684858000005,1.0,20
2022-01,node_735775,BA.1.1,5.6131982049000015,61,47,95.6634,90483564,69,8,1.725120647095035,BA.1,node_529836,5.741284741400002,BA.1.1,node_735774,4.401205776199999,0.9776902658082123,11
2022-01,node_690524,BA.1.1,5.738681018900001,64,51,95.6634,90483564,69,10,1.7472293962781649,BA.1.1,node_690494,5.738631896700001,BA.1,node_566254,5.404123475700001,1.0000085599147819,12
2022-01,node_587338,BA.1.17.2,5.292082294200001,64,50,95.6634,90483564,69,8,1.6662117968120709,BA.2,node_1011453,6.8232506647000015,BA.1.17.2,node_588588,5.398613249200001,0.7755954682389905,44
2022-01,node_898521,BA.1,5.741468112600002,81,67,95.6634,90483564,69,7,1.7477149463738706,BA.1,node_898492,5.741468112600002,BA.1,node_898125,5.366891591500001,1.0,13
2022-01,node_861086,BA.1.1,5.742288979800002,63,49,95.6634,90483564,69,7,1.7478579078097132,miscBA1BA2Post17k,node_2250832,6.818544075100001,BA.1.1.10,node_746131,5.742288979800002,0.8421576390141301,40
2021-12,node_561490,BA.1.14.1,5.404074353500001,60,48,144.167,25614610,61,14,1.6871531789781322,BA.1.14.1,node_561481,5.404170653400001,BA.1.1,node_880168,5.404074353500001,0.9999821804479954,10
2022-01,node_898406,BA.1,5.103232915100001,91,75,95.6634,90483564,69,7,1.6298742438189924,BA.1.17,node_570340,5.103232915100001,BA.1,node_898404,5.140299704300001,0.9927889828740935,38
2021-12,node_567327,BA.1,5.403783616900001,60,47,144.167,25614610,61,15,1.6870993780120451,BA.1,node_567326,5.404074353500001,XH,node_2249845,6.683883270800001,0.8084796514187502,37
2022-01,node_898026,BA.1,5.404074353500001,81,64,95.6634,90483564,69,7,1.6871531789781322,BA.1,node_898063,5.358678212300001,BA.1,node_898023,5.404074353500001,1.0,10
2022-01,node_897984,BA.1,5.366891591500001,76,62,95.6634,90483564,69,6,1.6802488939036744,BA.1,node_898154,5.140299704300001,BA.1,node_897867,5.103116942300001,1.0440814544355166,19
2021-12,node_734917,BA.1.1,5.741468112600002,59,47,144.167,25614610,61,8,1.7477149463738706,BA.1.1.11,node_720699,5.672431416000002,BA.1.1,node_734916,4.9152538566,1.0121705652368524,7
2021-12,node_633723,proposed439,5.728184224700002,64,54,144.167,25614610,61,11,1.7453985912745344,BA.1.1,node_855841,5.741468112600002,AY.119.2,node_3171505,3.4154526497,0.9976863255809352,82
2021-11,node_902107,BA.1,5.734598924400002,60,49,141.142,15702891,107,17,1.746517813419136,BA.1,node_902102,5.734598924400002,BA.1,node_902098,5.734598924400002,1.0,4
2021-12,node_875449,BA.1.1,5.741468112600002,60,48,144.167,25614610,61,8,1.7477149463738706,BA.1,node_908201,5.404074353500001,BA.1,node_529906,5.741157909100002,1.0000540315220223,9
2022-01,node_538015,BA.1,5.410460187500002,50,41,95.6634,90483564,69,5,1.6883341516252641,BA.1,node_538136,5.407944568900001,BA.1,node_538014,5.4067266519000015,1.0004651709291672,11
2022-01,node_838487,BA.1.1,5.634921746500002,63,49,95.6634,90483564,69,6,1.7289832603500612,BA.2,node_1011731,6.966163905800001,BA.1.1.1,node_672274,5.741452701500002,0.808898817584293,47
2021-12,node_633730,proposed437,5.827357156700002,67,55,144.167,25614610,61,12,1.7625635796925612,AY.39.1.4,node_3267890,3.6129670401,BA.1.15,node_633699,5.412835388100001,1.0765812626615836,89
2021-11,node_880357,BA.1.1,5.741468112600002,59,48,141.142,15702891,107,12,1.7477149463738706,BA.2,node_2395058,6.966163905800001,BA.1.19,node_544624,5.741468112600002,0.8241936581221808,52
2021-11,node_902130,BA.1,5.734583527800002,58,46,141.142,15702891,107,21,1.7465151285547065,BA.1,node_902096,5.734598924400002,BA.1.18,node_661212,5.4043902706,0.9999973151391748,9
2022-01,node_898027,BA.1,5.404074353500001,78,62,95.6634,90483564,69,5,1.6871531789781322,BA.1,node_898134,5.404074353500001,BA.1,node_898026,5.404074353500001,1.0,9
2022-01,node_578341,BA.1.17,5.366098464000002,57,45,95.6634,90483564,69,5,1.6801011014437277,B.1.1.1,node_217581,1.5983437045,BA.1.17,node_578340,5.366535040700001,0.9999186483090694,63
2021-11,node_3365600,AY.4,3.3986865296000004,43,31,141.142,15702891,107,26,1.2233890421597917,AY.9.2.2,node_2508243,3.2818677445,AY.4,node_3365599,3.3986865296000004,1.0,44
2021-11,node_2611855,AY.122,3.5910463936000006,51,39,141.142,15702891,107,38,1.2784436345701262,AY.70,node_2485499,3.2405431824,AY.122,node_2611854,3.6066636019000002,0.9956699015977613,47
2022-01,node_879706,BA.1.1,5.750982551100002,61,48,95.6634,90483564,69,5,1.7493707186633736,BA.1.1,node_842640,5.741468112600002,BA.1.15,node_655848,5.415382076300001,1.0016571438373263,11
2021-12,node_694873,BA.1.1,5.361183916000001,55,43,144.167,25614610,61,8,1.6791848305430943,BA.1.1,node_694872,5.3584947624,BA.1,node_656629,5.361829139200001,0.999879663602989,7
2021-12,node_621714,BA.1.20,5.404046719100001,60,47,144.167,25614610,61,16,1.6871480653418556,BA.1.17,node_576183,5.401385199900001,BA.1,node_544975,4.5435162805000004,1.0004927475270695,11
2021-11,node_882862,BA.1,5.404074353500001,58,45,141.142,15702891,107,14,1.6871531789781322,BA.1,node_882861,5.404074353500001,BA.1,node_528429,4.9290689362,1.0,7
2022-01,node_838941,BA.1.1,5.741468112600002,60,48,95.6634,90483564,69,6,1.7477149463738706,BA.2,node_1376449,8.253686863200002,BA.1.1,node_838940,5.634937157600001,0.6956246593505973,52
2022-01,node_838754,BA.1.1,5.634937157600001,62,48,95.6634,90483564,69,7,1.7289859952733873,BA.2,node_1000005,6.966163905800001,BA.1.1,node_711931,5.741468112600002,0.808901029863563,51
2021-12,node_784861,BA.1.1,5.474834006100002,56,45,144.167,25614610,61,8,1.7001619567224013,BA.1,node_547385,4.8778354758999996,BA.1.1,node_784855,5.4779362042000015,0.9994336921818072,11
2021-12,node_719535,BA.1.1,5.741468112600002,59,46,144.167,25614610,61,7,1.7477149463738706,BA.1.1,node_713986,5.741468112600002,BA.1,node_528430,4.9290689362,1.0,8
2021-12,node_737363,BA.1.1.15,5.738768448800003,56,44,144.167,25614610,61,5,1.747244631352865,B.1.1.1,node_217581,1.5983437045,BA.1.1.15,node_737361,5.739205025500002,0.9999239308060855,62
2021-11,node_545370,BA.1,4.5364000588,56,44,141.142,15702891,107,13,1.512133758920858,BA.1,node_528429,4.9290689362,BA.1,node_545015,4.5364000588,0.9203360954203406,11
2021-11,node_902110,BA.1,5.734583527800002,61,49,141.142,15702891,107,11,1.7465151285547065,BA.1,node_902142,5.734583527800002,BA.1,node_902109,5.734598924400002,0.9999973151391748,14
2021-11,node_29018,B.1,3.0608926516,17,14,141.142,15702891,107,7,1.1187065896325394,B.1.617.2,node_3199849,3.9494100182,B.1,node_29017,2.4130863347,0.7750252917510564,22
2021-12,node_561495,BA.1.14.1,5.404074353500001,62,49,144.167,25614610,61,7,1.6871531789781322,BA.1.14.1,node_561257,5.403593724700001,BA.1.14.1,node_561494,5.404074353500001,1.0,18
2021-11,node_667511,BA.1.18,5.404166237100001,64,52,141.142,15702891,107,15,1.6871701814864002,BA.1.1,node_814854,5.7381257266000025,BA.1.18,node_667510,5.404166237100001,0.9417999002789572,16
2021-12,node_2725005,AY.79,3.3951236117,43,32,144.167,25614610,61,6,1.2223401702741965,AY.79,node_2725085,3.3943397068000003,AY.79,node_2724993,3.3953832150000003,0.9999235422679674,18
2022-01,node_633727,proposed441,5.692467836500001,66,51,95.6634,90483564,69,6,1.7391438687860847,BA.1,node_535662,5.404074353500001,AY.4,node_3369014,3.3985876206000003,1.0533659354285567,83
2021-12,node_898072,BA.1,5.359080694700001,79,65,144.167,25614610,61,6,1.6787924481899785,BA.1,node_898061,5.359080694700001,BA.1,node_898521,5.741468112600002,0.9333990173940306,9
2021-11,node_645390,BA.1.15,5.406110378600001,57,46,141.142,15702891,107,59,1.6875298654408584,BA.2,node_948564,6.966406646600001,BA.1.15,node_645376,5.406110378600001,0.7760256690209848,47
2021-12,node_854870,BA.1.1,5.741468112600002,64,51,144.167,25614610,61,6,1.7477149463738706,BA.1.1,node_825646,5.741341739400002,BA.1.1,node_854868,5.741468112600002,1.0,10
2021-10,node_3126308,B.1.617.2,3.3943397068000003,50,39,133.259,13064658,94,46,1.2221092521981396,B.1.617.2,node_3126302,3.3943397068000003,B.1.617.2,node_3126307,3.0475422993000003,1.0,11
2021-12,node_626095,BA.1.15,5.414868489100001,62,49,144.167,25614610,61,10,1.6891485937499089,BA.1.1,node_768301,5.404074353500001,BA.1.15,node_626094,5.414868489100001,1.0,9
2021-08,node_2819657,AY.103,3.4775266623000003,39,31,124.956,19894993,118,297,1.2463213118744947,AY.26,node_2517113,3.2486783426,AY.103,node_2819656,3.3943079004000003,1.0245171517557947,31
2021-12,node_549538,BA.1,4.8880666727,50,40,144.167,25614610,61,5,1.5867968618540105,B.1,node_3522264,2.4659271322,BA.1,node_549481,4.5431414325,1.0759221884955044,45
2021-11,node_2750434,AY.98.1,3.3970553964000003,40,34,141.142,15702891,107,38,1.22290899649323,AY.98.1,node_2749810,3.40208738,AY.5.4,node_3496664,3.3930153894000004,0.998520912887311,19
2021-12,node_641661,BA.1.15,5.189947254000001,57,44,144.167,25614610,61,5,1.6467235341203734,BA.1.15,node_641660,5.150148869100001,BA.1.15,node_629083,5.455128538400001,0.9513886276861628,7
2021-11,node_548030,BA.1,4.5435908787,53,42,141.142,15702891,107,10,1.5137176418680522,BD.1,node_582790,5.4501723155000015,BA.1,node_548018,4.5435439149,0.833660041495985,16
2021-11,node_2998922,AY.43,3.4619840918,41,32,141.142,15702891,107,38,1.2418418616539164,BA.1.17,node_578045,5.366891591500001,AY.43,node_2998916,3.4619840918,0.6450631679020751,82
2021-11,node_3398570,AY.4.2,3.3080604209,44,39,141.142,15702891,107,17,1.1963620420792835,B.1,node_171422,2.9513904156,AY.4.2,node_3398569,3.4427063995,0.9608894971062432,39
2021-12,node_657169,BA.1,5.404074353500001,58,47,144.167,25614610,61,5,1.6871531789781322,BA.1.1,node_814896,5.741468112600002,BA.1,node_657162,5.396965735200001,0.9412356295492491,8
2021-10,node_2610244,AY.122,3.339480331,42,32,133.259,13064658,94,95,1.2058152053623457,AY.9,node_2514915,3.1367893783,AY.122,node_2610241,3.339480331,1.0,40
2021-12,node_2870703,AY.25,3.287033573,46,35,144.167,25614610,61,12,1.1899855085027535,B.1.617.2,node_2931216,3.4498820723000003,AY.25,node_2870702,3.393564528,0.9527959229077558,26
2021-11,node_2918182,AY.25.1,3.3959896571000003,47,35,141.142,15702891,107,27,1.2225952228319779,AY.26,node_2525065,3.2959572184,AY.25.1,node_2918181,3.3962312719,0.9999288579661818,37
2021-08,node_2501738,AY.9.2,3.2789759078,48,38,124.956,19894993,118,88,1.1875311504125239,BA.2,node_977820,6.9660665265000015,AY.9.2,node_2501598,3.2789759078,0.47070694707354077,110
2021-07,node_3327455,AY.4.5,3.4031641579000005,43,34,123.092,15676958,111,675,1.2247056335266169,AY.4.5,node_3324579,3.1531535431999997,AY.4.5,node_3327454,3.4031641579000005,1.0,19
2021-11,node_542985,BA.1,5.741710853400002,65,51,141.142,15702891,107,5,1.7477572240046129,BA.1,node_542984,5.741710853400002,BA.1,node_542973,5.741710853400002,1.0,16
2021-11,node_553905,BA.1,5.359167853000001,78,62,141.142,15702891,107,5,1.6788087117240091,BA.1.17,node_576076,5.359080694700001,BA.1,node_553842,5.359167853000001,1.0,27
2021-11,node_2601471,AY.122,3.3494114606,40,29,141.142,15702891,107,8,1.208784646999853,AY.122,node_2601470,3.3494114606,AY.122,node_2584347,3.3456331176,1.0,14
2021-09,node_2923768,AY.25.1,3.0216290751000003,20,17,128.393,16061455,117,71,1.1057961147884012,B.1.617.2,node_3123337,2.9823048471,AY.25.1,node_2923766,2.5185089131,1.0131858512178054,9
2021-11,node_3359281,AY.4,3.3923921032,48,40,141.142,15702891,107,28,1.2215353077111646,AY.4,node_3359250,3.3891514268,AY.4,node_3359288,3.3923921032,1.0,12
2021-11,node_3190048,AY.121,3.4215390468000004,38,32,141.142,15702891,107,8,1.230090463532934,AY.121,node_3190047,3.4215390468000004,B.1.617.2,node_2577146,2.5439212640000006,1.0,26
2021-12,node_3133800,B.1.617.2,3.3950952369000005,48,37,144.167,25614610,61,8,1.222331812723245,B.1.617.2,node_3133127,3.6353529219,B.1.617.2,node_3133799,3.3949717347000004,0.933910767355586,27
2021-08,node_2714983,AY.44,2.9528380086000006,35,28,124.956,19894993,118,102,1.0827667447044518,AY.120.1,node_3510699,3.2552653009,AY.44,node_2714977,2.9525070053,0.9070959616666617,13
2021-11,node_3382027,AY.4.2.3,3.5334828053000003,37,32,141.142,15702891,107,6,1.2622840149419412,AY.4.2.3,node_3382019,3.5334828053000003,B.1.617.2,node_2577146,2.5439212640000006,1.0,25
2021-09,node_2584762,AY.122,3.3374092503,43,35,128.393,16061455,117,78,1.2051948324353399,B.1.617.2,node_3125672,2.9034270681,AY.122,node_2584761,3.3374092503,1.0,13
2021-10,node_3199826,B.1.617.2,4.261107857399999,26,25,133.259,13064658,94,5,1.449529186893964,B.1.617.2,node_3199800,4.2536308699,B.1.617.2,node_2576171,3.4036618735000004,1.0017577894576861,13
2021-12,node_2956549,AY.43,3.3939563517,47,33,144.167,25614610,61,6,1.2219963062991677,AY.46.6,node_3284540,3.3944476207000003,AY.43,node_2956545,3.45852461,0.9813306928297382,20
2021-11,node_3401076,AY.4.2.1,3.5252318129000004,46,36,141.142,15702891,107,16,1.2599461966267949,AY.98,node_2754315,3.3944953645000004,AY.4.2.1,node_3401075,3.5252318129000004,1.0,28
2021-08,node_2711010,AY.44,3.1314248809,35,28,124.956,19894993,118,87,1.141488134479099,AY.44,node_2705945,3.2700043454,AY.44,node_2710937,3.1274594577,0.9576210151845996,8
2021-10,node_3139652,AY.125,3.3947519406,51,37,133.259,13064658,94,15,1.2222306922440003,AY.25.1,node_2925786,3.4153798519000005,AY.125,node_3139605,3.3947519406,0.9939602878173199,33
2021-10,node_2904764,AY.25.1,3.28888523,45,35,133.259,13064658,94,18,1.1905486714931766,AY.25,node_2870349,3.2875347582,AY.25.1,node_2904763,3.395416185,0.9686250670917385,19
2021-09,node_3264083,AY.39.1,3.2870064706,41,31,128.393,16061455,117,79,1.1899772632228889,AY.39.1,node_3263324,3.2772727280000002,AY.39.1,node_3264069,3.3935374256000004,0.9686076970313169,12
2021-11,node_2999588,AY.43,3.3234931621999997,45,32,141.142,15702891,107,6,1.2010163870880253,B.1.1,node_190901,1.2467526708,AY.43,node_2999575,3.3234931621999997,1.0,59
2021-10,node_2735530,B.1.617.2,3.4079118172,36,31,133.259,13064658,94,12,1.2260997333975578,AY.121,node_3181821,3.4101726212,B.1.617.2,node_2735521,3.4017310667,0.9993370411849696,11
2021-11,node_3478396,AY.4,3.5097499820999998,44,33,141.142,15702891,107,11,1.2555448047698452,AY.4,node_3478395,3.5097499820999998,AY.4,node_3478390,3.5097499820999998,1.0,9
2021-07,node_3004367,AY.43,3.4597178017,36,32,123.092,15676958,111,100,1.2411870255411066,AY.4,node_3464584,3.3989966947,AY.43,node_2957896,3.4774199703,0.9949093958304746,14
2021-09,node_2651838,B.1.617.2,3.3000406262,41,34,128.393,16061455,117,24,1.1939347793663522,AY.9.2,node_2512428,3.1785412272,B.1.617.2,node_2651837,3.404861722,0.9692142869935908,34
2021-10,node_3414844,AY.4,3.3983612005,42,31,133.259,13064658,94,18,1.2232933155699053,B.1.617.2,node_2563278,3.1474592861,AY.4,node_3414833,3.3983463028000003,1.000004383808674,38
2021-10,node_3404587,AY.4.2,3.5524441138,43,34,133.259,13064658,94,21,1.267635849352358,AY.4,node_3454180,3.3986029312,AY.4.2,node_3404563,3.5320315987000006,1.0057792560823953,12
2021-11,node_2955698,AY.43,3.460029064,49,41,141.142,15702891,107,6,1.2412769890343531,AY.122,node_2582232,3.3053944877999997,AY.43,node_2955695,3.460029064,1.0,29
2021-11,node_2724359,B.1.617.2,3.3967902061000004,45,36,141.142,15702891,107,14,1.2228309286902064,AY.20,node_2844649,3.3950684750000004,B.1.617.2,node_2724358,3.3943607169000005,1.0005071270617008,16
2021-11,node_3133353,B.1.617.2,3.4228661381000003,53,39,141.142,15702891,107,5,1.2304782521809696,AY.122,node_2582232,3.3053944877999997,B.1.617.2,node_3133346,3.4228661381000003,1.0,33
2021-11,node_2587600,AY.122,3.3530430542,42,32,141.142,15702891,107,9,1.2098683079026968,AY.122,node_2601960,3.3462872713,AY.122,node_2587599,3.3543393006,0.9996135613353819,10
2021-11,node_2691075,AY.44,3.159289086,52,40,141.142,15702891,107,11,1.1503470295038374,B.1.1.7,node_382997,1.9266526650000002,AY.44,node_2691074,3.2658200409999996,0.9673800290087693,89
2021-06,node_2733686,AY.23,3.5404404384,34,29,131.78,11472596,94,13,1.2642511370335707,B.1.617.2,node_3519448,2.7357427580000007,AY.23,node_2728838,3.5404404384,1.0,19
2021-11,node_3429809,AY.4,3.3989244036,40,34,141.142,15702891,107,12,1.2234590296899501,AY.4,node_3429808,3.3989244036,AY.4,node_3354141,3.3986029312,1.0,11
2021-08,node_2754519,AY.98,3.3641434884000003,46,34,124.956,19894993,118,72,1.2131733953033006,AY.122.4,node_2604942,3.3462914182,AY.98,node_2754518,3.3641434884000003,1.0,23
2021-08,node_2584761,AY.122,3.3374092503,40,34,124.956,19894993,118,79,1.2051948324353399,B.1.617.2,node_3125677,3.1990441924999997,AY.122,node_2584760,3.3365508529,1.0002572708877655,15
2021-10,node_2627201,AY.122,3.2397563163,40,31,133.259,13064658,94,9,1.1754981159572289,AY.122,node_2588912,2.9436897759000002,AY.122,node_2627163,3.3462872713,0.9681644322907716,21
2021-11,node_3484381,AY.4,3.3989277783,41,34,141.142,15702891,107,12,1.223460022562378,AY.43,node_2991697,3.459569504,AY.4,node_3484378,3.3989277783,0.9824713087481303,21
2021-11,node_3168463,AY.119,3.3977430404000004,41,33,141.142,15702891,107,7,1.223111399554555,AY.44,node_2724302,3.2660697991,AY.119,node_3168462,3.3951062467,1.0007766454150184,13
2021-11,node_2821386,AY.103,3.4016107329000005,33,27,141.142,15702891,107,7,1.2242490644109845,AY.103,node_2821399,3.4027118044000004,AY.103,node_2764367,3.4017043783000003,0.9996764135303565,9
2021-10,node_2787462,AY.103,3.3942612325000003,43,33,133.259,13064658,94,19,1.2220861327658132,AY.4,node_3422248,3.3986029312,AY.103,node_2787461,3.3942612325000003,0.9987225048680616,17
2021-10,node_3189024,AY.121,3.4004721352000002,50,35,133.259,13064658,94,7,1.2239142852756186,AY.121,node_3188996,3.4004721352000002,AY.121,node_3189022,3.5290661289000003,0.9635614666874824,12
2021-10,node_3197409,B.1.617.2,3.3877178912,46,35,133.259,13064658,94,10,1.2201565062627013,B.1.617.2,node_3085885,3.3925950415,B.1.617.2,node_3197405,3.2494773845,0.9985624130671831,26
2021-11,node_3454360,AY.4,3.3986029312,41,28,141.142,15702891,107,10,1.2233644445902792,AY.122.4,node_2604942,3.3462914182,AY.4,node_3454337,3.3986029312,1.0,18
2021-11,node_3195812,B.1.617.2,3.3995603987000003,47,33,141.142,15702891,107,10,1.2236461287628613,B.1.625,node_165100,2.1411729171,B.1.617.2,node_3195811,3.3995603987000003,1.0,67
2021-11,node_3512615,B.1.617.2,3.5285020706,39,30,141.142,15702891,107,7,1.2608734382801714,B.1.617.2,node_3512606,3.5288410284000005,AY.36,node_2830438,3.4055685161,0.9999039464239753,20
2021-11,node_3100546,AY.113,3.3964429016000004,39,30,141.142,15702891,107,7,1.222728678555463,AY.113,node_3100588,3.3947181447000006,AY.4,node_3373573,3.3986178289000004,0.9993600553491171,14
2021-11,node_164348,B.1.640.1,3.0799888346000004,55,37,141.142,15702891,107,8,1.1249259718490423,B.1.640.1,node_164289,3.0578513509000005,B.1.640.1,node_164347,3.0799888346000004,1.0,19
2021-11,node_2791860,AY.103,3.2879254876,47,33,141.142,15702891,107,6,1.190256815015007,AY.44,node_2678009,3.1618866601,AY.103,node_2791859,3.3944564426,0.9686161962006493,26
2021-11,node_3265721,AY.39.1.2,3.4326275726000004,43,34,141.142,15702891,107,12,1.2333260240582038,AY.44,node_2684642,3.0553553246,AY.39.1.2,node_3265708,3.4324639536,1.0000476680898072,27
2021-10,node_3191043,AY.121,3.3993783057,43,33,133.259,13064658,94,9,1.2235925636380791,AY.121,node_3181769,3.4040779285,AY.121,node_3191037,3.3993783057,0.998619413862223,17
2021-09,node_3465723,AY.4,3.3990493255000005,39,32,128.393,16061455,117,19,1.2234957823768515,B.1.617.2,node_2570817,3.1618534735,AY.4,node_3465706,3.3987718064000005,1.000081652760411,37
2021-05,node_3171827,AY.119,3.3947803209000003,36,31,140.826,19347136,83,147,1.222239052260245,AY.54,node_2556511,3.1482148365000002,AY.119,node_3166256,3.3947803209000003,1.0,30
2021-09,node_3031380,AY.100,2.9627068843,36,28,128.393,16061455,117,41,1.0861033383858132,B.1.617.2,node_2575752,2.8821530432999998,AY.100,node_3039884,3.3972481404,0.8720902218085147,22
2021-09,node_3125408,B.1.617.2,2.7389497317,30,24,128.393,16061455,117,26,1.0075745373195364,AY.5.7,node_3493561,3.6170234152,B.1.617.2,node_3125407,2.7261804298000003,0.757238595744217,13
2021-08,node_3125665,B.1.617.2,1.7953490469,28,20,124.956,19894993,118,28,0.5851994581337934,B.1.617.2,node_3124893,2.0844473828,AY.122,node_2584767,3.3467869703,0.536439595000296,28
2021-11,node_3452938,AY.4,3.3985773415000002,47,33,141.142,15702891,107,11,1.2233569150856982,AY.9.2.2,node_2508243,3.2818677445,AY.4,node_3452936,3.3985773415000002,1.0,48
2021-10,node_2801887,AY.103,2.9598403473,33,24,133.259,13064658,94,12,1.0851353301583586,AY.103,node_2801861,2.9598403473,AY.103,node_2756979,3.3943079004000003,0.8720011366532775,13
2021-09,node_2481927,AY.47,3.2790427167,37,32,128.393,16061455,117,24,1.187551525133557,AY.29,node_3153785,3.4021979258000004,AY.47,node_2481926,3.2790427167,0.9638012802941083,36
2021-11,node_2956064,AY.43,1.9182833664999999,30,20,141.142,15702891,107,6,0.6514307061639008,AY.43,node_2992409,3.459569504,AY.43,node_2956063,1.9182833664999999,0.5544861475631737,17
2021-11,node_2685478,AY.44,3.0553422232,50,37,141.142,15702891,107,6,1.1168916070371075,AY.122,node_2614637,3.3384496909,AY.44,node_2685477,3.0553422232,0.9151979230144761,38
2021-11,node_2975108,AY.43,3.5129652711000006,41,34,141.142,15702891,107,10,1.256460487410743,AY.43,node_2975096,3.5129652711000006,AY.113,node_3098868,3.3948533797000002,1.0,20
2021-09,node_2536709,AY.57,3.2755446959,33,26,128.393,16061455,117,6,1.1864841746164627,AY.29,node_3148356,3.4011746807,AY.57,node_2536706,3.2752187701,0.9630627660752361,33
2021-11,node_3472897,AY.4,3.3980558181000005,49,37,141.142,15702891,107,5,1.2232034498658528,AZ.2,node_241114,2.0198192308000005,AY.4,node_3472822,3.3980558181000005,1.0,68
2021-11,node_3126335,B.1.617.2,3.2560254971,47,37,141.142,15702891,107,5,1.1805072789143016,B.1.617.2,node_2575767,2.7350095006000004,B.1.617.2,node_3126309,3.3943397068000003,0.9592515123271514,19
2021-10,node_3222408,AY.3,2.6272181727,33,22,133.259,13064658,94,8,0.9659255573881633,B.1.617.2,node_2575668,2.1627578967,AY.3,node_3222405,2.9739418772000006,0.8834127502093468,21
2021-11,node_2829695,AY.36,3.4094139823000007,31,28,141.142,15702891,107,5,1.2265404238291115,AY.36,node_2829694,3.4050221149000004,AY.126,node_3059089,3.4054873571,1.0011530288585022,15
2021-10,node_3303021,AY.4.7,3.3957539517,42,35,133.259,13064658,94,19,1.222525813439141,B.1.617.2,node_2563278,3.1474592861,AY.4.7,node_3303019,3.3957390540000003,1.000004387174563,38
2021-09,node_2623121,AY.122,3.3461596526,39,32,128.393,16061455,117,12,1.2078133158913662,AY.122,node_2623072,3.3462872713,B.1.617.2,node_3123405,2.6696083792000005,0.9999618625988586,13
2021-09,node_2576021,B.1.617.2,3.6764631201,28,25,128.393,16061455,117,5,1.3019511813512765,B.1,node_2470823,1.5735439322,B.1.617.2,node_2576020,3.3296927007,1.1041448717856452,26
2021-11,node_3425590,AY.4,3.3986029312,38,31,141.142,15702891,107,6,1.2233644445902792,AY.4,node_3321374,3.3986029312,AY.4,node_3425554,3.3986029312,1.0,16
2021-08,node_2754668,AY.98,3.3942456172,44,34,124.956,19894993,118,93,1.2220815322548775,AY.122.4,node_2604942,3.3462914182,AY.98,node_2754666,3.3942456172,1.0,21
2021-10,node_3189022,AY.121,3.5290661289000003,54,38,133.259,13064658,94,9,1.261033283225415,AY.121,node_3181769,3.4040779285,AY.121,node_3189021,3.5290661289000003,1.0,25
2021-09,node_2748947,AY.98.1,3.3954640196000003,50,34,128.393,16061455,117,6,1.2224404290202044,B.1.389,node_103590,1.224644526,AY.98.1,node_2748946,3.3954640196000003,1.0,62
2021-09,node_3181769,AY.121,3.4040779285,45,36,128.393,16061455,117,12,1.2249741036629482,AY.122,node_2582232,3.3053944877999997,AY.121,node_3181756,3.4040779285,1.0,25
2021-11,node_3132754,B.1.617.2,3.3945920636,44,35,141.142,15702891,107,5,1.2221835957940546,B.1.617.2,node_3132738,3.3945920636,B.1.617.2,node_3127621,3.3943397068000003,1.0,11
2021-11,node_2851925,AY.127,3.447849354,48,34,141.142,15702891,107,5,1.2377506610117075,B.1.617.2,node_3127621,3.3943397068000003,AY.127,node_2851924,3.4488678121,0.9997046978441949,19
2021-11,node_3403825,AY.4.2,3.5332489098,44,36,141.142,15702891,107,5,1.2622178187116286,AY.122,node_2582232,3.3053944877999997,AY.4.2,node_3403793,3.5332489098,1.0,24
2021-11,node_2797219,AY.103,3.2562983177000002,36,28,141.142,15702891,107,5,1.1805910648585876,AY.103,node_2797218,3.2559936907,AY.103,node_2797180,3.4084895985000006,0.955349348618527,7
2021-10,node_2960561,AY.43,3.4584722814,41,31,133.259,13064658,94,14,1.2408269543957648,AY.43,node_2960555,3.4595505587,AY.43,node_2956141,3.0236847158,0.9996883186755897,14
2021-10,node_3096395,AY.124,3.2568843049000002,37,28,133.259,13064658,94,10,1.1807710036797556,AY.124,node_3096392,3.2567499924,AY.124,node_3095757,3.3951985146,0.9592618195651234,7
2021-09,node_2711292,AY.44,2.7481262632999996,28,23,128.393,16061455,117,17,1.0109193206480784,AY.44,node_2698918,3.04484406,AY.44,node_2711291,2.5991306236,0.902550741235661,15
2021-11,node_3206461,AY.3,3.3962790242,46,31,141.142,15702891,107,6,1.2226804276770016,AY.122.4,node_2604942,3.3462914182,AY.3,node_3206454,3.3962790242,1.0,23
2021-11,node_2954545,AY.43,3.4596797757,39,31,141.142,15702891,107,6,1.24117603441086,AY.103,node_2755297,3.3974697014,AY.43,node_2954540,3.4596797757,1.0,23
2021-11,node_2709300,AY.44,3.2665827432,47,38,141.142,15702891,107,6,1.1837444058212578,AY.44,node_2709299,3.2661629058,AY.44,node_2691757,3.2660389222,1.0001285414757648,7
2021-09,node_2852795,AY.127,3.3102919706000002,38,29,128.393,16061455,117,12,1.1970363941393016,AY.127,node_2854595,3.0140649242,AY.127,node_2852785,3.4485324773,0.959913236250501,7
2021-04,node_2545307,AY.64,3.2731375672,33,25,138.146,22542204,108,1917,1.1857490255554146,B.1,node_3522097,3.2731958736,B.1.617.2,node_2545286,3.2750207368,0.9994249900225547,10
2021-06,node_3017857,AY.100,2.7707184913000003,30,24,131.78,11472596,94,15,1.0191066697060505,B.1.617.2,node_3111761,2.7688716247,AY.100,node_3017856,2.7364138389,1.0006670105553197,18
2021-10,node_2604942,AY.122.4,3.3462914182,41,31,133.259,13064658,94,14,1.207852693273023,AY.44,node_2673330,3.2660697991,AY.122.4,node_2604710,3.3462872713,1.000001239254034,17
2021-06,node_3159683,B.1.617.2,3.3918160449000005,35,30,131.78,11472596,94,97,1.2213654844130557,AY.122,node_2621176,3.3440728436,B.1.617.2,node_3518964,3.3939161192000005,0.9993812238646326,25
2021-10,node_3023306,AY.100,3.3968557748000006,41,32,133.259,13064658,94,5,1.2228502316389283,AY.121,node_3178371,3.3959217846000005,AY.100,node_3023305,3.3967995683000005,1.0000165468991826,25
2021-10,node_3440517,AY.4,3.4032092431000005,41,30,133.259,13064658,94,9,1.2247188814627332,B.1.1.318,node_241135,2.0198192308000005,AY.4.5,node_3328315,3.4032092431000005,1.0,57
2021-10,node_3185526,AY.121.1,3.4128007495000006,45,34,133.259,13064658,94,7,1.227533288349318,AY.122,node_2582232,3.3053944877999997,AY.121.1,node_3184221,3.4128007495000006,1.0,27
2021-05,node_2833994,AY.36,3.2650875605,39,32,140.826,19347136,83,14,1.1832865802861052,B.1.617.2,node_3272017,3.0476160023000003,AY.36,node_2833993,3.2650875605,1.0,18
2021-11,node_3074703,AY.117,3.0646964884000005,41,33,141.142,15702891,107,5,1.1199485394930333,B.1,node_2471055,2.0018744758,AY.117,node_3074702,3.4114938959000005,0.8983444150620384,30
2021-11,node_2612726,AY.122,3.409317638,44,31,141.142,15702891,107,5,1.226512165113159,AY.122,node_2612724,3.3507166154,AY.43,node_2954887,3.3961976157000002,1.003863150436049,21
2021-06,node_2677643,AY.44,3.2660697991,40,32,131.78,11472596,94,244,1.183587365752853,AY.54,node_2556511,3.1482148365000002,AY.44,node_2677642,3.2660697991,1.0,35
2021-10,node_2916966,AY.25.1,3.2883397145,43,34,133.259,13064658,94,6,1.190382791351976,AY.25,node_2870349,3.2875347582,AY.25.1,node_2916949,3.3950181516000004,0.968577947941243,16
2021-10,node_2427431,P.1,2.4600924720999995,63,34,133.259,13064658,94,13,0.900198939522327,P.1,node_2427428,2.31877577,B.1.1.222,node_188806,1.2276071661,1.0609445311307526,49
2021-10,node_3124746,B.1.617.2,2.611086791,32,25,133.259,13064658,94,5,0.9597665296854111,B.1.617.2,node_3124745,2.6110728273,AY.3,node_3201871,3.3941333027000002,0.7692941196278018,15
2021-11,node_3254371,AY.39,3.3932434969000003,47,35,141.142,15702891,107,5,1.2217862477128516,AY.4,node_3484381,3.3989277783,AY.39,node_3254370,3.3932434969000003,0.9983276251304043,25
2021-11,node_3365034,AY.4,3.4625759299000007,41,33,141.142,15702891,107,5,1.2420128004860118,AY.122.4,node_2604942,3.3462914182,AY.4,node_3365030,3.3985031548000006,1.0188532339625769,17
2021-05,node_3632431,B,2.574663458,13,12,140.826,19347136,83,109,0.945718829651913,B.1.617.2,node_3111671,2.9169235904999997,AY.25.1,node_2923766,2.5185089131,0.8826640047704054,15
2021-08,node_2577147,B.1.617.2,2.54192926,18,17,124.956,19894993,118,27,0.9329233438985323,AY.103,node_2802047,2.7276140085,AY.43,node_2956192,2.5409309582,0.9319241109917478,16
2021-06,node_2621562,AY.122,3.3365705935,37,27,131.78,11472596,94,671,1.2049435110876454,AY.122,node_2621561,3.3365705935,AY.125,node_3139953,3.3946603573000003,0.9828879010899921,14
2021-10,node_3518964,B.1.617.2,3.3939161192000005,46,35,133.259,13064658,94,5,1.2219844520693859,B.1.617.2,node_3518933,3.3943397068000003,B.1.617.2,node_3159697,3.3918160449000005,0.9998752076584582,20
2021-10,node_3073409,AY.117,3.3942480272000006,44,34,133.259,13064658,94,8,1.222082242279848,AY.117,node_3073408,3.3942480272000006,AY.117,node_3074245,3.3823369821000004,1.0,19
2021-10,node_2954739,AY.43,3.459569504,33,30,133.259,13064658,94,9,1.2411441605194733,AY.43,node_2974216,3.459569504,B.1.617.2,node_2577153,2.2395292467,1.0,21
2021-09,node_3519527,B.1.617.2,2.0978700220000004,19,17,128.393,16061455,117,7,0.7409225547660748,B.1.617.2,node_2737072,2.7267736865000005,B.1.617.2,node_3519526,2.4549016349999997,0.7693597867642471,14
2021-10,node_2728275,B.1.617.2,3.5773069481,45,35,133.259,13064658,94,5,1.2746102681971767,AY.122,node_2582232,3.3053944877999997,B.1.617.2,node_2931148,3.449891499,1.036933175764204,26
2021-09,node_3123753,B.1.617.2,3.3950328638000005,40,29,128.393,16061455,117,17,1.2223134410227183,B.1.617.2,node_3123751,3.2564761664,AY.129,node_3516994,3.4485736252000003,0.9844745198395193,18
2021-10,node_3091593,AY.34.2,3.1552277169,33,27,133.259,13064658,94,8,1.1490606699020478,AY.34.2,node_3091590,2.7854076585000005,B.1.617.2,node_3111784,3.3986809015000006,0.9283683312274026,21
2021-08,node_3124754,B.1.617.2,2.615149238,30,21,124.956,19894993,118,17,0.9613211658693364,B.1.617.2,node_3124751,2.6148297516000003,AY.3,node_3243254,3.3922231568000005,0.7709248823320218,14
2021-09,node_122346,B.1.2,1.6291961753,38,32,128.393,16061455,117,10,0.4880867491954537,B.1.2,node_121926,1.3700315655000002,B.1.2,node_122345,1.6290797394999998,1.000071473358349,21
2021-09,node_3124614,B.1.617.2,2.6110990115000003,32,22,128.393,16061455,117,8,0.9597712099095405,B.1.617.2,node_3124524,2.6129845724000003,AY.3,node_3217909,3.3923639721000005,0.7696989571209342,11
2021-06,node_3123337,B.1.617.2,2.9823048471,19,17,131.78,11472596,94,10,1.0926964401919577,B.1.617.2,node_2575712,2.1623600168,B.1.617.2,node_3123336,2.9852817687,0.9990028004621834,15
2021-10,node_2562246,AY.51,3.1490472437,37,30,133.259,13064658,94,6,1.1470999447691292,B.1.617.2,node_2552809,3.1531279279,AY.51,node_2562245,3.1488789743,0.9987058298003413,20
2021-10,node_3120290,AY.112.3,3.5963092465,47,37,133.259,13064658,94,7,1.2799081102699887,AY.103,node_2792356,3.4086635789,AY.112.3,node_3120289,3.4579950368000008,1.0399983829438906,24
2021-10,node_3439739,AY.4,3.4010000954,42,33,133.259,13064658,94,10,1.2240695340756313,AY.116,node_3053649,3.4016695175000002,AY.4,node_3439738,3.4010000954,0.9998032077788402,19
2021-11,node_2677681,AY.44,3.26734888,45,38,141.142,15702891,107,6,1.1839789160205356,AY.122,node_2578757,3.3359468072,AY.44,node_2677680,3.26734888,0.9794367442994162,26
2021-09,node_2649562,AY.122,3.3463512516,52,41,128.393,16061455,117,26,1.2078705736240154,AY.111,node_3006139,3.3941467179,AY.122,node_2649561,3.3463512516,0.9859182674549873,32
2021-08,node_2956209,AY.43,2.4581290957000004,20,16,124.956,19894993,118,18,0.899400530391209,AY.43,node_2956208,2.4581290957000004,AY.3,node_3234184,3.3943232360000004,0.7241882769528907,15
2021-03,node_3518797,B.1.617.2,3.4027436108000004,32,26,142.272,14772312,116,387,1.2245820505705065,AY.122,node_2582232,3.3053944877999997,B.1.617.2,node_2577219,3.4027436108000004,1.0,16
2020-10,node_164252,B.1.640,2.9958218989,30,22,102.606,12122070,42,1041,1.097218617592912,BA.5.2,node_1948630,8.4826978427,B.1,node_164248,2.4380670168,0.3531685266236531,69
2021-11,node_2750100,AY.98.1,3.2889330646,41,32,141.142,15702891,107,6,1.1905632157076436,AY.44,node_2690218,3.1595079672,AY.98.1,node_2750093,3.3954640196000003,0.9686255090953518,18
2021-10,node_2591452,AY.122,3.3343152904999998,41,33,133.259,13064658,94,6,1.2042673480936612,AY.122,node_2591413,3.3462872713,AY.122,node_2591451,3.3363388469,0.9964223093149593,12
2021-09,node_2649564,AY.122,3.3463512516,57,46,128.393,16061455,117,24,1.2078705736240154,AY.122,node_2611937,3.3393482246,AY.122,node_2649563,3.3463512516,1.0,29
2021-07,node_2617397,AY.122,3.3393482246,45,33,123.092,15676958,111,73,1.2057756456105369,AY.122,node_2617396,3.3393482246,B.1.617.2,node_2573354,3.1735589998,1.0,43
2021-10,node_3327982,AY.4.5,3.3463099317,51,40,133.259,13064658,94,12,1.2078582258003714,AY.4.5,node_3327981,3.3462872713,AY.122,node_2619222,3.3463099317,1.0,15
2021-07,node_2754478,AY.98,3.3944805529,43,31,123.092,15676958,111,45,1.2221507457403553,AY.122.4,node_2604942,3.3462914182,AY.98,node_2754477,3.3944805529,1.0,20
2021-07,node_3035189,AY.100,3.3977126029,43,35,123.092,15676958,111,77,1.2231024413620222,AY.54,node_2556511,3.1482148365000002,AY.100,node_3035187,3.3977126029,1.0,37
2021-06,node_2577142,B.1.617.2,2.3995395968000004,14,15,131.78,11472596,94,35,0.8752768842846103,B.1.617.2,node_3521165,2.5060691767,B.1.617.2,node_2577140,2.9320359303000005,0.8183868321676685,12
2021-08,node_2850775,B.1.617.2,3.3697556122000005,35,27,124.956,19894993,118,16,1.2148402230996522,B.1.617.2,node_2849489,3.3694284938000005,B.1.617.2,node_2850744,3.3946642258,0.9926624219825071,14
2021-10,node_2956140,AY.43,3.3198380592000003,37,28,133.259,13064658,94,5,1.199916004389346,AY.43,node_2960563,3.4584722814,AY.43,node_2956139,3.3198380592000003,0.959914606531448,9
2021-10,node_3379474,AY.4,3.4383297133,47,42,133.259,13064658,94,5,1.2349858050091804,AY.4,node_3379458,3.4040305935,AY.4,node_3379473,3.4383297133,1.0,14
2021-10,node_3467536,AY.4.6,3.2918425205,50,36,133.259,13064658,94,10,1.1914474446414345,AY.44,node_2713652,3.1595388441,AY.4.6,node_3467396,3.3983734755,0.9686523697974878,23
2021-07,node_2954878,AY.43,3.3910339389,40,31,123.092,15676958,111,7,1.2211348716159764,AY.98,node_2741113,3.3960964671,AY.43,node_2954877,3.072829928,0.9985093096591797,30
2021-08,node_3243254,AY.3,3.3922231568000005,39,30,124.956,19894993,118,37,1.221485504916589,AY.3,node_3241383,3.3945151566000002,B.1.617.2,node_3124755,2.6128033754000004,0.9993247931753837,20
2021-09,node_3327841,AY.4.5,3.4010954897000003,44,38,128.393,16061455,117,19,1.224097582578865,AY.126,node_3065684,3.4007107656,AY.4.5,node_3327691,3.3943397068000003,1.0001131304972748,13
2021-09,node_3121752,AY.112,3.3944329012,44,34,128.393,16061455,117,19,1.222136707647125,BA.1.1.1,node_671232,5.741468112600002,AY.112,node_3121751,3.3944329012,0.5912134030232982,83
2021-08,node_2698918,AY.44,3.04484406,29,24,124.956,19894993,118,6,1.1134496880278302,AY.44,node_2714817,1.8745400953,AY.44,node_2698917,3.2768649633,0.9291942433092083,21
2021-10,node_3023141,AY.100,3.3967995683000005,48,31,133.259,13064658,94,8,1.2228336848766441,AY.103,node_2818617,3.3943079004000003,AY.100,node_3023140,3.3967995683000005,1.0,21
2021-10,node_2745268,AY.98.1,3.483610184,45,33,133.259,13064658,94,5,1.248069165244736,AY.36,node_2830391,3.4285546714000006,AY.98.1,node_2745243,3.4831946131000002,1.0001193074020145,19
2021-08,node_2998259,AY.43,3.3948627478000004,36,27,124.956,19894993,118,46,1.2222633324467498,AY.33,node_3113697,3.6703661107,AY.43,node_2998258,3.459569504,0.9249384517536708,15
2021-10,node_2870349,AY.25,3.2875347582,41,32,133.259,13064658,94,5,1.1901379702844928,AY.25,node_2870703,3.287033573,AY.25,node_2870345,3.3940657132000003,0.9686125832550365,17
2021-08,node_2952292,AY.43,3.4597739372,41,35,124.956,19894993,118,16,1.2412032508657749,AY.43,node_2952291,3.4597739372,AY.113,node_3100216,3.3962094369000004,1.0,20
2021-10,node_3091761,AY.34,3.3415229132,47,32,133.259,13064658,94,7,1.2064266651054356,B.1.617.2,node_2651838,3.3000406262,AY.34,node_3091758,3.4480538682,0.9691040340226433,25
2021-07,node_3123548,B.1.617.2,2.7166307523000004,34,28,123.092,15676958,111,9,0.9993924184850067,B.1.617.2,node_2859770,3.3949857241,B.1.617.2,node_3123546,2.7166307523000004,0.8001891533785965,23
2021-10,node_2755427,AY.103,3.3937303156,41,29,133.259,13064658,94,5,1.2219297044917588,AY.9.2.2,node_2508243,3.2818677445,AY.103,node_2755376,3.3937303156,1.0,42
2021-07,node_2483061,AY.47,3.2759185274,38,32,123.092,15676958,111,45,1.1865982961455515,AY.9,node_2500548,3.2760890563,AY.47,node_2483060,3.2759185274,0.9999479474162425,15
2021-04,node_2723973,AY.44,2.8719172651000004,27,23,138.146,22542204,108,130,1.0549798433546018,B.1.617.2,node_3085804,2.8662750113,AY.44,node_2723972,3.3965461175000002,0.8455404889994108,10
2020-09,node_218077,B.1.1.1,2.3816051011,23,17,89.5443,8498335,32,438,0.8677746725965445,B.1,node_28999,1.6664703323999999,B.1.1.1,node_218076,1.6412201453,1.4291314131407817,17
2021-10,node_3006139,AY.111,3.3941467179,46,38,133.259,13064658,94,8,1.2220523944870156,AY.4.5,node_3327833,3.3943397068000003,AY.111,node_3006138,3.3941467179,0.9999431439052451,18
2021-10,node_2733849,B.1.617.2,3.3946394372000004,42,36,133.259,13064658,94,8,1.2221975513058074,AY.106,node_3009618,3.3943117821000004,B.1.617.2,node_2733845,3.3946445948000004,0.999998480665691,20
2021-09,node_3124548,B.1.617.2,2.9601992632,34,26,128.393,16061455,117,7,1.0852565847188191,B.1.617.2,node_3124547,2.9597819799,AY.3,node_3230025,3.3946668163000004,0.8720146698892982,10
2021-09,node_2766109,AY.103,3.3943079004000003,38,28,128.393,16061455,117,9,1.2220998817309008,AY.60,node_2547441,3.2784593171,AY.103,node_2766108,3.3943079004000003,1.0,38
2021-05,node_2833235,AY.36,2.5286615897000004,38,30,140.826,19347136,83,11,0.9276901468322795,B.1.617.2,node_2577082,3.0568375592000003,AY.36,node_2833234,2.8750224205000006,0.8272149045308682,19
2021-04,node_2410312,B.1.1.529_dropout,5.228519961000001,39,33,138.146,22542204,108,14,1.6541282477789694,BA.1.17,node_570322,5.324519609200001,B.1.1.529_dropout,node_2410311,4.7793428741,0.9819702705133949,22
2021-09,node_2628001,AY.122,3.6223831903,46,37,128.393,16061455,117,15,1.287132149088935,AY.111,node_3006139,3.3941467179,AY.122,node_2627997,3.6223831903,1.0,26
2021-10,node_3441341,AY.4,3.5269558193000003,41,34,133.259,13064658,94,5,1.2604351247507353,AY.4.2.1,node_3400748,3.5310635122000003,AY.4,node_3440581,3.3986097359000005,0.9988366980979505,14
2021-09,node_3316761,AY.4,3.3997152006,40,33,128.393,16061455,117,7,1.2236916635842598,AY.4,node_3470672,3.3986029312,AY.4,node_3316756,3.3997152006,1.0,11
2021-08,node_2796347,AY.103,3.3998152234000005,40,30,124.956,19894993,118,22,1.2237210840864918,AY.103,node_2807491,3.3943079004000003,AY.103,node_2796341,3.4000048758000005,0.9999442199623448,11
2021-08,node_3124553,B.1.617.2,2.9601915685,32,23,124.956,19894993,118,21,1.085253985329617,B.1.617.2,node_3124525,2.9601915685,AY.3,node_3227915,3.3942009752000004,0.8721320835533533,10
2021-07,node_2611632,AY.122,3.1982563838,40,28,123.092,15676958,111,9,1.1626057812420936,B.1.617.2,node_3125969,2.9597984507,AY.122,node_2611631,3.3393482246,0.9577486888726914,20
2021-05,node_2608361,AY.122,3.3461150709,44,34,140.826,19347136,83,80,1.2077999925590637,AY.60,node_2547441,3.2784593171,AY.122,node_2608360,3.3461150709,1.0,42
2021-08,node_3105367,AY.42,3.3943907953,40,30,124.956,19894993,118,12,1.2221243031712148,AY.42,node_3105354,3.3943907953,B.1.617.2,node_2577153,2.2395292467,1.0,28
2021-08,node_2729282,AY.23,3.5470624623,46,37,124.956,19894993,118,31,1.266119785532119,AY.44,node_2701040,3.2658346808,AY.23,node_2729281,3.5535495547999996,0.9981744752957681,27
2021-07,node_3227232,AY.3,3.3942009752000004,42,30,123.092,15676958,111,33,1.2220683799086396,AY.60,node_2547441,3.2784593171,AY.3,node_3227223,3.3942009752000004,1.0,42
2021-10,node_3314647,AY.4,3.1096372398,33,27,133.259,13064658,94,6,1.1345060762366759,AY.43,node_2940534,3.1006345672,AY.4,node_3314639,3.4021137889000004,0.9140309327529677,11
2021-10,node_2624013,AY.122.2,3.3466164977,48,39,133.259,13064658,94,12,1.2079498347560198,AY.122.2,node_2624012,3.3468336631,AY.122,node_2592109,3.3439707593,0.9999351131780482,19
2021-10,node_3278374,AY.46.6,3.3943552567,36,31,133.259,13064658,94,6,1.2221138333142698,AY.46.6,node_3278373,3.3943552567,B.1.617.2,node_2577146,2.5439212640000006,1.0,23
2021-09,node_3366145,AY.4,3.3924516490000003,37,30,128.393,16061455,117,10,1.2215528603040249,AY.4,node_3365300,3.3982872611,AY.120,node_3508619,3.3931680837000004,0.9982827784552532,14
2021-09,node_162073,B.1.621,3.4091524489,31,24,128.393,16061455,117,6,1.2264637116923984,B.1.621,node_162072,2.4866560267000004,AY.4,node_3473803,3.3981316407000004,1.0032431963694406,42
2021-09,node_2586099,AY.122.1,3.2009002273,38,28,128.393,16061455,117,5,1.1634320912735894,AY.122.1,node_2586096,3.1969348041,AY.122.1,node_2586025,3.3488574118,0.9558186072722417,8
2021-10,node_3411530,AY.4,3.2954254081,44,35,133.259,13064658,94,5,1.1925352667832254,AY.122,node_2599106,3.2304309858,AY.4,node_3411529,3.4019563631,0.9686853846347033,21
2021-07,node_3090857,AY.34,3.447042451,43,32,123.092,15676958,111,73,1.2375166028055733,AY.34,node_3090856,3.447042451,AY.126,node_3058168,3.4018443804000005,1.0,26
2021-07,node_2749981,AY.98.1,3.3955632642,43,35,123.092,15676958,111,23,1.222469657175492,AY.111,node_3006139,3.3941467179,AY.98.1,node_2749980,3.3955632642,1.0,25
2021-09,node_2802077,AY.103,2.4315852162000002,32,24,128.393,16061455,117,5,0.8885433970088387,AY.103,node_2802062,2.4312462584,AY.103,node_2810880,3.3932630064000002,0.716592027088325,16
2021-09,node_3557752,B.1,1.3114388662,76,36,128.393,16061455,117,6,0.27112490558984736,B.1.1.7,node_423746,2.2920998219,B.1,node_3557751,1.2925790511,0.5721560874748044,84
2021-09,node_3290898,B.1.617.2,3.3966201099,63,51,128.393,16061455,117,7,1.2227808518680732,AY.100,node_3037052,3.3966201099,B.1.617.2,node_3290897,3.3932007005000004,1.0,37
2021-09,node_2930895,B.1.617.2,3.2523448977,64,50,128.393,16061455,117,9,1.1793762431652282,AY.85,node_2726132,3.2544799182,B.1.617.2,node_2930893,3.2523448977,0.9993439749042358,38
2021-08,node_3127578,B.1.617.2,3.3943397068000003,34,28,124.956,19894993,118,6,1.2221092521981396,AY.122,node_2593098,3.3479210857,B.1.617.2,node_3127577,3.3943397068000003,1.0,20
2021-07,node_2715083,AY.44,2.7359096175,19,18,123.092,15676958,111,14,1.0064639646751778,B.1.617.2,node_2575867,2.0877502988,AY.44,node_2715081,2.6054332991000004,1.050078548717816,16
2021-01,node_3520650,B.1.617.2,3.3706313986000005,30,26,139.046,19546070,91,30,1.2151000854498484,B.1.617.2,node_3520789,3.3698828522000004,B.1.617.2,node_2575895,1.8586989057999999,1.0002221283150872,20
2021-08,node_3121120,AY.112,3.3937090005000004,44,31,124.956,19894993,118,23,1.2219234237431562,AY.103,node_2818617,3.3943079004000003,AY.112,node_3121119,3.3937090005000004,0.9998235575800506,17
2021-10,node_3327500,AY.4.5,3.3985170981000006,51,43,133.259,13064658,94,5,1.2233391888644323,AY.4.5,node_3327493,3.3986029312,AY.4,node_3372826,3.3985170981000006,0.9999747445930763,20
2021-09,node_2755426,AY.103,3.3937303156,40,29,128.393,16061455,117,7,1.2219297044917588,AY.9.2.2,node_2508243,3.2818677445,AY.103,node_2755406,3.3937303156,1.0,41
2021-10,node_3327948,AY.4.5,3.346527609,59,48,133.259,13064658,94,5,1.2079232736365852,AY.4.5,node_3327947,3.3462872713,AY.122,node_2592501,3.346527609,1.0,23
2021-10,node_3031314,AY.100,2.9632450498000003,36,27,133.259,13064658,94,5,1.0862849684454101,AY.100,node_3029412,3.3978436721,AY.100,node_3031307,2.9632450498000003,0.872095757121339,8
2021-09,node_3028571,AY.100,3.4090093999,36,28,128.393,16061455,117,9,1.2264217505294945,AY.100,node_3017323,3.2579313916,AY.100,node_3028567,3.5473236096,0.9610088548657684,12
2021-07,node_2575766,B.1.617.2,2.7359879382,28,22,123.092,15676958,111,5,1.0064925911979548,B.1.617.2,node_3126297,2.7518255326,B.1.617.2,node_2575765,2.7359879382,0.9942446953077596,31
2021-10,node_2731724,AY.23,3.5404501628,49,38,133.259,13064658,94,5,1.264253883693715,AY.23,node_2731723,3.5404501628,AY.9.2,node_2506334,3.2813059499,1.0,40
2021-07,node_3210355,AY.3,3.3942495330000004,42,31,123.092,15676958,111,47,1.2220826859126215,AY.54,node_2556511,3.1482148365000002,AY.3,node_3210312,3.3942495330000004,1.0,36
2021-08,node_2483074,AY.47,3.2776980035,39,32,124.956,19894993,118,14,1.1871413477981285,AY.47,node_2483061,3.2759185274,AY.47,node_2478687,3.2776980035,1.0,10
2021-08,node_2880901,AY.25,3.0476260695,38,30,124.956,19894993,118,14,1.114362949688282,B.1.617.2,node_2576003,2.3899660652000003,AY.25,node_2880890,3.3943964889000005,0.897840331695495,23
2021-08,node_2652080,B.1.617.2,3.3988124691,41,35,124.956,19894993,118,8,1.2234260968176998,AY.54,node_2556511,3.1482148365000002,B.1.617.2,node_2652079,3.3988124691,1.0,35
2021-09,node_3290904,B.1.617.2,3.3931688941000004,72,56,128.393,16061455,117,6,1.22176426178105,AY.103,node_2765148,3.3944568875000005,B.1.617.2,node_3290896,3.3932007005000004,0.9996205598000838,41
2021-08,node_3518971,B.1.617.2,3.459569504,41,34,124.956,19894993,118,11,1.2411441605194733,AY.60,node_2547441,3.2784593171,AY.43,node_2941073,3.459569504,1.0,39
2021-08,node_2578232,AY.122,3.3369929232,36,30,124.956,19894993,118,5,1.2050700790597662,AY.45,node_2657857,3.0511685780000004,AY.122,node_2578225,3.3369030226999996,1.0000269412983802,13
2021-07,node_2548671,B.1.617.2,3.2731755576,38,35,123.092,15676958,111,5,1.1857606322107261,B.1.617.2,node_3521704,3.0348098466000004,B.1.617.2,node_2548669,3.2735145154,0.9998964544686131,26
2021-09,node_2947269,AY.43,3.459569504,38,30,128.393,16061455,117,5,1.2411441605194733,AY.43,node_2987201,3.4596071163,AY.43,node_2947268,3.459569504,0.9999891281585638,12
2021-09,node_2696898,AY.44,3.2714771279,42,35,128.393,16061455,117,13,1.1852416039842502,B.1,node_2471044,2.4570287373000004,AY.44,node_2690226,3.1649461729,1.0336596419592143,32
2021-08,node_3519548,B.1.617.2,2.3407586522,16,15,124.956,19894993,118,9,0.8504750871666742,B.1.617.2,node_3125116,1.9933334387000001,AY.44,node_2715083,2.7359096175,0.8555687063737587,17
2021-08,node_2724017,AY.44,3.0251583231,28,25,124.956,19894993,118,5,1.1069634283280843,AY.43,node_2956080,3.0253026569,AY.43,node_2947117,3.459569504,0.8744320123073902,9
2021-07,node_3470670,AY.4,3.3986029312,36,31,123.092,15676958,111,33,1.2233644445902792,AY.4,node_3309308,3.3986029312,AY.4,node_3470668,3.3986029312,1.0,11
2021-09,node_3281800,AY.46.6,3.4022883297,36,29,128.393,16061455,117,6,1.224448243380574,AY.46.6,node_3281799,3.4022883297,B.1.617.2,node_2577146,2.5439212640000006,1.0,24
2021-09,node_3327705,AY.4.5,3.459569504,44,36,128.393,16061455,117,8,1.2411441605194733,AY.4.5,node_3327694,3.459569504,AY.43,node_2996433,3.459569504,1.0,13
2021-07,node_2833060,AY.36,3.4059074739000006,43,36,123.092,15676958,111,8,1.2255114162520095,AY.122,node_2611937,3.3393482246,AY.36,node_2833059,3.4059074739000006,1.0,28
2021-07,node_3273705,B.1.617.2,3.3408338178999997,36,30,123.092,15676958,111,5,1.2062204219100565,B.1.617.2,node_3273704,3.3943397068000003,AY.122,node_2642590,3.3505504957,0.9842367312874399,12
2021-09,node_3468403,AY.4,3.3010984033,41,31,128.393,16061455,117,9,1.1942552625751823,AY.47,node_2484150,3.1693875724000002,AY.4,node_3468341,3.4076293583000004,0.9687375169660041,36
2021-08,node_3518926,B.1.617.2,3.4595077424,43,34,124.956,19894993,118,10,1.2411263079654977,AY.60,node_2547441,3.2784593171,AY.43,node_2998154,3.4595077424,1.0,41
2021-07,node_2493836,AY.69,3.2790711275,38,30,123.092,15676958,111,14,1.1875601894540233,B.1.617.2,node_2548713,3.1445230991,AY.69,node_2493827,3.2790711275,1.0,24
2021-08,node_2930892,B.1.617.2,3.2523448977,53,42,124.956,19894993,118,12,1.1793762431652282,AY.85,node_2726162,3.2565530379,B.1.617.2,node_2930891,3.2523448977,0.9987077931324855,27
2021-07,node_2505188,AY.9.2,3.2803308648000002,39,32,123.092,15676958,111,14,1.1879442907233058,AY.70,node_2485542,3.2405399184,AY.9.2,node_2505187,3.2803308648000002,1.0,30
2021-06,node_2992841,AY.43,3.459699406,64,45,131.78,11472596,94,22,1.2411817084170056,AY.126,node_3059904,3.4011958371000004,AY.43,node_2974335,3.459569504,1.0000375486024633,73
2021-04,node_2728226,B.1.617.2,3.4923402522,34,28,138.146,22542204,108,142,1.2505720708594843,B.1,node_2471223,3.0582017707999998,B.1.617.2,node_2931055,3.3858092972000002,1.031463956073397,21
2021-08,node_3124349,B.1.617.2,2.3815339854,29,21,124.956,19894993,118,6,0.8677448117427194,AY.25,node_2892347,2.9596906345000003,B.1.617.2,node_2575689,2.1555134316,0.804656391326632,16
2020-11,node_164508,B.1.640,3.0313283898,34,25,113.534,17266494,43,97,1.1090009359218553,B.1.640.1,node_164259,3.0564214045000004,B.1.640,node_164252,2.9958218989,0.9917900670820274,22
2021-09,node_3228198,AY.3,2.6127166267,35,24,128.393,16061455,117,7,0.9603905331643182,AY.3,node_3228197,2.6129108694000003,AY.3,node_3226767,3.3940552903000003,0.7697920049113467,8
2021-08,node_2544115,AY.75,2.7165426385,24,18,124.956,19894993,118,21,0.9993599830025841,AY.75,node_2544082,2.710055546,AY.75,node_2544103,1.971578149,1.0023937120069641,7
2021-06,node_3518833,B.1.617.2,3.3943397068000003,38,30,131.78,11472596,94,36,1.2221092521981396,AY.60,node_2547441,3.2784593171,B.1.617.2,node_3051620,3.3943397068000003,1.0,36
2021-05,node_3521511,B.1.617.2,2.2433684876999997,17,14,140.826,19347136,83,54,0.8079785254600977,B.1.617.2,node_3519548,2.3407586522,B.1.617.2,node_3520329,3.4030252981,0.6592276845407327,12
2021-05,node_3111761,B.1.617.2,2.7688716247,22,19,140.826,19347136,83,6,1.0184398815034024,B.1.617.2,node_2474646,2.0249514141000002,B.1.617.2,node_3111722,3.4014752709000007,0.8140208010294842,21
2021-06,node_2750799,AY.98.1,3.4043227028000005,32,27,131.78,11472596,94,20,1.2250460072753708,B.1.617.2,node_2575622,3.8339881206,AY.98.1,node_2750798,3.4038679236000005,0.8879325119732612,16
2021-09,node_3272688,B.1.617.2,3.5368903298000007,36,28,128.393,16061455,117,6,1.2632479031833994,B.1.617.2,node_3272687,3.5316256939000006,AY.4,node_3379388,3.4041237397,1.001490711744762,14
2021-09,node_3193522,AY.102,3.047978876,39,27,128.393,16061455,117,6,1.11447870735419,B.1.617.2,node_2577082,3.0568375592000003,AY.102,node_3193449,3.3943397068000003,0.8979592908434818,18
2021-09,node_2753299,AY.98,3.2875069656,40,31,128.393,16061455,117,8,1.1901295163153265,AY.20,node_2844834,3.2893696742,AY.98,node_2753267,3.3940379206,0.9686123262343611,18
2021-09,node_213984,C.37,2.2452243353,41,31,128.393,16061455,117,6,0.8088054428388549,C.37,node_213076,2.1803880494000003,C.37,node_213980,2.3517552903,0.954701513614365,11
2021-09,node_3054929,AY.116,3.2583435600999997,42,33,128.393,16061455,117,5,1.1812189558480104,AY.116,node_3054928,3.2583224267,AY.99.2,node_3041749,3.3951432688,0.959707235344931,16
2021-07,node_3518689,B.1.617.2,2.2245694437,20,17,123.092,15676958,111,5,0.7995633884435897,B.1.617.2,node_2737075,2.2203381172,B.1.617.2,node_3518686,3.3151573773000003,0.6710298156378266,13
2021-09,node_2574800,B.1.617.2,3.279110282,39,31,128.393,16061455,117,6,1.1875721301118234,AY.124,node_3096734,3.3953992136,B.1.617.2,node_2574799,3.2793290097,0.9657510282931638,29
2021-09,node_2721045,AY.44,2.9599886481000004,36,27,128.393,16061455,117,6,1.0851854332272637,AY.44,node_2721039,2.9598317587,AY.44,node_2720083,3.3944562012,0.8720067288108158,9
2021-07,node_2715035,AY.44,2.831602246,31,24,123.092,15676958,111,17,1.0408427161087113,AY.44,node_2678939,2.830776848,AY.44,node_2678777,2.831528543,1.0000260294038645,11
2021-07,node_61165,B.1.177.60,1.2380080261,35,18,123.092,15676958,111,18,0.21350365735932114,B.1.177.60,node_61164,1.2372768766,B.1.177.60,node_61161,1.2365219503,1.0005909344252915,11
2021-08,node_3230569,AY.3,3.2574409007000003,41,29,124.956,19894993,118,5,1.1809418873196684,B.1.617.2,node_3124525,2.9601915685,AY.3,node_3230568,3.3953455218,0.9593842157699193,15
2021-09,node_3170700,AY.119.2,3.3090982333,39,33,128.393,16061455,117,7,1.196675715201765,AY.98,node_2753299,3.2875069656,AY.119.2,node_3170686,3.4156291883,0.968810737604388,16
2021-08,node_2725441,B.1.617.2,4.3221192638999995,31,28,124.956,19894993,118,5,1.4637458523129472,B.1.617.2,node_2725440,3.9759120122,B.1.617.2,node_2575967,2.8964394796000006,1.0870761854481865,22
2021-09,node_3178857,AY.121,3.40409349,39,36,128.393,16061455,117,8,1.2249786750813345,AY.121,node_3178856,3.40409349,B.1.617.2,node_2577146,2.5439212640000006,1.0,27
2021-09,node_2808621,AY.103,2.9598206067,34,25,128.393,16061455,117,5,1.085128660654766,AY.103,node_2806252,2.9600537862000005,AY.103,node_2804139,3.3942881598000003,0.8720003922337578,14
2021-09,node_3309307,AY.4,3.3986029312,40,30,128.393,16061455,117,5,1.2233644445902792,AY.4,node_3470670,3.3986029312,AY.4,node_3309289,3.3986029312,1.0,11
2021-09,node_3301121,AY.4,3.4096849111,31,29,128.393,16061455,117,5,1.2266198855891994,AY.4,node_3301119,3.4096849111,B.1.617.2,node_2577153,2.2395292467,1.0,19
2021-09,node_2978132,AY.43,3.4626678621,50,40,128.393,16061455,117,5,1.2420393503672191,AY.4.5,node_3327708,3.459569504,AY.43,node_2978131,3.4626678621,1.0,24
2021-08,node_2597402,AY.122,3.347054137,44,32,124.956,19894993,118,11,1.2080805968817674,AY.103,node_2818617,3.3943079004000003,AY.122,node_2597398,3.347054137,0.9860785277038564,17
2021-09,node_3014546,AY.101,3.3056061869,26,22,128.393,16061455,117,5,1.1956198715834927,AY.101,node_3014539,3.3056733300000003,AY.43,node_2956204,2.7928558558,0.999979688525363,19
2021-05,node_3076330,AY.117,3.3940933295000004,38,31,140.826,19347136,83,33,1.2220366648134544,AY.54,node_2556511,3.1482148365000002,AY.117,node_3072708,3.3940933295000004,1.0,32
2020-11,node_2576003,B.1.617.2,2.3899660652000003,19,16,113.534,17266494,43,34,0.8712791671815296,B.1.617.2,node_3271692,2.9070682185,B.1.617.2,node_2575485,2.8746411057000003,0.8221224565666312,19
2021-08,node_3124261,B.1.617.2,2.9595508835000004,32,26,124.956,19894993,118,10,1.0850375282767313,AY.25,node_2886266,2.9597648348000005,AY.25,node_2886229,3.3940184366,0.8719902200840037,13
2021-08,node_3290848,B.1.617.2,3.1738262233,56,48,124.956,19894993,118,7,1.1549378705423659,B.1.2,node_148059,1.3172868604999999,B.1.617.2,node_3290847,3.3932007005000004,0.9353488058729698,55
2021-09,node_216904,C.37,2.6920375224999997,46,34,128.393,16061455,117,9,0.9902983502068863,B.1.638,node_3587152,3.2327386544000007,C.37,node_216903,2.2868107008000003,0.8327420835074106,54
2021-09,node_3444753,AY.4,3.2916090611000004,41,32,128.393,16061455,117,6,1.1913765215406253,AY.44,node_2678009,3.1618866601,AY.4,node_3444751,3.3983043012000005,0.9686033884421933,19
2021-08,node_3309641,AY.4,3.3986029312,33,30,124.956,19894993,118,6,1.2233644445902792,AY.4,node_3309621,3.3986029312,B.1.617.2,node_2577155,2.1171120123,1.0,20
2021-09,node_2844834,AY.20,3.2893696742,41,34,128.393,16061455,117,9,1.190695958032823,AY.98,node_2753299,3.2875069656,AY.20,node_2844833,3.3959006292000002,0.9686295429012313,16
2021-08,node_3124425,B.1.617.2,2.9090262869000005,33,24,124.956,19894993,118,6,1.0678184158764994,B.1.617.2,node_3124402,2.908798958,AY.3,node_3249025,3.3941379041000004,0.8570736867780175,8
2021-05,node_3108561,AY.42,3.4097552212,42,33,140.826,19347136,83,25,1.2266405060796324,AY.122,node_2582232,3.3053944877999997,AY.42,node_3108521,3.4097552212,1.0,22
2021-07,node_3124303,B.1.617.2,2.7272587339000003,27,22,123.092,15676958,111,12,1.0032969779472884,AY.122,node_2640015,2.8180321402000006,B.1.617.2,node_3124302,2.9592868186,0.9215932422495738,14
2021-08,node_2715358,AY.44,3.2660697991,38,30,124.956,19894993,118,14,1.183587365752853,AY.44,node_2668637,3.2660697991,AY.44,node_2715357,3.1277555894,1.0,6
2021-03,node_3519455,B.1.617.2,2.505750568,19,15,142.272,14772312,116,40,0.918588317601452,B.1.617.2,node_3124954,2.0784852401,B.1.617.2,node_3519447,2.6439910747000006,0.947715214312633,14
2021-07,node_3196597,B.1.617.2,2.4208678178000005,23,18,123.092,15676958,111,5,0.8841260782828174,AY.100,node_3017863,2.6509123679,B.1.617.2,node_3196548,2.6500943517,0.9132206130667999,20
2021-08,node_2940798,AY.43,3.4610778944,41,33,124.956,19894993,118,20,1.2415800707275946,B.1.617.2,node_2563278,3.1474592861,AY.43,node_2940786,3.459569504,1.0004360052307826,32
2021-07,node_2484873,AY.28,2.7899199229000002,28,23,123.092,15676958,111,5,1.0260128939518451,B.1,node_14682,2.2019461953,AY.28,node_2484573,3.2753674257,0.8517883828876843,27
2021-06,node_3518843,B.1.617.2,3.3952405154000003,38,31,131.78,11472596,94,12,1.2223746025072324,AY.122,node_2582232,3.3053944877999997,B.1.617.2,node_3123835,3.2569263057,1.027181635333276,20
2021-08,node_3276458,AY.46.4,3.3934657611000003,38,31,124.956,19894993,118,11,1.221851747557218,AY.44,node_2684642,3.0553553246,AY.46.4,node_3276457,3.3934508634,1.0000043901328175,23
2021-09,node_3018872,AY.100,3.3968470013000003,40,30,128.393,16061455,117,7,1.2228476488058873,AY.100,node_3018871,3.3968470013000003,AY.100,node_3019094,3.2589423802,1.0,6
2021-09,node_3118576,AY.33,3.4017074261,46,37,128.393,16061455,117,6,1.224277489716915,AY.122,node_2589268,3.3464477773,AY.33,node_3118573,3.4016940354000003,1.0000039364798423,20
2021-08,node_3227002,AY.3,2.9597082769,37,26,124.956,19894993,118,6,1.0850907083777446,B.1.617.2,node_3124572,2.6129845724000003,AY.3,node_3227001,3.3942495330000004,0.871977221510897,10
2021-09,node_3018222,AY.100,3.3956017995,45,33,128.393,16061455,117,6,1.2224810058320594,AY.122,node_2582232,3.3053944877999997,AY.100,node_3018221,3.3955266269,1.000022138716099,26
2021-09,node_3128076,B.1.617.2,3.3949405570000004,41,30,128.393,16061455,117,8,1.2222862518735758,AY.43,node_2987201,3.4596071163,B.1.617.2,node_3128075,3.3943723850000005,0.9813081205101811,19
2021-06,node_2754589,AY.98,3.3943440273000003,36,30,131.78,11472596,94,57,1.2221105250516615,AY.98,node_2738237,3.3943397068000003,AY.98,node_2754653,3.3943440273000003,1.0,9
2021-08,node_2778311,AY.103,3.0699217367,32,25,124.956,19894993,118,12,1.1216520683425595,B.1.617.2,node_3502082,2.2092550298000004,AY.103,node_2778307,3.0654132736,1.001470752129518,22
2021-08,node_2559957,AY.14,3.1490537964,37,28,124.956,19894993,118,10,1.1471020256185656,BA.2.9,node_2367617,6.831141490100001,AY.14,node_2559915,3.1490537964,0.46098500535580345,99
2021-07,node_3518953,B.1.617.2,3.4011916285000003,41,34,123.092,15676958,111,20,1.2241258491892963,AY.60,node_2547441,3.2784593171,AY.126,node_3062309,3.4011916285000003,1.0,39
2021-06,node_2642896,AY.122,3.3481324505,28,27,131.78,11472596,94,44,1.2084027129259525,AY.122,node_2584431,3.3473974291,AY.36,node_2829695,3.4094139823000007,0.9820257873880543,16
2021-09,node_2923732,AY.25.1,3.2559913839,34,27,128.393,16061455,117,5,1.180496801914434,AY.25,node_2868530,2.9585879277,AY.25,node_2892624,3.4039485684,0.9565336603867824,17
2021-07,node_2483290,AY.47,3.2759185274,37,31,123.092,15676958,111,21,1.1865982961455515,AY.26,node_2527648,3.2958984621,AY.47,node_2483172,3.2759185274,0.9939379398577499,17
2021-04,node_3501931,B.1.617.2,3.3943397068000003,35,29,138.146,22542204,108,106,1.2221092521981396,B.1.617.2,node_2565429,3.1452435725,B.1.617.2,node_2577220,3.3943397068000003,1.0,45
2021-05,node_2932446,B.1.617.2,3.3938771752,53,36,140.826,19347136,83,14,1.2219729773534327,BA.2.10,node_1027501,6.966163905800001,B.1.617.2,node_2932445,3.3938771752,0.4871945623292428,101
2021-07,node_2471312,B.1,2.3028182926,31,24,123.092,15676958,111,8,0.8341337174218041,B.1,node_2471310,2.3028182926,B.1,node_2471308,2.3028182926,1.0,8
2021-08,node_3518824,B.1.617.2,3.346528125,40,31,124.956,19894993,118,9,1.207923427826247,AY.122,node_2589268,3.3464477773,AY.122,node_2639212,3.346528125,1.0,16
2021-04,node_2575507,B.1.617.2,2.5164098346,31,23,138.146,22542204,108,54,0.9228332169082942,B.1.617.2,node_2575450,3.3470200762,B.1.1,node_247905,1.9813824226999999,0.7518358950081281,25
2021-06,node_3228051,AY.3,3.0478887022000003,36,27,131.78,11472596,94,16,1.1144491221314634,B.1.617.2,node_2577082,3.0568375592000003,AY.3,node_3228050,3.0474521255000004,0.9970725114348759,13
2021-08,node_3156233,AY.29,3.3967695324000005,38,28,124.956,19894993,118,25,1.222824842425922,AY.44,node_2724302,3.2660697991,AY.29,node_3156227,3.3967695324000005,1.0,11
2021-05,node_3502157,B.1.617.2,3.4028607928000003,34,28,140.826,19347136,83,6,1.2246164874825167,B.1.617.2,node_3192146,3.3943397068000003,B.1.1.523,node_197278,2.0019214811,1.0025103810272524,49
2021-09,node_3054259,AY.116.1,3.4221158473,45,39,128.393,16061455,117,6,1.230259028579036,XBB.2,node_1312160,9.310459680300001,AY.116.1,node_3054258,3.4221158473,0.36755605682293585,118
2021-09,node_2726221,AY.85,3.2938645843,43,32,128.393,16061455,117,5,1.19206152110471,AY.85,node_2726220,3.2942614686000002,AY.85,node_2726185,3.2584550509,0.9998795225261312,13
2021-09,node_2582232,AY.122,3.3053944877999997,45,35,128.393,16061455,117,5,1.1955558270884188,AY.60,node_2547441,3.2784593171,AY.122,node_2582134,3.3053944877999997,1.0,43
2021-06,node_2668759,AY.44,3.2660697991,36,30,131.78,11472596,94,37,1.183587365752853,B.1.617.2,node_3271896,3.048052579,AY.44,node_2677183,3.2660697991,1.0,18
2021-08,node_2680494,AY.44,2.6586598659,37,29,124.956,19894993,118,7,0.9778221860267717,B.1.617.2,node_3125684,3.0710997281,AY.44,node_2680486,3.0930686214,0.8595541164219707,19
2021-08,node_3028437,AY.100,3.3975806148,43,29,124.956,19894993,118,17,1.223063594443784,AY.100,node_3020370,3.3968470013000003,AY.100,node_3028436,3.3975806148,1.0,13
2021-07,node_3094854,AY.124,3.3946265006000003,40,30,123.092,15676958,111,49,1.222193740407805,AY.9.2.2,node_2508243,3.2818677445,AY.124,node_3094853,3.3946265006000003,1.0,41
2021-09,node_3272365,B.1.617.2,3.1006841445,36,27,128.393,16061455,117,7,1.1316227789164468,AY.46.6,node_3280369,3.0980820764,B.1.617.2,node_3272360,3.3969111909000005,0.9127951748654589,16
2021-08,node_2771252,AY.103,3.0988259063999997,40,31,124.956,19894993,118,9,1.1310232998800733,AY.25,node_2892647,3.1084665744,AY.103,node_2769278,3.3943079004000003,0.9129477929903826,21
2021-07,node_3123956,B.1.617.2,3.0309255758,18,18,123.092,15676958,111,13,1.1088680434357012,B.1.617.2,node_2736992,3.1691660825,B,node_3632578,2.3163574747,0.9563795323118728,19
2021-07,node_2543784,AY.75,3.2749676926,39,30,123.092,15676958,111,10,1.1863080041835954,P.1,node_2460948,2.3150095377,AY.75,node_2543782,3.2749676926,1.0,63
2021-07,node_3120682,AY.112,3.3932155149,35,30,123.092,15676958,111,9,1.221778001291573,AY.112,node_3120627,3.3932155149,B.1.617.2,node_2577146,2.5439212640000006,1.0,24
2021-06,node_2725439,B.1.617.2,4.0287766563,27,25,131.78,11472596,94,7,1.3934627706443927,B.1,node_164224,3.1766174153999995,B.1.617.2,node_2725438,4.107088828,0.9809324377972766,30
2021-07,node_2756784,AY.103,3.3976526173000003,39,33,123.092,15676958,111,13,1.2230847865052021,AY.3.1,node_3216292,3.3967975242,AY.103,node_2756706,3.3943079004000003,1.000251735081031,27
2021-06,node_3272732,B.1.617.2,3.3965589892000003,33,28,131.78,11472596,94,13,1.222762857141566,B.1.617.2,node_2571995,3.1615679575,AY.119,node_3173254,3.3943859731000003,1.0006401794366406,29
2021-09,node_2589651,AY.122,3.3366624537,40,32,128.393,16061455,117,5,1.2049710420308497,B.1,node_2471242,3.2137649385,AY.122,node_2589650,3.3366624537,1.0,25
2021-01,node_2575494,B.1.617.2,2.9089879052,27,21,139.046,19546070,91,100,1.0678052217869927,AY.44,node_2716826,3.4756757462000003,B.1.617.2,node_2575493,2.8723046198000004,0.8369560677173159,15
2021-07,node_2589268,AY.122,3.3464477773,43,33,123.092,15676958,111,11,1.2078994182672178,AY.60,node_2547441,3.2784593171,AY.122,node_2588584,3.3464477773,1.0,41
2021-08,node_2589665,AY.122,3.3465132842,42,33,124.956,19894993,118,17,1.2079189931308394,B.1.617.2,node_2562658,3.1471707839,AY.122,node_2589661,3.3465132842,1.0,40
2021-05,node_2587512,AY.122,3.3130875047,34,27,140.826,19347136,83,6,1.1978805354953652,AY.60,node_2547441,3.2784593171,AY.122,node_2587505,3.3130875047,1.0,40
2021-08,node_3086303,AY.34.1,3.4492472710000004,41,34,124.956,19894993,118,5,1.2381560249192032,AY.34.1,node_3086300,3.4467005828,B.1.617.2,node_2577146,2.5439212640000006,1.0007388771199648,29
2021-08,node_2754536,AY.98,3.3633317967000003,42,32,124.956,19894993,118,8,1.2129320888192066,AY.98,node_2754612,3.3943488823,AY.98,node_2754512,3.3633226212000005,0.9908621397871799,9
2021-07,node_3206612,AY.3,3.3947231762000003,43,27,123.092,15676958,111,9,1.2222222190116798,AY.3,node_3206586,3.3964088127000003,AY.64,node_2545602,3.2731375672,0.9995037003514722,41
2021-05,node_3518995,B.1.617.2,2.4262622101,20,17,140.826,19347136,83,10,0.8863518879871319,B,node_3632205,1.5474214585000001,B.1.617.2,node_3518994,2.7229942085000003,0.8910273119664623,16
2021-07,node_2471310,B.1,2.3028182926,32,24,123.092,15676958,111,10,0.8341337174218041,BA.5.2.1,node_1811441,8.300638302500001,B.1,node_2471309,2.3028182926,0.27742665186440335,96
2021-04,node_2576046,B.1.617.2,2.5927468344,14,13,138.146,22542204,108,13,0.9527178675439472,B.1.617.2,node_3521711,3.0268700621,B.1.617.2,node_2576044,2.368989861,0.8565768537157452,10
2021-06,node_3509808,AY.120.1,3.3931661197000005,39,31,131.78,11472596,94,29,1.2217634441379497,AY.54,node_2556511,3.1482148365000002,AY.120.1,node_3509743,3.3931661197000005,1.0,33
2021-08,node_2520715,AY.26,2.7269349723,34,24,124.956,19894993,118,9,1.0031782577045467,AY.26,node_2525612,2.7374791201,AY.26,node_2520714,3.1536596564,0.8646890499949765,14
2021-02,node_2474530,B.1.617.2,3.150600603,27,22,142.19,11253786,96,21,1.147593102281829,B.1.617.2,node_2474356,3.1445230991,B.1.617.2,node_3520815,3.3721828106000005,0.9342911639002824,10
2021-05,node_2716826,AY.44,3.4756757462000003,35,25,140.826,19347136,83,51,1.2457889194501186,AY.7,node_2655460,3.441238536,AY.44,node_2716825,3.4389924608,1.0100072139259573,22
2021-06,node_3522552,B.1,1.4436799144,19,13,131.78,11472596,94,8,0.36719534997113373,B,node_3633276,1.2213010256,B.1,node_3522551,1.2152468649000001,1.1820836011258975,13
2021-06,node_303264,B.1.1.7,2.0329601826,52,32,131.78,11472596,94,7,0.7094929489157976,B.1.1.7,node_423746,2.2920998219,B.1.1.7,node_303262,2.0316266002,0.8869422540746109,57
2021-08,node_2534123,AY.37,3.2749303676,38,29,124.956,19894993,118,7,1.1862966070596532,AY.9,node_2500548,3.2760890563,AY.37,node_2533909,3.2749303676,0.9996463195352484,15
2021-09,node_3196534,B.1.617.2,3.4151005146,35,25,128.393,16061455,117,6,1.2282069258546107,AY.122,node_2577876,3.3365705935,B.1.1.318,node_241364,2.0072405331,1.0235361185682643,56
2021-08,node_2915315,AY.25.1,3.4225661434,41,33,124.956,19894993,118,7,1.2303906040419317,AY.100,node_3029940,3.3965466438000003,AY.25.1,node_2915314,3.4225661434,1.0,22
2021-08,node_3020370,AY.100,3.3968470013000003,41,27,124.956,19894993,118,5,1.2228476488058873,AY.9.2.2,node_2508243,3.2818677445,AY.100,node_3020369,3.3968470013000003,1.0,42
2021-07,node_3341496,AY.4,3.3989959728,37,31,123.092,15676958,111,8,1.2234800858942125,AY.122,node_2636251,3.3463247358999997,AY.4,node_3341203,3.3989867973,1.000002699480918,13
2021-04,node_2575875,B.1.617.2,1.8557244760999998,18,13,138.146,22542204,108,13,0.6182751729670057,B.1.617.2,node_2575829,2.2777493854,AY.44,node_2714764,2.0846107325,0.8147184620024,11
2021-06,node_3521529,B.1.617.2,1.9652101856000002,24,15,131.78,11472596,94,15,0.6755992042828448,B.1,node_73211,1.3790185533,B.1.617.2,node_3521528,1.9106630342000002,1.0285488076252227,19
2021-05,node_3271738,B.1.617.2,2.9131034280000003,35,28,140.826,19347136,83,8,1.0692189830112502,B.1.1,node_248383,1.7840621994,B.1.617.2,node_3271737,3.0073484529000005,0.9686617542409762,30
2020-08,node_213067,B.1.1.1,1.468249427,19,14,81.8903,7941296,18,10863,0.3840708251599014,B.1.1.1,node_213061,1.527136383,B.1.1.1,node_213051,1.4068504048,0.961439622121818,9
2021-08,node_3269588,AY.39,3.3935563709000003,39,31,124.956,19894993,118,6,1.2218784484573308,AY.39,node_3269587,3.3935563709000003,AY.103,node_2767569,3.3946324194,0.9996830147223451,20
2021-08,node_2897040,AY.25.3,3.2879243179,39,30,124.956,19894993,118,5,1.1902564592587066,AY.25,node_2870349,3.2875347582,AY.25.3,node_2896302,3.3944552729,0.9686161853860613,13
2021-03,node_2576043,B.1.617.2,2.3712699747,13,11,142.272,14772312,116,17,0.8634256659321876,B.1.617.2,node_2576861,3.4058751534000002,B.1.617.2,node_2576042,2.0739418568000003,0.6962292708623863,17
2021-06,node_3271740,B.1.617.2,2.7453077497000002,32,27,131.78,11472596,94,6,1.0098931815006362,B.1.617.2,node_3124020,3.3051053255000005,B.1.617.2,node_3271739,2.7347918083000002,0.830626403497349,22
2021-07,node_2475136,AY.47,3.2759171332,38,29,123.092,15676958,111,9,1.186597870554901,AY.4,node_3330505,3.3977164576000005,AY.47,node_2475135,3.2759171332,0.9641525930960012,37
2021-07,node_3054427,AY.116.1,3.3944189173000003,38,35,123.092,15676958,111,6,1.222132587981422,AY.44,node_2662800,3.2659731371,AY.116.1,node_3054385,3.3942844151000005,1.0000396260841906,19
2021-07,node_2541789,AY.75,3.275053415,40,29,123.092,15676958,111,10,1.186334178877874,AY.26,node_2527648,3.2958984621,AY.75,node_2541788,3.275053415,0.993675458349309,20
2021-07,node_2718634,AY.44,3.3941935222,36,29,123.092,15676958,111,7,1.2220661841022518,AY.44,node_2718571,3.3941935222,AY.116.1,node_3054218,3.3940488337000003,1.0,14
2021-07,node_3050252,AY.99.2,2.9069469330000004,38,28,123.092,15676958,111,6,1.0671033665081555,AY.102,node_3193523,3.0452897224,AY.99.2,node_3050250,3.2564065060000003,0.892685519342836,23
2021-05,node_2725560,B.1.617.2,3.3943483914000003,53,40,140.826,19347136,83,13,1.222111810748444,B.1.617.2,node_2725590,3.3943397068000003,B.1.617.2,node_2725559,3.3943483914000003,1.0,25
2021-07,node_3417249,AY.4,3.4601468705000005,36,30,123.092,15676958,111,8,1.2413110362901243,AY.4,node_3309809,3.3986029312,AY.4,node_3460190,3.4601310025000003,1.0000045859535343,9
2021-03,node_3633381,B,2.2452915059,8,10,142.272,14772312,116,6,0.8088353594909191,B.1,node_2470843,1.8240945297,B,node_3632586,1.7596413278,1.2309074279551029,14
2021-08,node_2555827,AY.54,3.380131848100001,40,31,124.956,19894993,118,6,1.2179147170477327,AY.54,node_2556560,3.3789054461000005,AY.54,node_2555826,3.3799973459000006,1.0000397935815433,9
2021-06,node_2668762,AY.44,3.2660697991,40,32,131.78,11472596,94,10,1.183587365752853,AY.44,node_2668761,3.2660697991,B.1.617.2,node_3271894,3.048052579,1.0,15
2021-06,node_3123476,B.1.617.2,2.7263136186,29,23,131.78,11472596,94,8,1.0029503738322705,B.1.617.2,node_3123474,2.7275051112,AY.39,node_3259477,3.3929748003,0.8035172021787326,11
2021-08,node_3496120,AY.5.4,3.3930057084,41,34,124.956,19894993,118,8,1.2217161682056292,AY.5,node_3498895,3.3934404036000005,AY.5.4,node_3496114,3.3930057084,0.9998719013307146,14
2021-07,node_2801931,AY.103,1.8660486906,21,14,123.092,15676958,111,5,0.6238231956538527,AY.103,node_2801929,2.0843246323,B.1.617.2,node_2575425,2.8756827328,0.6489063168602964,11
2021-07,node_2547066,AY.67,2.1768477151,29,23,123.092,15676958,111,5,0.7778778280831206,AY.67,node_2547050,2.1772575882,AY.67,node_2546923,3.2707987809,0.6655400900268815,10
2021-08,node_2617765,AY.122,3.3374868172,38,32,124.956,19894993,118,6,1.2052180738159453,AY.98.1,node_2750486,3.3954640196000003,AY.122,node_2617764,3.3366634513999998,0.9829251018225101,13
2021-05,node_2500547,AY.9,3.2914954897,36,29,140.826,19347136,83,20,1.1913420176377523,P.1,node_2460948,2.3150095377,AY.9,node_2500453,3.2914954897,1.0,60
2021-05,node_2454543,P.1.1,2.9287057264,36,25,140.826,19347136,83,48,1.0745605938327347,P.1,node_2444396,2.6849639708999997,P.1.1,node_2454494,2.5792461533999997,1.09078027047726,19
2021-06,node_3050624,B.1.617.2,3.4467323116000004,36,29,131.78,11472596,94,6,1.2374266261495643,AY.7,node_2655460,3.441238536,AY.100,node_3039976,3.3952053084,1.0015964530045005,15
2021-07,node_3498895,AY.5,3.3934404036000005,42,34,123.092,15676958,111,7,1.2218442750802498,AY.122,node_2582232,3.3053944877999997,AY.5,node_3497966,3.3934404036000005,1.0,22
2021-07,node_2726126,AY.85,3.2584550509,45,33,123.092,15676958,111,5,1.1812531722805462,AY.85,node_2726178,3.2524615255,AY.85,node_2726125,3.2584550509,1.0,23
2021-05,node_3519492,B.1.617.2,3.1362247101999996,29,24,140.826,19347136,83,11,1.143019754959327,B.1.427,node_3525413,1.7206331305,B.1.617.2,node_3519491,2.6441369367,1.186105252973073,33
2021-08,node_2486102,AY.68,3.2725633791,39,28,124.956,19894993,118,5,1.1855735857954308,AY.68,node_2486784,3.1420657414,AY.68,node_2486101,3.2744085583,0.9994364847369694,9
2021-08,node_2881154,AY.25,3.3940806109,39,29,124.956,19894993,118,5,1.222032917531752,AY.44,node_2684642,3.0553553246,AY.25,node_2881135,3.3940657132000003,1.0000043893375257,24
2021-08,node_3336614,AY.4,3.2920719762,41,34,124.956,19894993,118,5,1.1915171465490788,AY.47,node_2484150,3.1693875724000002,AY.4,node_3336613,3.3986029312,0.9686544862237303,36
2021-06,node_2560769,AY.14,3.1481611731,36,29,131.78,11472596,94,14,1.1468185278150758,AY.54,node_2556511,3.1482148365000002,AY.14,node_2559584,3.1481611731,0.9999829543399078,10
2021-06,node_3125856,B.1.617.2,3.2553743763,32,25,131.78,11472596,94,6,1.1803072848070957,B.1.617.2,node_3125855,3.2560992001,AY.39,node_3269470,3.3928315471,0.9594860019155708,9
2021-03,node_240960,AZ.2,2.0248138802,33,23,142.272,14772312,116,194,0.7054777853220808,B.1.526,node_3563362,2.0270596778999996,AZ.2,node_240759,2.0198231128,0.9988920909806038,42
2021-03,node_2575965,B.1.617.2,2.8946526210000005,24,19,142.272,14772312,116,26,1.0628651110791392,B.1.617.2,node_2575964,2.3347479106,B.1.617.2,node_2725441,4.3221192638999995,0.669729927440284,22
2021-07,node_2442951,P.1,2.314998523,45,32,123.092,15676958,111,17,0.8394090495250348,P.1,node_2422448,2.3150042752,P.1,node_2442950,2.3150421766999996,0.9999811434536964,13
2021-07,node_2751518,AY.98,3.0224261875000002,33,26,123.092,15676958,111,11,1.1060598821995147,AY.98,node_2751517,3.0243971911,AY.98.1,node_2743237,3.3962959289000003,0.8899183848443118,9
2021-07,node_2527648,AY.26,3.2958984621,36,30,123.092,15676958,111,5,1.1926788051709993,AY.75,node_2541790,3.2750207368,AY.26,node_2527490,3.2958984621,1.0,18
2021-06,node_2643664,AY.122,3.3461582666,39,33,131.78,11472596,94,13,1.2078129016851027,B.1.617.2,node_2652080,3.3988124691,AY.122,node_2643663,3.3461582666,0.9845080589239031,16
2020-10,node_2575889,B.1.617.2,1.7455796332,13,8,102.606,12122070,42,13,0.557086668521729,B,node_3632186,1.7404529823,AY.103,node_2801931,1.8660486906,0.9354416323610157,16
2021-06,node_2554832,B.1.617.2,3.0148554841000004,29,23,131.78,11472596,94,7,1.1035518967252183,B.1,node_2471186,3.0352585260000002,B.1.617.2,node_2554769,3.1484710091,0.9575617737581792,18
2021-07,node_2777359,AY.103,3.3854560903,46,34,123.092,15676958,111,13,1.2194886359288664,B.1.2,node_125511,1.3318086714,AY.103,node_2777358,3.3872077218,0.9994828685915167,95
2021-04,node_3518804,B.1.617.2,3.4565842944000003,31,25,138.146,22542204,108,8,1.2402809033183178,B.1.617.2,node_3125417,3.321000147,B.1.617.2,node_3518797,3.4027436108000004,1.015822727116176,20
2021-06,node_2421555,B.1.1,1.680681189,26,17,131.78,11472596,94,6,0.5191991808774228,P.1,node_2422077,2.1537765134,B.1.1,node_2421550,1.680681189,0.7803414971532209,16
2020-11,node_2460260,P.1,2.3395313568000002,24,19,113.534,17266494,43,805,0.8499506344401251,P.1.15,node_2453754,2.331689774,P.1,node_2460258,2.3250341484000003,1.0033630472147022,13
2021-06,node_460779,B.1.1.7,2.0503180906000003,41,25,131.78,11472596,94,9,0.7179949472596371,B.1.1.7,node_460777,2.0503180906000003,B.1.617.2,node_3521642,2.9229334425999998,0.7014590413581936,41
2021-06,node_2930944,B.1.617.2,3.4130105583000003,31,26,131.78,11472596,94,6,1.227594763473843,B.1.617.2,node_2930942,3.4051119289000007,B.1.617.2,node_3519118,2.4934961888,1.0023196386976188,15
2021-06,node_2716717,AY.44,3.3943397068000003,46,37,131.78,11472596,94,13,1.2221092521981396,AY.44,node_2716695,3.3943397068000003,AY.3,node_3233738,3.3942495330000004,1.0,22
2021-03,node_3272796,B.1.617.2,3.3903008495000004,31,25,142.272,14772312,116,24,1.2209186636198428,B.1.617.2,node_2574073,3.3979698377000003,B.1.617.2,node_3272795,3.3880944388000005,0.9977430676061589,25
2021-04,node_3271894,B.1.617.2,3.048052579,34,27,138.146,22542204,108,14,1.1145028880036987,B.1.617.2,node_3271893,3.048052579,AY.44,node_2668762,3.2660697991,0.9332478380712879,16
2021-05,node_2500022,B.1.617.2,2.709981843,24,18,140.826,19347136,83,7,0.9969419348691644,B.1.617.2,node_2569616,2.7227161352,AY.75,node_2544418,3.2750207368,0.8274701324938493,16
2021-06,node_3195463,AY.109,2.8889826724,35,29,131.78,11472596,94,10,1.060904423681411,B.1.617.2,node_3521528,1.9106630342000002,AY.109,node_3195462,3.3945906060000004,0.8510548127051524,20
2021-07,node_3210374,AY.3,3.3945539852000004,42,31,123.092,15676958,111,5,1.2221723783597185,AY.54,node_2556511,3.1482148365000002,AY.3,node_3230753,3.3945539852000004,1.0,36
2021-07,node_3233737,AY.3,3.3940317404000004,49,36,123.092,15676958,111,5,1.2220185186834502,AY.44,node_2716725,2.8754932084,AY.3,node_3233680,3.3940317404000004,1.0,34
2021-05,node_218213,C.1.2,2.890356055,42,31,140.826,19347136,83,16,1.061379696957691,C.1.2,node_218205,2.9683716769,C.1.2,node_218144,2.7312660426000006,0.9737177043875196,13
2021-03,node_3272798,B.1.617.2,3.1376452419000005,33,27,142.272,14772312,116,21,1.1434725956254936,B.1.617.2,node_2563470,3.1454687275000004,AY.47,node_2479123,3.2672034718000003,0.9603458336714419,15
2021-04,node_164229,B.1,3.1669663644999995,35,29,138.146,22542204,108,10,1.1527741468812212,B.1.621.1,node_159983,2.7248711118999998,B.1,node_164228,3.1760777515999994,0.9971312455762741,29
2021-07,node_2714502,AY.44,3.0000093934,33,27,123.092,15676958,111,6,1.098615419796541,B.1.617.2,node_3072005,3.1276693791000003,AY.44,node_2668795,3.2660697991,0.9185380527466634,8
2021-06,node_3125516,B.1.617.2,2.2530329361000003,27,20,131.78,11472596,94,5,0.812277280118221,AY.44,node_2663055,2.8314024498000006,B.1.617.2,node_3125513,2.2530329361000003,0.7957303760400243,11
2021-04,node_2575409,B.1.617.2,3.0727573781,18,14,138.146,22542204,108,5,1.1225753272491152,B.1.617.2,node_3502077,3.0296800133999997,B.1.617.2,node_2575425,2.8756827328,1.0142184536021868,14
2021-05,node_2576586,B.1.617.2,3.2648748721,31,30,140.826,19347136,83,9,1.1832214379817596,AY.122,node_2611855,3.5910463936000006,B.1.617.2,node_2576594,2.7522369493000003,0.9091708973514497,33
2021-06,node_3277620,AY.46,3.2244588579999998,29,25,131.78,11472596,94,7,1.1707651401994248,AY.46,node_3277612,3.3857600269000003,B.1.617.2,node_3123448,2.8777758006000003,0.952358948177527,11
2021-06,node_2603186,AY.122,3.3462434783,38,31,131.78,11472596,94,9,1.2078383668927375,AY.122,node_2603185,3.3462434783,AY.113,node_3100216,3.3962094369000004,0.9852877275302525,18
2021-03,node_2470845,B.1,1.9107860039000002,18,15,142.272,14772312,116,8,0.6475146777737477,B.1.617.2,node_3519092,3.3941704230000007,B.1,node_2470842,1.6821540413,0.5629611262156708,14
2021-03,node_3521875,B.1,2.1346542665,14,12,142.272,14772312,116,15,0.7583046975019538,B.1.617.2,node_2544578,3.2752351435000002,B.1,node_3521846,2.0029712258,0.6517560336809448,16
2021-04,node_3511891,B.1.617.2,2.9772195296,37,31,138.146,22542204,108,64,1.0909898212026465,B.1.617.2,node_3128340,2.9772195296,B.1.617.2,node_3511887,3.1629067622,0.9412922205551065,11
2021-03,node_2577082,B.1.617.2,3.0568375592000003,26,23,142.272,14772312,116,5,1.1173809041726859,AY.36,node_2833235,2.5286615897000004,B.1.617.2,node_2577079,3.4036079786000006,0.8981168155732681,18
2021-04,node_3085735,B.1.617.2,3.3944325528,35,29,138.146,22542204,108,10,1.2221366050084728,B.1.617.2,node_2488381,3.2751210842000003,B.1.617.2,node_3085733,3.3943322054,1.0000295632230223,28
2021-04,node_3271733,B.1.617.2,3.1413876578,37,30,138.146,22542204,108,6,1.1446646315338664,B.1.1.7,node_307197,2.4622646469000005,B.1.617.2,node_3271333,3.3944134098000003,0.9254581804121177,54
2021-06,node_2556510,AY.54,3.1482148365000002,36,27,131.78,11472596,94,7,1.1468355736204467,AY.14,node_2560769,3.1481611731,AY.54,node_2556501,3.1482148365000002,1.0,11
2021-06,node_2565787,B.1.617.2,3.1500267351000004,32,25,131.78,11472596,94,7,1.147410940134858,B.1.617.2,node_2565785,3.1455190780000004,B.1,node_3521970,2.2861869764,1.0014330407758538,50
2021-06,node_2522018,AY.26,2.3752834995,33,26,131.78,11472596,94,5,0.8651167985733129,B.1.617.2,node_2734458,3.3047985748,AY.26,node_2522017,2.8142790866,0.7187377523133154,38
2021-01,node_314915,B.1.1.7,2.1941030129000003,36,27,139.046,19546070,91,39,0.7857733128474507,P.1.1,node_2454889,2.3942481278,B.1.1.7,node_314912,2.2533926102,0.9164058592858098,18
2021-04,node_92118,B.1.160,1.9997783567000003,47,38,138.146,22542204,108,7,0.6930363527687726,B.1.1.7,node_250642,2.0488929394,B.1.160,node_92117,1.9968062453,0.976028721776755,57
2021-06,node_3381114,AY.4,3.0518325118,36,28,131.78,11472596,94,7,1.1157422337381044,B.1.617.2,node_2576003,2.3899660652000003,AY.4,node_3381110,3.3986029312,0.8979667744600102,21
2021-07,node_3297897,AY.4,3.4174887034,38,33,123.092,15676958,111,5,1.2289059840947765,AY.98,node_2754298,3.3942134561,AY.4,node_3297896,3.4174795279000003,1.0000026848734351,19
2021-03,node_413056,B.1.1.7,2.3076688866,40,25,142.272,14772312,116,511,0.8362378750091158,B.1.1.7,node_272645,1.9580384439,B.1.1.7,node_413052,2.4141998416,0.9558731828391651,16
2021-04,node_3518391,B.1.617.2,3.2261446133,30,25,138.146,22542204,108,26,1.1712878061316516,AY.122,node_2578450,3.0405553035999997,B.1.617.2,node_3518390,3.2261446133,1.0,14
2021-02,node_383490,B.1.1.7,2.0232661712000004,37,21,142.19,11253786,96,588,0.7047131220467695,B.1.1.7,node_293595,2.0479717784,B.1.1.7,node_383346,2.0232882583,0.9879365489990779,27
2021-06,node_3519250,B.1.617.2,2.765002456,19,16,131.78,11472596,94,6,1.0170415232198349,B.1,node_14696,1.8746966648,B.1.617.2,node_3519103,2.6390008149,1.0477459652109937,15
2020-11,node_2459095,P.1,2.3150095377,36,25,113.534,17266494,43,122,0.8394138074865138,P.1.14,node_2448748,2.1049922468,P.1,node_2422449,2.314965884,1.0000188571677457,13
2021-05,node_2522016,AY.26,2.8256664654000003,32,25,140.826,19347136,83,7,1.0387442537301277,B.1.617.2,node_3271867,2.8165707167000003,AY.26,node_2522015,3.1685652429,0.8917810582349994,27
2021-06,node_2576728,B.1.617.2,3.1670416283000002,34,26,131.78,11472596,94,11,1.1527979118654428,AY.103,node_2800233,3.3942147542,B.1.617.2,node_2576727,3.1624360898000003,0.9330704913061568,21
2021-04,node_247870,B.1.1,2.0110688632,29,19,138.146,22542204,108,34,0.6986663534662865,C.37,node_213721,2.5214610047,B.1.1,node_247867,2.0375474683999997,0.7975807912362595,41
2020-10,node_3521027,B.1.617.2,3.0580960994,22,19,102.606,12122070,42,123,1.117792532585367,AY.26,node_2522016,2.8256664654000003,B.1.617.2,node_2575343,3.4048665188000005,0.8981544746364345,20
2021-03,node_2575993,B.1.617.2,2.2798699038,23,18,142.272,14772312,116,5,0.8241183816015385,B.1.617.2,node_2575991,2.3937927129,B.1,node_15133,1.2191306589,0.9524090751525489,18
2021-01,node_476215,B.1.1.7,2.0503240455,47,21,139.046,19546070,91,1368,0.7179978516340263,B.1.1.7,node_476202,2.0267077165000003,B.1.1,node_248179,2.0430403008000004,1.0035651497903137,22
2021-01,node_2446052,P.1.10,2.3146355184000003,43,29,139.046,19546070,91,264,0.8392522316869521,P.1,node_2427691,2.3141958692999998,P.1.10,node_2446051,2.3146355184000003,1.0,19
2021-05,node_2456970,P.1,2.3150095377,37,25,140.826,19347136,83,29,0.8394138074865138,B.1,node_164241,2.5416556642,P.1,node_2459704,2.3173968174999997,0.9108273674941967,31
2021-06,node_2716834,AY.44,3.4389022870000003,33,25,131.78,11472596,94,6,1.2351523178449546,AY.44,node_2716817,3.4276965931000003,AY.44,node_2716833,3.4755855724000004,0.9894454374274925,14
2021-06,node_2954761,AY.43,3.1711000692999995,26,24,131.78,11472596,94,5,1.1540785527057078,AY.43,node_2954760,3.1633424575999998,B.1.617.2,node_3502059,2.7359228272000005,1.0024523464670612,13
2021-03,node_163058,B.1.621,2.8031209724999995,21,16,142.272,14772312,116,9,1.030733429474694,B.1,node_158176,2.0747393333,B.1.621,node_163057,2.7787519217999996,1.008769782760677,12
2021-05,node_3521288,B.1.617.2,3.0204471222000002,19,17,140.826,19347136,83,8,1.105404874136519,B.1,node_171400,2.7732088711,B.1.617.2,node_3521285,3.1987587419,0.9442559961261454,24
2021-06,node_173543,B.1,1.7129403605,14,10,131.78,11472596,94,7,0.5382114029156996,B.1.617.2,node_3111688,2.9919051340999996,B.1,node_173536,1.2211805793,0.5725249577524699,20
2020-07,node_12365,B.1,2.096600543,22,17,75.5938,7118656,11,3599,0.7403172440270487,B.1,node_12244,2.023910697,B.1,node_12241,1.9176430376,1.0359155402003393,9
2021-01,node_2459897,P.1,1.1950954496000001,16,10,139.046,19546070,91,44,0.17822605633596408,B.1.1.354,node_236304,1.2258151034,P.1,node_2459894,2.3265002285999996,0.5136880860395031,32
2021-04,node_431339,B.1.1.7,2.0511436178,41,25,138.146,22542204,108,100,0.7183974999444309,B.1.1.7,node_500725,2.0501304693,B.1.1.7,node_431338,2.0511436178,1.0,18
2021-04,node_2474364,B.1.617.2,3.1377746948000005,30,24,138.146,22542204,108,15,1.1435138527529287,B.1.617.2,node_2565298,3.1454625069000004,B.1.617.2,node_2534778,3.2750207368,0.9580930769512923,10
2021-04,node_2453070,P.1.15,2.3150095377,40,26,138.146,22542204,108,7,0.8394138074865138,B.1.1.7,node_453108,2.0503240455,P.1.15,node_2452814,2.3150095377,1.0,59
2021-06,node_172412,B.1.619.1,2.9505246552,37,23,131.78,11472596,94,9,1.0819830037587699,AY.13,node_2550044,3.2370142076,B.1.619.1,node_172411,2.9481888958000004,0.9114957383482075,46
2021-04,node_12366,B.1,2.3519978172,34,24,138.146,22542204,108,11,0.8552651019747254,XB,node_13131,2.5684251170000003,B.1.627,node_13757,2.0870495746,0.9157354059623922,42
2021-05,node_2459104,P.1,2.3149589080000004,44,30,140.826,19347136,83,10,0.8393919370566846,P.1,node_2459100,2.3150095377,P.1,node_2459119,2.3149589080000004,0.9999781298093269,13
2021-04,node_2461234,P.1,2.7541588222,33,29,138.146,22542204,108,7,1.013112068287787,B.1.617.2,node_2576003,2.3899660652000003,P.1,node_2461232,2.7515183369000003,1.0009596466302217,17
2021-04,node_2461235,P.1,3.1005683213,33,29,138.146,22542204,108,6,1.131585424139923,B.1,node_2470829,1.5731343436,P.1,node_2461232,2.7515183369000003,1.1268572263244507,33
2021-05,node_2459119,P.1,2.3149589080000004,45,32,140.826,19347136,83,11,0.8393919370566846,P.1,node_2459114,2.3149589080000004,P.1,node_2459104,2.3149589080000004,1.0,12
2021-05,node_2461236,P.1,3.1950418748,32,28,140.826,19347136,83,5,1.1616001940972882,P.1.17,node_2437475,2.2956526829,P.1,node_2461235,3.1005683213,1.0304697538354481,33
2021-04,node_447185,B.1.1.7,2.0211163184000003,35,23,138.146,22542204,108,17,0.7036499916390907,B.1.1,node_247670,1.2989590525999999,B.1.1.7,node_447184,2.0504562338000003,0.9856910306514439,24
2021-05,node_160400,BB.2,2.7771846278999996,45,28,140.826,19347136,83,5,1.02143769077436,B.1.621,node_162427,2.7787519217999996,BB.2,node_160397,2.7771846278999996,0.9994359719960231,20
2021-05,node_2528702,AY.26,3.2366601591000004,32,25,140.826,19347136,83,21,1.1745419830563777,B.1.617.2,node_2548312,3.3274870446,AY.26,node_2528701,3.1999768737000003,0.9727040603666969,14
2021-01,node_2459765,P.1,1.4092007426,20,14,139.046,19546070,91,12,0.3430226944504609,B.1,node_5266,1.2004522012,P.1,node_2459891,2.1210393475,0.6643916079449346,14
2021-04,node_263666,B.1.1.7,1.9990268441999999,32,17,138.146,22542204,108,45,0.6926604842425045,C.37,node_217496,1.9760211175,B.1.1.7,node_263661,2.0490250458,0.975599028570937,25
2021-05,node_3519414,B.1.617.2,3.2059400156,26,23,140.826,19347136,83,5,1.165005343968658,B.1.617.2,node_3519413,3.1757157676,B.1.617.2,node_3519459,3.2495849687000002,0.9865690685055511,13
2021-06,node_2441698,P.1,2.667551995,36,27,131.78,11472596,94,5,0.9811611960375437,P.1,node_2432558,2.6650756396000004,P.1,node_2441697,2.3180924220000003,1.0009291876610193,22
2021-06,node_427249,B.1.1.7,2.3626858999000007,35,25,131.78,11472596,94,7,0.8597990650783992,B.1,node_171463,2.5005822658000003,B.1.1.7,node_427238,2.0497749094000004,0.9448542974226513,36
2021-03,node_388664,B.1.1.7,2.2844742249,35,24,142.272,14772312,116,123,0.8261358993574087,B.1.1.7,node_390676,2.0539065538,B.1.1.7,node_388663,2.280325884,1.0018191877437812,11
2021-04,node_172408,B.1.619.1,2.8213252369,42,28,138.146,22542204,108,13,1.037206716724907,B.1.619.1,node_172253,2.5366901493,B.1.619.1,node_172403,2.3932710733,1.112207274380178,13
2021-01,node_3520545,B.1.617.2,3.3956482017000003,29,24,139.046,19546070,91,9,1.2224946711219524,B.1.617.2,node_2847256,3.3942568980000005,B.1.617.2,node_3111630,3.3905187662,1.0004098993511126,17
2021-05,node_247872,B.1.1,1.9900948971999999,26,19,140.826,19347136,83,5,0.6881823246345863,P.1,node_2427018,2.3447921918,B.1.1,node_247870,2.0110688632,0.8487297527514737,39
2021-04,node_2548709,B.1.617.2,3.2750207368,36,28,138.146,22542204,108,5,1.1863242009144974,B.1,node_2471316,2.3028337714,B.1.617.2,node_2548698,3.2750207368,1.0,26
2020-10,node_2575391,B.1.617.2,2.8752371597,25,22,102.606,12122070,42,12,1.0561351611776084,AY.43,node_2988202,3.5135589872,B.1.617.2,node_2575718,2.7361231178,0.8183261388735964,27
2021-02,node_448706,B.1.1.7,2.058588621,57,37,142.19,11253786,96,140,0.7220206125520547,B.1.1.318,node_242229,2.0081151045000003,B.1.1.7,node_448705,2.0503240455,1.0040308630814427,59
2021-06,node_2454067,P.1.15,2.3178727555,35,23,131.78,11472596,94,8,0.8406498493210917,P.1,node_2459715,2.3175231907,P.1.15,node_2454066,2.3153591024999995,1.0001508355132767,13
2021-05,node_2576577,B.1.617.2,3.2735145154,29,24,140.826,19347136,83,5,1.1858641831033219,B.1.617.2,node_2548695,3.2750207368,B.1.617.2,node_3111795,3.3946667942000004,0.9643109954099187,12
2021-06,node_463270,B.1.1.7,2.0131870604,34,24,131.78,11472596,94,8,0.6997190685201156,B.1.1,node_239863,1.2855419653,B.1.1.7,node_463269,2.0498703458000005,0.9821045826263298,23
2021-03,node_2422355,P.1,2.3149791715,43,29,142.272,14772312,116,97,0.8394006903054978,B.1.1.519,node_179053,1.7218978475999998,P.1,node_2422344,2.3149791715,1.0,59
2020-12,node_273984,B.1.1.7,2.0487813105,33,21,126.668,20356383,69,1250,0.7172451336924965,B.1.1.7,node_376726,2.0488929394,B.1.1.7,node_253788,1.6988377991,0.9999455174558644,9
2021-02,node_92115,B.1.160,2.006717058,42,30,142.19,11253786,96,19,0.6965000822974529,B.1.1.7,node_394975,2.0489336519,B.1.160,node_92114,1.3455633978,0.9793958218896682,57
2021-04,node_3111717,B.1.617.2,3.4057735906000004,27,22,138.146,22542204,108,6,1.2254721063375407,B.1.617.2,node_3013916,3.3943397068000003,B.1.617.2,node_3111597,3.4040219591000005,1.0005145770271302,10
2021-04,node_3519600,B.1.617.2,2.9095872308999997,24,21,138.146,22542204,108,5,1.0680112260708938,B.1,node_164224,3.1766174153999995,B.1.617.2,node_3519446,2.6439910747000006,0.9159388275070652,22
2021-05,node_2548937,B.1.617.2,3.0119967253,60,42,140.826,19347136,83,8,1.1026032227192606,B.1.1.318,node_242229,2.0081151045000003,B.1.617.2,node_2548936,3.1539372137,0.954995778678332,81
2020-12,node_314903,B.1.1.7,2.2290889546,31,20,126.668,20356383,69,52,0.8015929614584889,P.1,node_2426975,2.0433045981999998,B.1.1.7,node_314902,2.0395501940000003,1.0909234759045041,31
2020-12,node_314905,B.1.1.7,2.3191835618,30,20,126.668,20356383,69,50,0.8412152107250602,P.1,node_2426959,2.1428576324999997,B.1.1.7,node_314935,2.0395501940000003,1.0822854148711163,33
2020-09,node_12245,B.1,2.0104775501,21,17,89.5443,8498335,32,335,0.6983722809660634,B.1,node_12234,1.7099476500000002,B.1,node_12366,2.3519978172,0.8547956700459135,24
2021-04,node_2574171,B.1.617.2,3.2750207368,31,25,138.146,22542204,108,5,1.1863242009144974,B.1.617.2,node_2574170,3.2750207368,B.1.617.2,node_2573354,3.1735589998,1.0,25
2021-06,node_519390,B.1.1.7,2.0485725876000003,40,27,131.78,11472596,94,6,0.7171432518900597,B.1.1.7,node_410088,2.0508268322000003,B.1.1.7,node_519387,2.0486316379000002,0.9989008118264272,14
2021-04,node_3521317,B.1.617.2,3.1560944933,29,23,138.146,22542204,108,5,1.1493353433782487,B.1.617.2,node_3521325,3.1510480132,B.1.617.2,node_3521313,3.1559617298,1.0000420675253272,9
2021-06,node_2442171,P.1,1.6007919536,33,22,131.78,11472596,94,6,0.4704984777879971,B.1.1,node_174802,2.2552531122,P.1,node_2442170,1.60171859,0.709805894930537,23
2021-05,node_3093464,B.1.617.2,3.1629067622,56,44,140.826,19347136,83,5,1.1514914662412348,AY.122,node_2628001,3.6223831903,B.1.617.2,node_3093463,3.1601123928,0.8731563161704197,34
2021-05,node_162450,B.1.621,2.7241004191,33,24,140.826,19347136,83,10,1.00213825218194,B.1,node_158186,2.7330224123999995,B.1.621,node_162449,2.7787519217999996,0.9803323563103115,10
2021-04,node_408095,B.1.1.7,1.9443549275,38,23,138.146,22542204,108,18,0.6649302652477863,B.1.1.7,node_408092,1.9443549275,B.1.1.7,node_423756,2.0508858825000003,0.9480561273988874,7
2021-03,node_159472,B.1.621,2.7226534840000003,36,24,142.272,14772312,116,31,1.0016069503607898,B.1.621,node_162234,2.7248243758,B.1.621,node_159107,2.7226534840000003,0.9992032911114272,13
2021-04,node_159477,B.1.621,2.7241004191,32,23,138.146,22542204,108,16,1.00213825218194,B.1.621,node_159472,2.7226534840000003,B.1.621,node_158187,2.7241004191,1.0,8
2021-03,node_442065,B.1.1.7,2.1921674416,39,26,142.272,14772312,116,59,0.7848907537596266,C.37,node_217489,2.3271271651,B.1.1.7,node_442064,2.1917308649000002,0.9420058664932476,41
2021-05,node_2578450,AY.122,3.0405553035999997,39,33,140.826,19347136,83,6,1.1120401643946851,B.1.617.2,node_3518391,3.2261446133,AY.122,node_2578449,3.0405553035999997,0.9424733445193698,13
2021-06,node_2554030,AY.8,3.1485976055,39,32,131.78,11472596,94,5,1.1469571491013737,AY.9,node_2515469,3.2792628772,AY.8,node_2554016,3.14826139,0.9601540722433426,38
2021-06,node_2552595,AY.53,3.1576512489,39,30,131.78,11472596,94,5,1.1498284755679544,AY.47,node_2479123,3.2672034718000003,AY.53,node_2552594,3.1594805414000002,0.9664691153013362,17
2021-05,node_2931351,B.1.617.2,3.2878087518,36,27,140.826,19347136,83,10,1.1902213099913057,AY.44,node_2690218,3.1595079672,B.1.617.2,node_3290955,3.3943397068000003,0.9686151168704231,13
2021-05,node_3273721,B.1.617.2,3.3943419492,40,32,140.826,19347136,83,5,1.2221099128271435,B.1.617.2,node_3273720,3.3943419492,B.1.617.2,node_2931343,3.1834636814999997,1.0,16
2021-04,node_163870,B.1.621,2.7566400280999996,22,17,138.146,22542204,108,7,1.0140125569955278,B.1,node_157268,1.271597715,B.1,node_164218,2.7330224123999995,1.0086415741022996,24
2021-06,node_298922,B.1.1.7,2.0491788591000004,36,21,131.78,11472596,94,5,0.7174391563695333,B.1.1.7,node_276538,2.0496493335000006,B.1.1.7,node_298921,2.0488929394,0.9997704610284742,12
2021-01,node_3563881,B.1.526,2.0270591675,23,21,139.046,19546070,91,159,0.7065860567330482,B.1.1,node_226980,1.2393549345000001,B.1.526,node_3562943,2.0266225907999997,1.000215420819832,20
2021-01,node_442010,B.1.1.7,2.0506698553,31,21,139.046,19546070,91,192,0.7181664984592517,B.1,node_13910,1.2329905279,B.1.1.7,node_440306,2.051106432,0.9997871506357793,26
2021-04,node_2421608,B.1.1,2.4939336352000003,28,23,138.146,22542204,108,7,0.913861237120318,P.1.15,node_2453714,2.5218525156,B.1.1,node_2421607,2.0481311906000004,0.9889292176178839,14
2021-04,node_217494,C.37,1.975289968,26,16,138.146,22542204,108,10,0.6807152068167016,B.1.1.519,node_183666,1.7793609881,C.37,node_217493,1.9386066826000001,1.0189225002313524,31
2021-01,node_171429,B.1,2.8896272646999996,23,19,139.046,19546070,91,45,1.0611275196542103,B.1,node_2471267,2.8066382701,B.1,node_171400,2.7732088711,1.0295688245557353,22
2021-05,node_266174,B.1.1.7,2.3067802047,41,28,140.826,19347136,83,7,0.8358527014408722,P.1.7,node_2439749,2.5787841869,B.1.1.7,node_266167,2.306161424,0.8945223940871994,55
2021-02,node_448705,B.1.1.7,2.0503240455,50,33,142.19,11253786,96,141,0.7179978516340263,B.1.617.2,node_2548937,3.0119967253,B.1.1.7,node_448700,2.0503240455,0.6807192146916375,85
2021-03,node_197316,B.1.1.523,1.9758643693,26,19,142.272,14772312,116,8,0.6810059579516923,B.1.1.523,node_197279,2.0019214811,B.1,node_165747,1.2263369361,0.9869839491478545,31
2021-05,node_498203,B.1.1.7,2.0524404523,41,23,140.826,19347136,83,15,0.7190295496458718,B.1.1.7,node_454064,2.0968185154000003,B.1.1.7,node_498202,2.0524404523,0.9788355249755439,26
2021-04,node_3573853,B.1.637,2.1814543862,40,28,138.146,22542204,108,16,0.7799918039886394,B.1.637,node_3573699,2.1795688253,B.1.637,node_3573841,2.1764636188,1.000865107299257,16
2021-05,node_385634,B.1.1.7,2.0122321672,35,23,140.826,19347136,83,16,0.6992446368329195,B.1.621,node_160837,2.8692722853,B.1.1.7,node_385633,2.0489154526,0.7013040126965883,37
2021-04,node_504341,B.1.1.7,2.0539018681,39,25,138.146,22542204,108,15,0.7197413343670046,B.1.1.7,node_503953,2.0492034405000004,B.1.1.7,node_401977,2.0538710661,1.0000149970465568,10
2020-12,node_520861,B.1.1.7,2.0542788102000005,33,22,126.668,20356383,69,263,0.7199248424113558,B.1.1.7,node_316740,2.0530412803000004,B.1.1.7,node_345450,2.0503240455,1.0006027788685374,15
2021-03,node_242229,B.1.1.318,2.0081151045000003,57,41,142.272,14772312,116,64,0.6971965231447522,B.1.1.7,node_448743,2.0583950448,B.1.1.318,node_242225,2.0081151045000003,0.9755732309854617,75
2020-09,node_248407,B.1.1,1.7170784676,18,10,89.5443,8498335,32,703,0.5406242812787945,B.1.1,node_248060,1.9841704846000001,B.1.1,node_248404,1.7175150443,0.8653885746849799,14
2020-12,node_171399,B.1,2.493928674,23,19,126.668,20356383,69,88,0.9138592478111941,AY.44,node_2714729,1.9793130272,B.1,node_171396,2.2702533411,1.0985243932254818,25
2021-05,node_394614,B.1.1.7,2.0492595777,39,26,140.826,19347136,83,11,0.7174785462987732,B.1.1.7,node_510631,2.0504563951000003,B.1.1.7,node_394613,2.0489336519,0.9994163165806108,15
2021-05,node_3093463,B.1.617.2,3.1601123928,44,35,140.826,19347136,83,6,1.15060759430809,B.1.617.2,node_2548937,3.0119967253,B.1.617.2,node_3093462,3.1601123928,1.0,51
2021-05,node_247059,B.1.1,2.0370555151,31,20,140.826,19347136,83,6,0.711505390236091,C.37,node_217499,1.8293542426,B.1.1,node_247058,2.0003722297,1.0183382296831334,23
2021-02,node_423365,B.1.1.7,2.0496483526000002,36,23,142.19,11253786,96,84,0.7176682431193786,B.1.1,node_240257,1.9594555175,B.1.1.7,node_423272,2.0496483526000002,1.0,28
2021-03,node_171422,B.1,2.9513904156,24,20,142.272,14772312,116,10,1.0822763866339296,B.1.617.2,node_3520408,3.3101331847,B.1,node_171400,2.7732088711,0.8916228595398608,15
2021-02,node_2575081,B.1.617.2,3.1458430962,27,23,142.19,11253786,96,8,1.1460819293300324,B.1.617.2,node_2548832,2.5042086232000003,B.1.617.2,node_3272823,3.3915568321000005,0.9275513435085627,18
2021-03,node_295194,B.1.1.7,2.0491855240000003,37,23,142.272,14772312,116,76,0.7174424088377751,B.1.1.7,node_397666,2.0488929394,B.1.1.7,node_295145,2.0488929394,1.000142801312052,8
2021-03,node_2446206,P.1.10,2.3150095377,42,27,142.272,14772312,116,25,0.8394138074865138,P.1,node_2427935,2.3147316654999996,P.1.10,node_2446055,2.3150095377,1.0,10
2021-04,node_2554662,B.1.617.2,2.8014444171,30,25,138.146,22542204,108,5,1.0301351474194538,B.1.617.2,node_2548837,3.1482148365000002,B.1.1,node_221721,1.2266998098,0.889851729500926,25
2021-03,node_3522057,B.1,2.7983694983000005,31,23,142.272,14772312,116,9,1.029036925530117,B.1,node_172228,2.3975014439000004,B.1,node_3522056,2.5807984313000003,1.0843037814814562,40
2021-05,node_405714,B.1.1.7,2.0488216451000003,39,26,140.826,19347136,83,9,0.717264820616993,B.1.1.7,node_278883,2.0495836886000003,B.1.1.7,node_405707,2.0488929394,0.9996281959579213,13
2021-01,node_345466,B.1.1.7,2.03318362,35,23,139.046,19546070,91,89,0.7096028502921738,AY.122,node_2578450,3.0405553035999997,B.1.1.7,node_345444,2.0488929394,0.6686882549357752,62
2021-04,node_443563,B.1.1.7,2.0142330802000004,35,25,138.146,22542204,108,32,0.7002385175902416,B.1.1.7,node_406821,2.0138631005,B.1.1.7,node_443562,2.0509163656,0.9821137097468781,13
2021-03,node_2471267,B.1,2.8066382701,20,18,142.272,14772312,116,8,1.0319874219933753,B.1.617.2,node_3521290,3.0725633664000003,B.1,node_2471262,2.7546521011,0.9134517129221735,15
2021-01,node_75727,B.1.525,1.8711991399,33,18,139.046,19546070,91,75,0.6265794766361661,B.1.1,node_240593,2.0165084188,B.1.525,node_75726,1.8345158545000002,0.9279401575786766,45
2021-05,node_483853,B.1.1.7,2.0501304693,38,23,140.826,19347136,83,8,0.7179034346861269,B.1.1.7,node_257245,2.0666651856000002,B.1.1.7,node_483848,2.050071419,0.9919993250889355,15
2021-04,node_2573997,B.1.617.2,3.1623080055,29,25,138.146,22542204,108,12,1.1513021424874086,AY.47,node_2483061,3.2759185274,B.1.617.2,node_2569787,3.1617626104000003,0.9653194910222113,28
2021-04,node_242249,B.1.1.318,2.0198231128,71,51,138.146,22542204,108,10,0.7030099396580272,B.1.1.318,node_242268,2.0198231128,B.1.1.318,node_242248,2.0198231128,1.0,13
2021-02,node_370611,B.1.1.7,2.0537985948,39,23,142.19,11253786,96,86,0.719691051586673,B.1.526,node_3568381,1.5512638855,B.1.1.7,node_370610,2.0537985948,1.0,61
2021-01,node_511838,B.1.1.7,2.0501331933,34,23,139.046,19546070,91,69,0.7179047633811692,B.1.1.7,node_281117,2.0501331933,B.1.1.7,node_504008,2.0125228791,1.0,15
2021-01,node_3521889,B.1,2.6187164734999997,20,15,139.046,19546070,91,40,0.9626843021242579,B.1,node_171447,2.9256849236999996,B.1,node_3521857,2.0040722973,0.8950780900180499,26
2021-03,node_473445,B.1.1.7,2.0490865156,34,20,142.272,14772312,116,16,0.717394091693836,B.1.1.7,node_388376,2.0488929394,B.1.1.7,node_475978,2.0503240455,0.9993964222861669,11
2020-12,node_2462785,B.1.1,2.1254259965,24,19,126.668,20356383,69,8,0.7539722512263436,B.1.621,node_160837,2.8692722853,B.1.1,node_2462784,2.0820891193,0.7407543743370364,37
2021-05,node_3573973,B.1.637,2.1826784615,34,27,140.826,19347136,83,7,0.7805527746899532,B.1.637,node_3573699,2.1795688253,B.1.637,node_3573971,2.1776876941000003,1.0014267208100538,10
2021-04,node_433881,B.1.1.7,2.0153686608,37,24,138.146,22542204,108,6,0.700802136877233,B.1.621,node_160837,2.8692722853,B.1.1.7,node_433880,2.0520519462,0.7023971447830999,39
2021-04,node_249062,B.1.1,2.0545266205000003,38,28,138.146,22542204,108,7,0.7200454664245781,B.1.1.7,node_461955,2.0499643250000004,B.1.1,node_246274,1.2837789145,1.002225548729976,33
2021-03,node_359293,B.1.1.7,2.0646684697,48,30,142.272,14772312,116,8,0.7249696661631142,B.1.1.7,node_360252,2.0642951252,B.1.1.7,node_359291,2.0646684697,1.0,15
2021-05,node_503419,B.1.1.7,2.0506534071000004,45,26,140.826,19347136,83,5,0.7181584775357853,B.1.1.7,node_503808,2.0504409704000004,B.1.1.7,node_503418,2.0501028646000004,1.0001036053722427,8
2021-05,node_471689,B.1.1.7,2.0136368726000002,38,26,140.826,19347136,83,8,0.6999424764512073,B.1.1.7,node_449537,2.0136354697,B.1.1.7,node_471682,2.0503201580000003,0.9821085086361424,17
2021-04,node_499692,B.1.1.7,2.0484128220000004,30,18,138.146,22542204,108,9,0.7170652601062928,B.1.1,node_248218,2.0122467734000002,B.1.1.7,node_499690,2.0488493987000003,0.9997869161587587,15
2021-02,node_443386,B.1.1.7,2.0143718359,34,26,142.19,11253786,96,54,0.7003074028261703,B.1.621,node_160837,2.8692722853,B.1.1.7,node_443380,2.0510551213,0.7020497309440206,36
2021-01,node_3568381,B.1.526,1.5512638855,35,20,139.046,19546070,91,41,0.43907000866503104,B.1.1.7,node_370611,2.0537985948,B.1.526,node_3568380,1.5512638855,0.755314513033379,54
2021-03,node_433603,B.1.1.7,2.2964810307,44,31,142.272,14772312,116,23,0.8313779646581528,B.1.1.7,node_314046,2.0476676594,B.1.1.7,node_433594,2.2964810307,1.0,21
2021-05,node_413481,B.1.1.7,1.9443692805000001,41,25,140.826,19347136,83,6,0.6649376471032394,B.1.1.7,node_272645,1.9580384439,B.1.1.7,node_413475,2.0509002355000003,0.9480564909223737,15
2021-04,node_2515466,AY.9,3.280607505,41,34,138.146,22542204,108,7,1.1880286201849075,AY.8,node_2554032,3.1537949409,AY.9,node_2500365,3.2750207368,1.0017058726185222,31
2021-04,node_508239,B.1.1.7,2.0510134797,39,25,138.146,22542204,108,14,0.7183340513260817,B.1.1.7,node_409181,2.0513434985000005,B.1.1.7,node_508238,2.0507337806,0.999839120654224,13
2021-03,node_3568553,B.1.526,1.5462731180999998,31,24,142.272,14772312,116,9,0.43584759568797615,AY.54,node_2556511,3.1482148365000002,B.1.526,node_3568529,1.5462731180999998,0.49115870371129283,51
2021-01,node_214308,C.37,2.3513989787,34,27,139.046,19546070,91,49,0.8550104611144186,B.1.2,node_153944,1.2266029743,C.37,node_213891,2.3513989787,1.0,33
2021-02,node_383588,B.1.1.7,1.9865828858,34,20,142.19,11253786,96,40,0.6864160199427216,B.1.621,node_160837,2.8692722853,B.1.1.7,node_383490,2.0232661712000004,0.6923647142091607,36
2021-02,node_164240,B.1,2.136027459,33,24,142.19,11253786,96,7,0.758947776352398,B.1,node_164239,2.3672770323999996,B.1.1,node_174673,1.9221709055,0.9023141059390276,23
2021-04,node_3521067,B.1.617.2,2.8244444488999996,24,19,138.146,22542204,108,7,1.0383116900025864,B.1.617.2,node_3519188,3.1654393205,B.1.617,node_2471415,2.1333552957000004,0.8922756568443276,25
2021-04,node_20890,B.1.351,1.9631584530000001,33,23,138.146,22542204,108,18,0.6745546318532623,B.1.351,node_21064,1.9603778358000001,B.1.351,node_20889,1.9631584530000001,1.0,8
2021-03,node_433604,B.1.1.7,2.0513434985000005,41,28,142.272,14772312,116,22,0.7184949436143279,B.1.1.7,node_432449,2.0510637994000005,B.1.1.7,node_433603,2.2964810307,0.8932551460591521,10
2021-04,node_197267,B.1.1.189,2.6411841757,34,26,138.146,22542204,108,5,0.9712273679906325,B.1.1.523,node_197490,1.8854677250999998,B.1.1.189,node_197263,1.7934518481000001,1.4008111305962128,19
2021-05,node_376556,B.1.1.7,2.0122191198,32,20,140.826,19347136,83,6,0.6992381527688473,B.1.1.7,node_377507,2.0122682959000002,B.1.1.7,node_376555,2.0489024052,0.9820961284896245,11
2021-05,node_452223,B.1.1.7,2.0135054247,34,24,140.826,19347136,83,6,0.6998771954701328,B.1.1.7,node_449537,2.0136354697,B.1.1.7,node_452215,2.0501887101000005,0.9821073615227296,13
2021-05,node_267913,B.1.1.7,2.0498885626,42,25,140.826,19347136,83,6,0.7177854319654573,B.1.1.7,node_397666,2.0488929394,B.1.1.7,node_267908,2.0498885626,1.0,11
2021-05,node_313668,B.1.1.7,2.0493900539000003,33,22,140.826,19347136,83,6,0.7175422141951644,B.1.1,node_248867,2.4223373294000003,B.1.1.7,node_313658,2.0468764009000004,0.8460382577713167,36
2021-04,node_2435867,P.1,2.3147426274000003,38,26,138.146,22542204,108,5,0.8392985052885658,P.1,node_2426452,2.3150095377,P.1,node_2435843,2.3149742886,0.9998847044490949,9
2021-04,node_431543,B.1.1.7,2.0442828686000003,42,26,138.146,22542204,108,6,0.7150470524925108,B.1.1.7,node_420707,2.0511655816000003,B.1.1.7,node_431542,2.0442828686000003,0.9966444868899218,26
2020-12,node_2474340,B.1.617.2,3.1228288395,22,18,126.668,20356383,69,5,1.1387392703628947,B.1.617.2,node_2474338,3.1438714869,AY.43,node_2954768,3.4496001554,0.9052726979419708,19
2021-04,node_2444396,P.1,2.6849639708999997,32,24,138.146,22542204,108,9,0.987667309211579,P.1.1,node_2454543,2.9287057264,P.1,node_2444177,2.3355043978999994,0.9167749243965148,20
2020-09,node_3522356,B.1,2.3428472674000003,11,10,89.5443,8498335,32,5,0.8513669706318095,B.1.617.2,node_3272115,2.7512722828000005,B.1,node_2470965,1.8326976309999998,0.8515504924927526,17
2020-09,node_2452666,P.1,2.3127080979,26,19,89.5443,8498335,32,31,0.8384191746368218,P.1.15,node_2453702,2.107291506,P.1,node_2452665,1.6055837502,1.0974789635487667,11
2021-01,node_2454887,P.1.1,2.4166900102,41,29,139.046,19546070,91,49,0.8823988395449255,P.1,node_2426935,2.2403040839,P.1.1,node_2454882,2.3300085232,1.0372022188489478,18
2021-03,node_364682,Q.3,2.0540507883,48,29,142.272,14772312,116,10,0.7198138377342639,B.1.1,node_240259,1.9594555175,Q.3,node_364679,2.0540507883,1.0,19
2021-04,node_2565267,B.1.617.2,3.0445333407,27,21,138.146,22542204,108,5,1.1133476351315081,B.1.617.2,node_2474683,2.7963831689000003,B.1.617.2,node_2565270,3.0090345992,1.0117973856164493,15
2021-04,node_2427691,P.1,2.3141958692999998,47,30,138.146,22542204,108,5,0.8390622705220279,P.1.10,node_2446052,2.3146355184000003,P.1,node_2427676,2.3141958692999998,0.9998100568765554,21
2021-05,node_448728,B.1.1.7,2.050442084,73,52,140.826,19347136,83,5,0.7180554206327476,B.1.1.7,node_465868,2.050442084,B.1.1.7,node_448727,2.0503240455,1.0,41
2021-04,node_454062,B.1.1.7,2.0968185154000003,47,26,138.146,22542204,108,10,0.7404212033009304,B.1.1.7,node_452026,2.0505473071000004,B.1.1.7,node_454061,2.0968185154000003,1.0,22
2021-05,node_455403,B.1.1.7,2.0135187358,37,23,140.826,19347136,83,5,0.6998838063567179,B.1.1.7,node_278094,2.0120884335,B.1.1.7,node_455402,2.0503955974000005,0.9820147577146761,25
2020-12,node_2452674,P.1,1.9210423003,26,21,126.668,20356383,69,8,0.6528679034815168,P.1,node_2452672,2.1226001877,C.37,node_217531,2.2702245177,0.8461904473863395,26
2021-03,node_469139,B.1.1.7,2.0153522514000004,33,22,142.272,14772312,116,30,0.7007939947109273,B.1.1,node_239863,1.2855419653,B.1.1.7,node_469097,2.0520355368,0.9821234648512936,22
2021-03,node_2443898,P.1,2.1705513682,34,27,142.272,14772312,116,9,0.774981222005913,P.1,node_2426967,2.1680384399,P.1,node_2443894,2.1450734176,1.0011590792182243,12
2021-02,node_164549,B.1,2.1697328827,16,12,142.19,11253786,96,6,0.7746040644455378,B.1.36,node_102562,1.2267511804,B.1,node_164548,2.1692963059999997,1.0002012526821684,21
2021-03,node_3521645,B.1.617.2,3.461434840000001,25,19,142.272,14772312,116,5,1.2416831967496078,B.1.617.2,node_3521644,3.4802746140000007,AY.34,node_3091656,3.4535528635000006,0.9945866990138612,37
2021-02,node_423246,B.1.1.7,2.0499629572,38,24,142.19,11253786,96,65,0.717821723328522,B.1.1.7,node_504560,2.049207544,B.1,node_171501,1.6571689172000001,1.0003686367455613,23
2021-04,node_301882,B.1.1.7,2.2822580934,40,23,138.146,22542204,108,15,0.825165344694031,B.1.1.7,node_301871,2.2940961290999997,B.1.1.153,node_219753,1.2458809374,0.9948397821914097,39
2021-05,node_300047,B.1.1.7,2.0124358392,35,21,140.826,19347136,83,6,0.6993458486595099,B.1.1,node_240281,1.9497098306,B.1.1.7,node_300046,2.0491191246000002,0.9820980220429298,19
2021-03,node_3521848,B.1,2.0019122718,14,13,142.272,14772312,116,8,0.6941028596531722,B.1.411,node_3593974,1.2299348646,B.1,node_3521846,2.0029712258,0.9994713084310151,20
2021-03,node_2427454,P.1,1.9547163570999997,35,25,142.272,14772312,116,6,0.6702450970290013,P.1,node_2427493,1.9852390069999999,P.1,node_2427354,2.31877577,0.8429949900244127,10
2021-01,node_164239,B.1,2.3672770323999996,30,24,139.046,19546070,91,8,0.8617403631424947,P.1,node_2424637,2.3149941266,B.1,node_164222,2.3940950002,0.9887982858667846,42
2020-12,node_2460948,P.1,2.3150095377,37,28,126.668,20356383,69,35,0.8394138074865138,AY.47,node_2483061,3.2759185274,P.1,node_2423439,2.3150095377,0.706674942718235,62
2021-03,node_2421491,B.1.1,2.4981869965999994,22,17,142.272,14772312,116,6,0.9155652674284475,B.1,node_158178,2.4380670168,B.1.1,node_2421490,2.4967225631999996,1.0005865423021303,16
2021-02,node_2474683,B.1.617.2,2.7963831689000003,23,21,142.19,11253786,96,7,1.028326856791921,B.1.617.2,node_2576063,2.8182153418,B.1.617.2,node_2474682,2.9084471149,0.9614694915971155,15
2021-04,node_2566242,B.1.617.2,3.0388468565,35,26,138.146,22542204,108,7,1.111478119937029,AY.54,node_2556129,3.0416838815,B.1.617.2,node_2563600,3.1453778115000004,0.9661309510703273,18
2020-08,node_2462781,B.1.1,2.284979286,18,16,81.8903,7941296,18,17,0.8263569590972013,B.1.617.2,node_3519383,3.2748430894,B.1.1,node_2462779,1.7460895148,0.697737028499476,18
2021-02,node_486130,B.1.1.7,2.1008120869,41,27,142.19,11253786,96,29,0.7423239780247102,B.1.1.7,node_483859,2.0501007395000004,B.1.1.7,node_486101,2.1007827664,1.0000139569404647,16
2021-04,node_413203,B.1.1.7,1.9443692805000001,40,24,138.146,22542204,108,9,0.6649376471032394,B.1.1.7,node_272645,1.9580384439,B.1.1.7,node_413199,2.0509002355000003,0.9480564909223737,16
2021-03,node_3569621,B.1.526,1.5512411923,31,23,142.272,14772312,116,38,0.43905537971234193,BA.5.2.1,node_1879751,8.3929446749,B.1.526,node_3569614,1.5511920701,0.184826810182504,93
2021-02,node_2444387,P.1,2.3363252771,28,19,142.19,11253786,96,5,0.848579300606153,B.1,node_10309,1.426408517,P.1,node_2444386,2.3367618537999997,0.9998131702213087,19
2021-03,node_364705,Q.3,2.0531855131,38,24,142.272,14772312,116,10,0.7193924959125108,B.1.1.7,node_388258,2.1159508235,Q.3,node_364704,2.0535458945,0.9703370656336049,19
2021-03,node_2474684,B.1.617.2,2.8040734053,22,20,142.272,14772312,116,6,1.0310731476099992,B.1.617.2,node_2474683,2.7963831689000003,B.1,node_2470895,1.9478960207,1.0027500653292176,22
2021-04,node_515639,B.1.1.7,1.929716967,38,23,138.146,22542204,108,8,0.6573733429399476,B.1,node_171405,2.5920530842,B.1.1.7,node_515638,1.9664002524000002,0.7444743237562126,31
2021-05,node_468564,B.1.1.7,2.0136407601000004,32,21,140.826,19347136,83,6,0.6999444070357632,B.1.1,node_245453,1.2846076261000001,B.1.1.7,node_465156,2.0503240455,0.9821085425591574,22
2021-04,node_325710,B.1.1.7,2.0489919302,39,25,138.146,22542204,108,6,0.7173479308400272,B.1.1.7,node_325709,2.0491991580000004,B.1.1.7,node_325652,2.0489919302,0.9998988737628594,8
2020-10,node_247855,B.1.1,2.0785061481,30,20,102.606,12122070,42,90,0.7316494376566253,B.1.1,node_247056,1.9888925285999999,B.1.1,node_247851,1.36981209,1.0450570446675065,24
2020-11,node_2421503,B.1.1,2.3473233988,21,19,113.534,17266494,43,14,0.8532756997922335,B.1.1,node_2421488,2.1117511412,B.1.1.1,node_213053,1.6393717126999998,1.1115530390887518,20
2020-09,node_3521964,B.1,2.2752566156,14,11,89.5443,8498335,32,26,0.8220928441076243,B.1,node_3522231,2.6472050262,B.1,node_3521963,1.9989542308,0.8594939164444233,14
2020-10,node_2576156,B.1.617.2,2.9185149090999998,18,16,102.606,12122070,42,13,1.0710748941290442,B.1.526,node_3563804,2.0463577374,B.1.617.2,node_2474349,3.1723325027000002,0.9199902300960022,33
2021-03,node_500954,B.1.1.7,2.0135143316,34,22,142.272,14772312,116,5,0.6998816190391935,B.1.1,node_239878,1.6346063475000001,B.1.1.7,node_500953,2.0501976170000002,0.9821074392556959,23
2021-04,node_359388,B.1.1.7,2.0143905689999997,39,23,138.146,22542204,108,5,0.7003167025058818,C.37,node_217496,1.9760211175,B.1.1.7,node_359387,2.0643887706,0.9757806270252727,30
2021-03,node_325235,B.1.1.7,2.0493380541,32,20,142.272,14772312,116,30,0.7175168405677206,B.1.1,node_248218,2.0122467734000002,B.1.1.7,node_325165,2.0497746308,0.9997870123410448,15
2020-03,node_3633879,A.2,1.4542119022,14,10,54.0662,783348,4,4298,0.3744641059066926,B.1.617.2,node_2576109,2.4558172455000005,A,node_3633728,0.979331241,0.5921498860978659,24
2021-04,node_495118,B.1.1.7,2.0138171715000004,33,24,138.146,22542204,108,19,0.7000320113773151,B.1,node_171405,2.5920530842,B.1.1.7,node_495113,2.0505004569,0.7769197258248036,26
2021-01,node_241959,B.1.1.318,1.9988750469999998,20,12,139.046,19546070,91,12,0.692584545810695,B.1,node_29105,1.2263369361,B.1.1.318,node_241817,1.9993116237,0.999781636491868,21
2021-01,node_504630,B.1.1.7,2.0490302083000005,34,24,139.046,19546070,91,40,0.7173666120958662,B.1.1.7,node_504622,2.0489278449,B.1.1.7,node_323568,2.0489953028,1.0000170354221667,8
2021-04,node_289220,B.1.1.7,2.0127320822000003,32,22,138.146,22542204,108,6,0.6994930440095275,B.1.1,node_240281,1.9497098306,B.1.1.7,node_289216,2.0494153676,0.982100609773919,16
2021-04,node_405064,B.1.1.7,2.0492361572,43,27,138.146,22542204,108,10,0.7174671174714595,Q.3,node_364688,2.0248054873,B.1.1.7,node_405063,2.0489564581,1.0001365080740952,28
2021-02,node_2443673,P.1,2.3164739710999998,37,27,142.19,11253786,96,17,0.840046189506668,P.1.15,node_2453684,2.3157422416999998,P.1,node_2443617,2.3150095377,1.0003159805037123,7
2021-02,node_248840,B.1.1,1.7445073492,26,17,142.19,11253786,96,5,0.5564721944188504,B.1.1,node_248837,1.7216401067,B.1.1,node_240217,1.6483275397,1.013282243141879,21
2021-04,node_345478,B.1.1.7,2.0332105433,40,26,138.146,22542204,108,6,0.709616092146711,B.1.1.7,node_285199,2.0489198627,B.1.1.7,node_345466,2.03318362,0.9923328775878532,14
2021-04,node_452026,B.1.1.7,2.0505473071000004,45,27,138.146,22542204,108,8,0.718106736590917,B.1.1.7,node_299156,2.0488929394,B.1.1.7,node_452025,2.0504152007000003,1.0000644290970702,25
2021-01,node_27413,B.1.351,2.0009738025,21,18,139.046,19546070,91,5,0.6936339633119946,B.1.351,node_27411,1.9610570225,B.1.351,node_18424,2.302769736,0.8689422008714465,15
2021-04,node_364919,Q.3,2.1674520723999997,49,33,138.146,22542204,108,5,0.7735523175019052,Q.3,node_364917,2.1679151024000003,Q.3,node_365274,2.2027232809,0.9839874537097602,11
2021-03,node_2445855,P.1.10,2.1244569428999998,37,28,142.272,14772312,116,10,0.7535162134339559,P.1,node_2441098,2.1244899011999996,P.1.10,node_2445830,2.3149568265999996,0.9177090987136081,13
2021-04,node_503966,B.1.1.7,2.0514602221000002,48,31,138.146,22542204,108,6,0.7185518430460238,B.1.1.7,node_409397,2.0515868401,B.1.1.7,node_503965,2.0135394068,0.9999382828952083,31
2021-04,node_214749,C.37,2.3507415293,37,27,138.146,22542204,108,5,0.8547308227653878,B.1.2,node_153944,1.2266029743,C.37,node_214748,2.3507415293,1.0,36
2021-01,node_171401,B.1,2.4264384517,24,19,139.046,19546070,91,30,0.8864245244888906,B.1.1.222,node_178313,1.2325307066,B.1,node_171400,2.7732088711,0.8749569774517372,27
2021-01,node_360252,B.1.1.7,2.0642951252,37,26,139.046,19546070,91,40,0.7247888244131513,B.1.1.7,node_359293,2.0646684697,B.1.1.7,node_259021,2.0485132091000002,0.9998191746009207,19
2021-04,node_472805,B.1.1.7,2.0499470981,36,21,138.146,22542204,108,5,0.7178139870124632,B.1.1,node_248867,2.4223373294000003,B.1.1.7,node_472804,2.0503240455,0.8462682192193937,39
2020-07,node_248351,B.1.1,1.6890827741,17,12,75.5938,7118656,11,798,0.5241856443808909,B.1.1.7,node_277426,1.6010602207,B.1.1.7,node_523682,1.3363272575999998,1.0549776655880663,14
2021-04,node_520876,B.1.1.7,2.0499600177,39,26,138.146,22542204,108,8,0.7178202893991443,B.1.1.7,node_320690,2.0489305517000003,B.1.1.7,node_520875,2.0541083586,0.9979804663747985,18
2021-04,node_323976,B.1.1.7,2.0122096540000003,31,18,138.146,22542204,108,6,0.699233448598128,B.1.1,node_235458,1.5580711917999999,B.1.1.7,node_323959,2.0488929394,0.9820960457744844,27
2021-04,node_3567657,B.1.526,1.5463222402999999,29,21,138.146,22542204,108,7,0.43587936330986743,BA.5.2.1,node_1879751,8.3929446749,B.1.526,node_3567652,1.5462731180999998,0.18424072839708358,91
2021-04,node_449537,B.1.1.7,2.0136354697,34,24,138.146,22542204,108,6,0.6999417797513663,B.1.1.7,node_452223,2.0135054247,B.1.1.7,node_449527,2.0503187551,0.9821084963941565,13
2021-05,node_504131,B.1.1.7,2.0536316679000004,43,28,140.826,19347136,83,6,0.7196097711317826,B.1.1.7,node_297188,2.0496992023000002,B.1.1.7,node_504130,2.0169483825,1.0019185574134915,23
2021-04,node_419303,B.1.1.7,1.9446127278,44,26,138.146,22542204,108,5,0.665062845574098,B.1.1.7,node_272645,1.9580384439,B.1.1.7,node_419302,2.0511436828000003,0.9480626560229191,20
2021-04,node_274992,B.1.1.7,2.0491806749000006,39,26,138.146,22542204,108,6,0.7174400424801758,B.1.1.7,node_259974,2.0450715762000002,B.1.1.7,node_274991,2.0491806749000006,1.0,19
2021-04,node_288660,B.1.1.7,2.0125880919,34,21,138.146,22542204,108,6,0.6994215017252698,B.1,node_171403,2.4488013629,B.1.1.7,node_288657,2.0492713773,0.8218666170279271,28
2021-04,node_477859,B.1.1.7,2.0509610294000007,44,26,138.146,22542204,108,8,0.7183084781296195,B.1.1.7,node_452026,2.0505473071000004,B.1.1.7,node_477858,2.0501376636,1.0002017618898953,17
2021-03,node_504281,B.1.1.7,2.0125577674,41,27,142.272,14772312,116,29,0.6994064341967576,B.1.1.7,node_319879,2.0489305517000003,B.1.1.7,node_504280,2.0125577674,0.9822479174465814,13
2020-11,node_2462070,P.1,2.3136590276,30,22,113.534,17266494,43,9,0.8388302659694359,P.1.17,node_2437004,2.3260662811,B.1.1,node_2421604,1.6003878327,0.9946659931400869,15
2021-02,node_2421490,B.1.1,2.4967225631999996,19,14,142.19,11253786,96,7,0.9149788970750198,B.1.1,node_2421503,2.3473233988,B.1.621,node_161920,1.7333757269,1.0636466046716766,27
2021-03,node_333677,B.1.1.7,2.0555013368,41,29,142.272,14772312,116,22,0.7205197777082968,B.1.1.7,node_274462,2.1477939641,B.1.1.7,node_374868,2.0539329969000004,0.9570291057509914,17
2021-02,node_350812,B.1.1.7,2.0571742529000003,31,20,142.19,11253786,96,12,0.7213333192365702,B.1.1,node_248218,2.0122467734000002,B.1.1.7,node_350400,2.0576108296,0.9997878234825948,14
2021-04,node_443438,B.1.1.7,2.0510714320000005,40,26,138.146,22542204,108,6,0.7183623063726017,B.1.1.7,node_443495,2.0510942825000003,B.1.1.7,node_443429,2.0512493489000003,0.9999132641284711,7
2021-03,node_3539110,B.1.429,1.6117809246,30,15,142.272,14772312,116,13,0.477339731995209,B.1.1,node_191189,1.490694024,B.1.429,node_3539096,1.6131312065,0.9991629435382818,28
2021-04,node_379323,B.1.1.7,2.0129408035000003,34,24,138.146,22542204,108,10,0.699596739121432,B.1.621,node_160837,2.8692722853,B.1.1.7,node_379299,2.0496240889,0.7015509869219452,36
2021-04,node_512287,B.1.1.7,2.0141480725000003,34,23,138.146,22542204,108,5,0.7001963131925988,B.1.621,node_160837,2.8692722853,B.1.1.7,node_512286,2.0508313579000004,0.7019717448284657,35
2021-02,node_3569685,B.1.526,1.587410346,34,24,142.19,11253786,96,15,0.46210397522930907,B.1.1,node_248053,1.5778491631,B.1.526,node_3569683,1.5714754668,1.0060596304916847,31
2021-03,node_320217,B.1.1.7,2.012274603,31,24,142.272,14772312,116,10,0.6992657255289632,B.1.1,node_240281,1.9497098306,B.1.1.7,node_320203,2.0489578884000004,0.982096613303924,15
2021-04,node_504805,Q.2,2.1894911023,37,22,138.146,22542204,108,6,0.783669143446537,B.1,node_13910,1.2329905279,Q.2,node_504737,2.189927679,0.9998006433252629,31
2021-03,node_345467,B.1.1.7,1.7694089708000003,40,28,142.272,14772312,116,6,0.5706455760215169,B.1.617.2,node_3518394,2.9299175669000004,B.1.1.7,node_345466,2.03318362,0.6039108372158483,53
2021-04,node_314253,B.1.1.7,2.0501813124000003,32,20,138.146,22542204,108,6,0.7179282343124528,B.1.1,node_248867,2.4223373294000003,B.1.1.7,node_314196,2.0476676594,0.8463649086016517,35
2021-02,node_240286,B.1.1,1.9393105746000001,25,19,142.19,11253786,96,6,0.6623325359974364,P.1,node_2426983,2.0612951653,B.1.1,node_240284,1.9503286113,0.9408213861102973,22
2021-04,node_392158,B.1.1.7,2.0489905434000004,39,23,138.146,22542204,108,6,0.7173472540191728,B.1.1.220,node_192742,1.2268016449,B.1.1.7,node_392149,2.0488929394,1.0000476374329392,32
2021-04,node_414089,B.1.1.7,1.9445748921000001,42,24,138.146,22542204,108,6,0.6650433887087066,B.1.1.7,node_272645,1.9580384439,B.1.1.7,node_414031,2.0511058471000005,0.9480616979613112,18
2020-11,node_174647,B.1.1,1.9202890562000001,19,15,113.534,17266494,43,23,0.6524757248123273,P.1,node_2422430,2.1253204464,B.1.1,node_174641,1.3427949445,0.9035291875409683,16
2021-02,node_3569686,B.1.526,1.5874107913,30,22,142.19,11253786,96,13,0.46210425574904906,B.1.526,node_3569685,1.587410346,B.1.526,node_3568379,1.5511925154,1.0000002805197794,15
2021-02,node_240455,B.1.1,2.0989842044,31,21,142.19,11253786,96,10,0.74145351551242,B.1.637,node_3572825,1.9719737831000002,B.1.1,node_235428,1.8816853927000001,1.0644077636267233,29
2020-09,node_3557751,B.1,1.2925790511,29,17,89.5443,8498335,32,9,0.2566394869228153,B.1.1.7,node_352092,2.0666249281,B.1,node_3557742,1.2340598156,0.6254541080603159,63
2021-03,node_352268,B.1.1.7,2.3909621837,34,25,142.272,14772312,116,11,0.8716958722490625,B.1.621,node_160837,2.8692722853,B.1.1.7,node_354079,2.4276454691,0.8332991594940284,35
2021-02,node_501272,B.1.1.7,2.0134250058000003,31,21,142.19,11253786,96,8,0.6998372549241522,B.1.1,node_235458,1.5580711917999999,B.1.1.7,node_501077,2.0501082912,0.9821066596542919,27
2021-03,node_264324,B.1.1.7,2.0484563627,30,19,142.272,14772312,116,8,0.7170865157032076,B.1,node_13915,1.3586512427,B.1.1.7,node_264311,2.0488929394,0.9997869206869697,20
2021-02,node_27029,B.1.351,2.3512373189,24,16,142.19,11253786,96,11,0.8549417082745929,B.1.1,node_240303,1.9340005112,B.1.351,node_27028,2.3531137605,0.9992025708100057,26
2021-03,node_2426935,P.1,2.2403040839,39,26,142.272,14772312,116,7,0.8066116083945861,B.1.1.7,node_252380,2.0473529664,P.1,node_2426932,2.1529350408,1.0405813651802214,48
2021-03,node_217291,C.37,2.2863285703000003,25,20,142.272,14772312,116,13,0.8269472865840385,C.37,node_216145,2.3456682746000004,C.37,node_217290,2.2862967646000003,0.9747024313102759,8
2021-01,node_249009,B.1.1,2.0114268335,30,23,139.046,19546070,91,45,0.6988443376472211,B.1.1.7,node_412100,2.0510219496000004,B.1.177.18,node_32650,1.4992502084000001,0.9806949330270588,46
2021-03,node_355889,B.1.1.7,2.0640067748,42,28,142.272,14772312,116,12,0.7246491299782705,B.1.1.7,node_276538,2.0496493335000006,B.1.1.7,node_355877,2.0637270757,1.0001355310512197,19
2021-03,node_504205,B.1.1.7,2.050369571,43,28,142.272,14772312,116,7,0.7180200554386796,B.1.1,node_247842,1.403345559,B.1.1.7,node_504203,2.0136862856,1.0182169812956092,25
2021-03,node_272415,B.1.1.7,2.0489795776,35,23,142.272,14772312,116,10,0.717341902198795,B.1.1,node_243868,1.2120515371,B.1.1.7,node_250717,2.0489304554,1.0000239745570039,40
2021-04,node_331952,B.1.1.7,2.0527422008,38,25,138.146,22542204,108,6,0.7191765582084826,B.1.1.7,node_488879,2.0523048544,B.1.1.7,node_331932,2.0513930299,1.0002131001147623,21
2021-02,node_475714,B.1.1.7,2.1812323698,38,25,142.19,11253786,96,8,0.7798900243227552,B.1.1,node_248418,1.7439352624,B.1.1.7,node_475711,2.181281492,0.9999774801188291,31
2021-02,node_380944,B.1.1.7,1.9876605689,32,23,142.19,11253786,96,12,0.6869583536667112,B.1.1,node_235458,1.5580711917999999,B.1.1.7,node_380753,2.0243438543,0.9818789256963043,28
2021-02,node_217533,C.37,2.2704327641999997,33,26,142.19,11253786,96,5,0.8199704583448848,C.37,node_217532,2.2704327641999997,B.1,node_29108,1.2263369361,1.0,30
2021-03,node_500725,B.1.1.7,2.0501304693,40,25,142.272,14772312,116,9,0.7179034346861269,B.1.1.7,node_431339,2.0511436178,B.1.1.7,node_500724,2.0501304693,0.9995060567718379,18
2021-01,node_2469750,B.1.1,1.9247885324,25,19,139.046,19546070,91,20,0.6548161084067308,B.1.526,node_3567433,1.5439499480999999,B.1.1,node_2469749,1.9280469417,0.9983099948297282,14
2021-01,node_247905,B.1.1,1.9813824226999999,27,19,139.046,19546070,91,20,0.683794794365733,B.1.1,node_247904,1.9536768200999999,B.1.617.2,node_2575519,2.5405653632000003,0.7798982271427669,11
2021-02,node_383582,B.1.1.7,2.0228295945,34,18,142.19,11253786,96,12,0.7044973205793917,B.1.1,node_248218,2.0122467734000002,B.1.1.7,node_383490,2.0232661712000004,0.999784221816084,19
2021-01,node_3564536,B.1.526,2.0265512207,24,21,139.046,19546070,91,15,0.7063354422170911,AY.54,node_2556511,3.1482148365000002,B.1.526,node_3564514,2.0265512207,0.643714398777499,46
2021-03,node_2474685,B.1.617.2,2.8042034805,23,19,142.272,14772312,116,5,1.0311195344780772,B.1.351,node_15503,1.9581723003000002,B.1.617.2,node_2474684,2.8040734053,1.0000463879439654,25
2021-03,node_3536423,B.1.429,1.523732171,29,16,142.272,14772312,116,9,0.42116270100658,B.1.1.7,node_347046,2.0580027503,B.1.429,node_3536422,1.4894432888,0.7403936514554618,55
2021-03,node_439574,B.1.1.7,2.0501394692000003,37,25,142.272,14772312,116,10,0.7179078245922235,B.1.1.7,node_439488,2.0517949489000005,B.1.1.7,node_312751,2.04657015,0.9991931553877312,12
2020-12,node_249226,B.1.1.7_dropout,1.9719422622999998,23,17,126.668,20356383,69,12,0.679018976999277,B.1.1,node_239926,1.9642229236,B.1.1.7_dropout,node_249225,2.0086255477,0.9817371209671186,12
2021-01,node_338667,B.1.1.7,2.0531387365000002,29,20,139.046,19546070,91,24,0.7193697132011814,B.1.1.7,node_340967,2.0529513552000003,B.1.1.7,node_337967,2.0535753132,0.9997874065308472,9
2021-03,node_425990,B.1.1.7,2.2602423098999997,36,28,142.272,14772312,116,12,0.8154720243067989,B.1.1,node_239878,1.6346063475000001,B.1.1.7,node_425988,2.2969255953,0.9840293976108491,25
2021-01,node_416784,B.1.1.7,1.6354666587000002,31,20,139.046,19546070,91,12,0.4919281817903387,B.1.1,node_240452,2.0071451567,B.1.1.7,node_416783,1.6213007387,0.8148223127962074,30
2021-02,node_352273,B.1.1.7,2.0271377080999997,33,24,142.19,11253786,96,6,0.7066248020640814,C.37,node_217489,2.3271271651,B.1.1.7,node_359518,2.0638209935000003,0.8710902173723243,36
2021-04,node_414576,B.1.1.7,2.0149337466,32,22,138.146,22542204,108,8,0.7005863147588285,B.1.1,node_240247,1.9301890876,B.1.1.7,node_414544,2.0516170320000002,0.9821198182566072,18
2021-03,node_330121,B.1.1.7,2.0537153378,31,20,142.272,14772312,116,5,0.7196505127101762,B.1.1,node_248218,2.0122467734000002,B.1.1.7,node_330117,2.0541519145000002,0.9997874662059225,14
2021-04,node_520807,B.1.1.7,2.0143543089,34,24,138.146,22542204,108,7,0.7002987018128125,B.1.1,node_239878,1.6346063475000001,B.1.1.7,node_520806,2.0501331933,0.982548019554569,21
2021-02,node_179053,B.1.1.519,1.7218978475999998,35,22,142.19,11253786,96,13,0.5434270822947028,B.1.389,node_103590,1.224644526,B.1.1.519,node_179052,1.7218978475999998,1.0,49
2021-02,node_242813,B.1.1,1.9437580488,25,18,142.19,11253786,96,11,0.6646232377985701,B.1.1.7,node_299607,2.0484470762000004,B.1.1,node_242812,1.8905857138,0.9488934673410233,29
2021-01,node_410020,B.1.1.7,2.0511655816000003,36,24,139.046,19546070,91,8,0.7184082079622486,Q.3,node_364688,2.0248054873,B.1.1.7,node_277481,2.0134387633,1.0130185810268375,23
2020-10,node_5272,B.1,1.9402269117,12,7,102.606,12122070,42,14,0.662804931029203,B.1,node_5271,1.929208875,B.1.1,node_2421460,2.1371315407,0.9078649932163251,18
2021-03,node_73168,B.1,1.9986162886999999,34,27,142.272,14772312,116,7,0.6924550854673789,B.1.351,node_15371,1.9601631788000002,B.1,node_73167,1.64336651,1.0196173003941134,17
2021-02,node_333685,B.1.1.7,2.0534015938000003,34,24,142.19,11253786,96,7,0.7194977320585244,B.1.1.7,node_333605,2.0534606441000003,B.1.1.7,node_483864,2.050071419,0.9999712435199721,9
2020-10,node_3625462,B.1.243,1.2813486001,22,13,102.606,12122070,42,19,0.2479131171192165,B.1.565,node_4518,1.2355869769,B.1.243,node_3625106,1.2813486001,1.0,28
2020-12,node_75476,B.1.525,1.8387010705,34,22,126.668,20356383,69,27,0.6090593823823078,B.1.1.7,node_520907,2.4176064937,B.1.525,node_75475,1.8344912154,0.7605460505220515,63
2021-03,node_481843,B.1.1.7,2.0670834817,42,29,142.272,14772312,116,8,0.726138667740861,B.1.1.7,node_410088,2.0508268322000003,B.1.1.7,node_481841,2.067142532,0.9999714338517611,16
2021-03,node_190762,B.1.1.317,1.3776821962999999,23,17,142.272,14772312,116,6,0.3204025192150827,B.1.1.317,node_189852,1.3883361973000001,B.1.1.317,node_190761,1.3641146063,0.9923260655302946,21
2021-02,node_522214,B.1.1.7,2.0490865156,38,24,142.19,11253786,96,6,0.717394091693836,B.1.1.7,node_322594,2.0467714271000004,B.1.1.7,node_522213,2.0490865156,1.0,15
2021-03,node_301967,B.1.1.7,2.2940961290999997,42,23,142.272,14772312,116,6,0.8303389224063643,P.1.16,node_2444677,2.3145106673,B.1.1.7,node_302288,2.2940961290999997,0.9911797605911167,66
2021-03,node_380947,B.1.1.7,1.9872239922000001,29,20,142.272,14772312,116,7,0.6867386860537054,B.1,node_171370,1.9107087479,B.1.1.7,node_380753,2.0243438543,0.9816632623844255,21
2021-02,node_504008,B.1.1.7,2.0125228791,41,26,142.19,11253786,96,7,0.6993890987428549,B.1.1.7,node_503957,2.0125228791,B.1.1.7,node_511838,2.0501331933,0.98165469720557,14
2020-11,node_240445,B.1.1,1.4563807381,19,14,113.534,17266494,43,36,0.37595441153819026,B.1.637,node_3572183,1.6492088749,B.1.1,node_240444,1.4563482645999999,0.8830784021752902,18
2020-12,node_326088,B.1.1.7,2.053591367,32,21,126.668,20356383,69,56,0.7195901467287935,B.1.1.7,node_496978,2.0505393084000003,B.1.1.7,node_262074,2.053591367,1.0,10
2020-10,node_73579,B.1.525,1.8459726485,27,17,102.606,12122070,42,24,0.6130063193403406,B.1.1.7,node_267600,2.051415361,B.1.525,node_73242,1.83888248,0.8998531860462168,47
2021-03,node_280461,B.1.1.7,2.049207544,43,27,142.272,14772312,116,5,0.717453154512792,Q.2,node_504657,2.0479859308000004,B.1.1.7,node_280460,2.0488929394,1.0001535485793085,17
2021-03,node_350621,B.1.1.7,2.0209275442,32,23,142.272,14772312,116,5,0.7035565863191316,B.1.1,node_235458,1.5580711917999999,B.1.1.7,node_350401,2.0576108296,0.9821719030283625,28
2020-12,node_235427,B.1.1,1.8816853927000001,26,20,126.668,20356383,69,17,0.6321678607174775,B.1.1,node_235426,1.8443165543000002,B.1.1,node_249076,1.9926609913000002,0.9443078380695352,21
2021-02,node_504174,B.1.1.7,2.0125201551,39,24,142.19,11253786,96,19,0.6993877452169537,B.1.1.7,node_504091,2.0125201551,B.1.1.7,node_250272,2.0488929394,0.9822475915649104,13
2021-02,node_75910,B.1.525,1.8444652606999998,32,19,142.19,11253786,96,10,0.6121894038842793,B.1,node_76561,1.8351026695,B.1.525,node_73901,1.8438018773000002,1.0003597910427182,11
2021-01,node_247026,B.1.1,1.8477527553,25,18,139.046,19546070,91,21,0.6139701738466776,B.1.1.7,node_285612,2.0430847964000005,B.1.1,node_247025,1.567449733,0.9043935712094849,31
2021-02,node_44273,B.1.177.83,1.9384097032,32,16,142.19,11253786,96,7,0.6618678962856113,B.1.1,node_239889,1.4367640726,B.1.177.83,node_44272,1.8884115016,1.026476327621198,32
2021-04,node_393056,B.1.1.7,2.0122096540000003,30,20,138.146,22542204,108,6,0.699233448598128,B.1.1,node_235458,1.5580711917999999,B.1.1.7,node_393055,2.0488929394,0.9820960457744844,26
2021-02,node_504144,B.1.1.7,2.0125201551,40,23,142.19,11253786,96,19,0.6993877452169537,B.1.1.7,node_504143,2.0125201551,B.1.1.7,node_400033,2.0491726385,0.9821135209833615,10
2021-02,node_357258,B.1.1.7,1.9575369772,46,30,142.19,11253786,96,5,0.6716870387171785,B.1.1.7,node_342523,1.9470443581999999,B.1.1.7,node_357257,2.0640679322,0.9483878639176118,20
2021-01,node_16545,B.1.351,1.6331594337000002,22,17,139.046,19546070,91,6,0.49051644161696234,B.1.351,node_16535,1.5948446168000001,B.1,node_13904,1.2655729372,1.0240241691863858,24
2021-03,node_471991,B.1.1.7,2.0054621384999995,32,22,142.272,14772312,116,7,0.6958745272165542,B.1,node_13910,1.2329905279,B.1.1.7,node_471970,2.0421454239,0.9820368887687027,27
2021-03,node_355886,B.1.1.7,2.0271591879999997,36,27,142.272,14772312,116,5,0.7066353981800299,B.1.1.7,node_356944,2.0286800122999997,B.1.1.7,node_355877,2.0637270757,0.9822806571030731,14
2021-03,node_462090,B.1.1.7,2.0082950869,30,20,142.272,14772312,116,5,0.6972861466600524,B.1.1.7,node_291940,2.0233663715,B.1.1.7,node_462089,2.0336853613,0.9875151412882426,13
2021-03,node_310312,B.1.1.7,2.0445637949,35,22,142.272,14772312,116,5,0.7151844635150124,B.1.1.7,node_443438,2.0510714320000005,B.1.1.7,node_310167,2.0445637949,0.9968272011405986,16
2021-02,node_3573334,B.1.637,2.0710441293,31,23,142.19,11253786,96,8,0.7280528903950254,B.1.637,node_3572535,2.0759176166,B.1.637,node_3573321,2.1775750843,0.9510781714173383,13
2020-08,node_240214,B.1.1,1.5444754511,13,11,81.8903,7941296,18,14,0.43468433885070007,B.1.1.519,node_183666,1.7793609881,B.1.1,node_240152,1.6089752971,0.8679944437520738,20
2021-02,node_513439,B.1.1.7,2.0504128924000002,38,22,142.19,11253786,96,8,0.7180411837966886,B.1.1.7,node_276538,2.0496493335000006,B.1.1.7,node_513420,2.0501331933,1.0001364297212074,15
2021-03,node_484803,B.1.1.7,2.0508239004,34,24,142.272,14772312,116,5,0.7182416150432323,B.1.1.7,node_417687,2.0691492410000003,B.1.1.7,node_484798,2.0507648501,0.9911435384954912,17
2021-02,node_390676,B.1.1.7,2.0539065538,37,25,142.19,11253786,96,7,0.7197436157294824,B.1.1.7,node_388664,2.2844742249,B.1.1.7,node_390675,2.0497582129000005,0.8990718877075128,10
2021-03,node_472219,B.1.1.7,2.0500723299000003,41,25,142.272,14772312,116,6,0.7178750754059396,B.1.1.7,node_299156,2.0488929394,B.1.1.7,node_472218,2.0500723299000003,1.0,24
2020-05,node_12112,B.1,1.726978408,14,12,63.8522,2901229,11,326,0.5463732964807086,B.1,node_12111,1.6409114404,XB,node_12372,2.3142448102,0.7462384274940871,17
2021-01,node_177923,B.1.1,1.6965422645000001,26,18,139.046,19546070,91,14,0.5285922176933981,B.1.1,node_177922,1.6829109445000001,B.1,node_13903,1.2399682561,1.0080998463077022,21
2021-01,node_392274,B.1.1.7,1.9998764315000002,27,18,139.046,19546070,91,7,0.69308539440122,B.1.1.7,node_259234,2.0501304693,P.1,node_2461830,1.7342271281,0.9754873952889649,33
2021-02,node_413463,B.1.1.7,1.9712268897,27,17,142.19,11253786,96,5,0.6786561355485189,C.37,node_217489,2.3271271651,B.1.1.7,node_413462,1.9911861854,0.8470645348748244,28
2021-01,node_73289,B.1.525,1.7481296297,22,9,139.046,19546070,91,7,0.5585464333509877,B.1.525,node_74777,1.8415555608999998,B.1.525,node_73285,1.7481296297,0.9492679269723793,16
2021-03,node_3572535,B.1.637,2.0759176166,33,27,142.272,14772312,116,5,0.7304032807975328,B.1.637,node_3573334,2.0710441293,B.1.637,node_3572534,2.1824485716,0.951187415645767,13
2021-03,node_425400,B.1.1.7,2.0550638644,40,27,142.272,14772312,116,7,0.7203069250322104,B.1.1.7,node_425643,2.0569620938,B.1.1.7,node_425399,2.0547841653,0.999077168507032,7
2021-03,node_504243,B.1.1.7,2.0146910151000004,42,25,142.272,14772312,116,5,0.7004658412583674,B.1.1.7,node_504059,2.0153361480000003,B.1.1.7,node_430864,2.0510637994000005,0.9822663808358179,24
2021-03,node_343765,B.1.1.7,2.0434114752,34,23,142.272,14772312,116,5,0.7146207028978931,B.1.1,node_248218,2.0122467734000002,B.1.1.7,node_343751,2.0438480519000004,0.9997863947373219,17
2021-02,node_382379,B.1.1.7,2.0484563627,33,19,142.19,11253786,96,6,0.7170865157032076,B.1.1,node_248218,2.0122467734000002,B.1.1.7,node_382374,2.0488929394,0.9997869206869697,16
2021-02,node_248289,B.1.1,1.4039020382,16,11,142.19,11253786,96,5,0.33925552980752177,B.1.1,node_235438,1.6583073414,B.1.1,node_248057,1.9841704846000001,0.7075511147334804,27
2021-02,node_510631,B.1.1.7,2.0504563951000003,35,23,142.19,11253786,96,17,0.7180624001276428,B.1.1.7,node_491846,2.0495205473,B.1.36.1,node_102013,1.2608115937,1.0004566179154597,44
2021-01,node_248282,B.1.1,1.4057895440000001,19,14,139.046,19546070,91,14,0.34059909797414745,B.1.1,node_193835,1.3016764754,B.1.1,node_248249,1.392020883,1.00989113106574,29
2021-02,node_504086,B.1.1.7,2.0125242586,37,22,142.19,11253786,96,5,0.6993897842006659,B.1.1.7,node_317116,2.0491562873,B.1.1.7,node_504081,2.0125201551,0.9821233602692808,18
2021-03,node_498053,B.1.1.7,2.0504100832,39,24,142.272,14772312,116,6,0.7180398137302327,B.1.1.7,node_313472,2.0479473585,B.1.1.7,node_498052,2.0501303841,1.0001364299081508,14
2020-12,node_523986,B.1.1.7,2.0488929394,32,22,126.668,20356383,69,23,0.7172996177208599,B.1.1.7,node_388737,2.0508728352,B.1.1,node_247816,1.3998298058,0.9990346082087499,18
2021-02,node_317128,B.1.1.7,2.0496980719,36,22,142.19,11253786,96,15,0.7176925003032579,B.1.1.7,node_495022,2.0508952068000004,B.1.1.7,node_317127,2.0488929394,0.9994162866556852,11
2021-02,node_240257,B.1.1,1.9594555175,32,22,142.19,11253786,96,6,0.6726666374557603,Q.3,node_364682,2.0540507883,B.1.1,node_240256,1.9338508364,0.9539469659957677,29
2021-03,node_390929,B.1.1.7,2.0953133200000003,36,23,142.272,14772312,116,11,0.7397030982776235,BA.1.1,node_879411,5.787883973600002,B.1.1.7,node_390829,2.048897459,0.36201716025360087,74
2020-12,node_3542804,B.1.429,1.6129016982,27,15,126.668,20356383,69,25,0.47803485382655125,B.1.429,node_3536045,1.6253031149,B.1.429,node_3542803,1.6129016982,0.9923697822355044,17
2020-12,node_2469748,B.1.1,1.9280469417,20,16,126.668,20356383,69,24,0.6565075432467335,B.1.1,node_240441,1.3319709523999999,B.1.526,node_3561507,2.0179339147,0.9554559382023354,22
2021-01,node_248285,B.1.1,1.4724480542,23,16,139.046,19546070,91,6,0.3869263586378153,B.1.1,node_248275,1.8085027177000002,B.1.1,node_248284,1.4057931265999999,0.8141807251871955,16
2021-02,node_268456,B.1.1.7,1.6359530371,30,18,142.19,11253786,96,6,0.49222553183943685,B.1.1.519,node_183667,1.8293591896999999,B.1.1.7,node_262499,2.0475979836000002,0.7989620278018327,22
2020-11,node_240307,B.1.1,1.7076729812000002,21,15,113.534,17266494,43,12,0.5351316140373406,B.1.1.7,node_382551,1.7607511390000001,B.1.1,node_235458,1.5580711917999999,0.9698548212610301,22
2021-01,node_349943,B.1.1.7,2.0215336145,34,25,139.046,19546070,91,6,0.7038564384541295,B.1.1,node_235458,1.5580711917999999,B.1.1.7,node_349942,2.0582168999,0.9821771527569411,30
2020-12,node_125514,B.1.2,1.4695289099,81,60,126.668,20356383,69,17,0.3849418799735531,B.1.2,node_125508,1.328401935,B.1.1.519,node_181803,1.7213280578,0.8537180947240119,50
2020-09,node_2452669,P.1,1.9367199904999999,24,18,89.5443,8498335,32,5,0.6609958156376597,B.1.1.1,node_213069,2.1552997869,P.1,node_2452666,2.3127080979,0.8374251779801319,30
2021-02,node_268457,B.1.1.7,1.6359530371,31,18,142.19,11253786,96,5,0.49222553183943685,B.1.1.7,node_268456,1.6359530371,B.1.1.519,node_180614,1.7224501874999998,0.9497824952920446,25
2021-01,node_30489,B.1,1.711794845,25,18,139.046,19546070,91,8,0.5375424370109021,B.1.1,node_239889,1.4367640726,B.1,node_30488,1.7113582683000002,1.0002551053792106,18
2021-03,node_304243,B.1.1.7,2.0496460946,44,25,142.272,14772312,116,5,0.7176671414663847,B.1.1.7,node_304835,2.0494501576,B.1.1.7,node_304186,2.0493663955,1.000095604667073,11
2021-02,node_315306,B.1.1.7,2.0484703319,33,21,142.19,11253786,96,15,0.7170933350588081,B.1.1.7,node_315296,2.0457811783000004,B.1.1.7,node_350923,2.0576108296,0.9955577130677441,11
2021-02,node_37608,B.1.177,1.3569783915,27,13,142.19,11253786,96,12,0.3052604569971346,B.1.617.2,node_3518838,3.3943397068000003,B.1.177,node_37606,1.3569783915,0.3997768369446103,54
2021-02,node_360952,B.1.1.7,1.947060412,37,24,142.19,11253786,96,8,0.666320754157284,B.1.1.7,node_309108,1.9423302897,B.1.1.7,node_360936,2.053591367,0.948124560361964,11
2021-02,node_123562,B.1.2,1.3150521470999998,26,17,142.19,11253786,96,12,0.2738763204328193,B.1.2,node_107033,1.4038422847,B.1.2,node_123541,1.3171756506999999,0.9367520564327676,21
2020-12,node_248864,B.1.1,2.1732868524000004,26,21,126.668,20356383,69,6,0.7762407001092331,B.1.1.1,node_213055,1.8220188111,B.1.1,node_248863,2.1874796957000004,0.9935117828394479,29
2021-01,node_385691,B.1.1.7,2.0122096540000003,31,20,139.046,19546070,91,10,0.699233448598128,C.37,node_217489,2.3271271651,B.1.1.7,node_385686,2.0488929394,0.8646754179046047,33
2020-12,node_128342,B.1.2,1.31734747,22,16,126.668,20356383,69,22,0.27562022243523565,B.1.595,node_3580755,1.3114030596,B.1.2,node_126796,1.3172131575,1.0001019671715512,13
2021-02,node_489867,B.1.1.7,2.0494231745000002,34,24,142.19,11253786,96,14,0.7175583752633347,AY.103,node_2807105,3.3943587704000002,B.1.1.7,node_489862,2.0501795915,0.603773293610472,65
2020-10,node_47346,B.1.177,1.3534300636999999,24,12,102.606,12122070,42,40,0.30264215803166367,B.1.1.7_dropout,node_524593,1.9646089801,B.1.177,node_47341,1.3463360369,0.6889055671684394,17
2020-11,node_30485,B.1,1.6872300466999999,20,13,113.534,17266494,43,26,0.5230881586416846,B.1.177.86,node_62707,1.3596493155,B.1,node_30448,2.0371735581,0.8282210614757929,21
2020-12,node_80389,B.1,2.2300457351,12,10,126.668,20356383,69,5,0.8020220942751733,B.1.617.2,node_2569603,2.5270121480000003,B.1,node_80387,1.2604856679,0.8824831874532009,16
2020-12,node_239818,B.1.1,1.7369846786,24,17,126.668,20356383,69,24,0.5521506666098186,B.1.1,node_247996,1.3174225366,B.1.1,node_239817,1.6642990317000002,1.043673429783682,14
2021-02,node_491103,B.1.1.7,2.0134471839000003,30,20,142.19,11253786,96,5,0.6998482699745215,B.1.1,node_235458,1.5580711917999999,B.1.1.7,node_491096,2.0501304693,0.9821068532226025,26
2021-03,node_3531375,B.1.429,1.611885524,27,15,142.272,14772312,116,5,0.47740462667442257,B.1.429,node_3535238,1.6113825225,B.1.429,node_3531374,1.6114489473,1.0002709218313939,9
2021-02,node_368560,B.1.1.7,2.0169080816,30,19,142.19,11253786,96,8,0.7015656860942815,B.1.1,node_235458,1.5580711917999999,B.1.1.7,node_368470,2.053591367,0.9821370083700784,26
2020-10,node_235424,B.1.1,1.8081069650000001,20,17,102.606,12122070,42,20,0.5922804222775014,B.1.1,node_248774,2.0467183099,B.1.1,node_235423,1.4142552031,0.8834175940353716,31
2021-02,node_3536820,B.1.429,1.8594584922000001,32,21,142.19,11253786,96,5,0.6202853121117988,B.1.1.7,node_407445,2.0592577197,B.1.429,node_3536818,1.8176670354,0.9029751227402913,36
2020-12,node_235336,B.1.1,1.2633058502,19,15,126.668,20356383,69,5,0.23373197573049076,B.1.2,node_116208,1.3151142347,B.1.1,node_235306,1.265478476,0.9606054112007857,15
2021-01,node_249081,B.1.1,2.0105781225,25,19,139.046,19546070,91,5,0.6984223038497088,B.1.1,node_248989,2.0096569383,B.1.351,node_17023,1.9987311476,1.000458378831951,32
2021-03,node_485689,B.1.1.7,2.0134471839000003,32,21,142.272,14772312,116,5,0.6998482699745215,B.1.1.7,node_406821,2.0138631005,B.1.1.7,node_485646,2.050071419,0.982135141848929,16
2021-02,node_377507,B.1.1.7,2.0122682959000002,30,19,142.19,11253786,96,5,0.69926259121028,B.1.1.7,node_376556,2.0122191198,B.1.1.7,node_377506,2.0489515813,0.9820965581935689,11
2021-02,node_126017,B.1.2,1.4432956116,25,16,142.19,11253786,96,5,0.3669291178546443,B.1.2,node_107033,1.4038422847,B.1.2,node_126014,1.4454191152,0.9985308734486287,22
2020-12,node_3636265,A.28,1.0650811565,25,14,126.668,20356383,69,18,0.0630509995444505,B.1.1.7,node_504648,2.049207544,A.28,node_3636264,1.0647665519,0.5197527012910509,52
2020-11,node_73612,B.1.525,1.7531320226,24,11,113.534,17266494,43,5,0.5614039154820418,B.1.1,node_248211,1.6387462086000002,B.1.525,node_73600,1.7164487372,1.0213716172262974,25
2021-01,node_347830,Q.4,1.8486017034,31,24,139.046,19546070,91,5,0.614429517302189,B.1.1,node_240281,1.9497098306,Q.4,node_347775,1.8852849888,0.948141961632883,17
2021-01,node_288046,B.1.1.7,2.0484563627,29,18,139.046,19546070,91,5,0.7170865157032076,B.1,node_13910,1.2329905279,B.1.1.7,node_287825,2.0488929394,0.9997869206869697,24
2021-02,node_238523,B.1.1.347,1.3625735977,34,18,142.19,11253786,96,5,0.30937526275696525,B.1.1.519,node_179053,1.7218978475999998,B.1.1.347,node_238521,1.3625735977,0.7913208089545904,47
2020-12,node_240437,B.1.1,1.3757069117,20,16,126.668,20356383,69,5,0.31896771660536055,B.1.1,node_240436,1.3190251854000001,B.1.1,node_2469754,1.8348957343999999,0.74974664004538,22
2021-02,node_280499,B.1.1.7,2.0117730773,29,20,142.19,11253786,96,6,0.6990164612346796,B.1,node_171362,1.9332184837,B.1.1.7,node_280454,2.0488929394,0.981882966461454,23
2021-02,node_177689,R.1,1.594700974,22,15,142.19,11253786,96,5,0.46668624154478916,B.1.1,node_175277,1.6031124429,R.1,node_177687,1.5983066581999998,0.9947530387295953,12
2021-02,node_240395,B.1.1,1.941491447,20,14,142.19,11253786,96,5,0.6634564648231983,B.1.1,node_240394,1.9346176542999998,B.1.1,node_174626,1.2242256257,1.003553049712289,14
2021-02,node_352769,B.1.1.7,2.0638585485,35,21,142.19,11253786,96,7,0.7245773125673548,B.1.1,node_248218,2.0122467734000002,B.1.1.7,node_352754,2.0642951252,0.999788510521257,18
2021-01,node_3621310,B.1.243,1.5742742946,22,12,139.046,19546070,91,9,0.45379440075929794,B.1.1.7,node_255209,2.0486375178000005,B.1.243,node_3621302,1.524276093,0.7684494113388045,38
2020-12,node_3530779,B.1.429,1.6128265795,27,13,126.668,20356383,69,24,0.47798827910385516,B.1.1.7,node_346428,2.0579190726,B.1.429,node_3530778,1.6128265795,0.7837172029618907,50
2020-10,node_3495,B,1.052316004,11,9,102.606,12122070,42,30,0.050993453239685994,B.1.1.7,node_455965,2.0069871683000002,B,node_3493,1.0516858511,0.5243262242136577,24
2021-01,node_236857,B.1.560,1.5737194377,15,9,139.046,19546070,91,5,0.4534418861401914,B.1.560,node_236853,1.5738998261,B.1.560,node_236847,1.5714668608,0.9998853876231456,9
2021-01,node_3536043,B.1.429,1.6253031149,34,20,139.046,19546070,91,11,0.48569433063287826,B.1.429,node_3542806,1.6128265795,B.1.429,node_3536055,1.6253031149,1.0,13
2020-12,node_316959,B.1.1.7,2.049286275,34,22,126.668,20356383,69,19,0.7174915739924772,B.1.1.7,node_254165,2.1078109647000005,B.1.1.7,node_316749,2.0492713773,0.9722343745809624,11
2021-01,node_3589872,B.1.311,1.2260955332,24,18,139.046,19546070,91,11,0.2038347571535728,B.1.1.220,node_192742,1.2268016449,B.1.311,node_3589871,1.2253937386,0.9994244287958568,27
2021-01,node_103590,B.1.389,1.224644526,27,13,139.046,19546070,91,6,0.20265061902835538,B.1.1.519,node_179053,1.7218978475999998,B.1.389,node_103589,1.224644526,0.7112178737588429,49
2020-10,node_171494,B.1,1.6315642361,20,15,102.606,12122070,42,16,0.4895392086941852,B.1.1.7,node_416780,1.7009423711,B.1,node_76766,1.6411474990000001,0.959211942639107,23
2020-11,node_248410,B.1.1,1.3499135654,17,8,113.534,17266494,43,25,0.3000405647709804,B,node_3632836,1.3494424191,B.1.1,node_249161,1.3777408779,0.9798022161159831,14
2021-01,node_16546,B.1.351,1.6349430844000001,19,15,139.046,19546070,91,5,0.4916079929787821,B.1.351,node_18387,1.5966282675,B.1.1,node_248179,2.0430403008000004,0.8002500409609149,35
2021-02,node_369938,B.1.1.7,2.053591367,38,26,142.19,11253786,96,5,0.7195901467287935,BA.1.1,node_779189,5.741468112600002,B.1.1.7,node_369838,2.053591367,0.35767704822626617,79
2020-11,node_171640,B.1,1.8182154832000001,20,16,113.534,17266494,43,14,0.597855516344206,B.1.429,node_3531621,1.6624425056,B.1,node_171639,1.9249069066,0.9445732034966559,25
2020-12,node_8034,B.1.214,1.2616462055,26,19,126.668,20356383,69,8,0.23241738052044347,B.1.214,node_8023,1.2616462055,B.1.214,node_7890,1.2254654328,1.0,7
2021-01,node_392252,B.1.1.7,2.0217990548,28,20,139.046,19546070,91,5,0.7039877362335069,B.1.1.7,node_392205,2.0508858825000003,B.1.1,node_240578,1.9221651831999997,0.9858174323846124,31
2021-02,node_173406,B.1,1.8270171279,19,15,142.19,11253786,96,42,0.6026846522287731,BA.1.1,node_811711,5.741468112600002,B.1,node_173405,1.8250707131000001,0.31821427761490123,63
2020-12,node_82640,B.1.160,1.3155269461999999,29,17,126.668,20356383,69,39,0.27423730490681986,B.1.160,node_83371,1.2519761695,B.1.160,node_82649,1.3138890581,1.0012465954335357,15
2020-08,node_14364,B.1,1.6254358038,10,5,81.8903,7941296,18,16,0.48577596677985435,B.1,node_13924,1.5270067276,B.1,node_171373,1.9314458919000002,0.841564245012853,12
2021-01,node_3605785,B.1.258.14,1.4595966925,19,12,139.046,19546070,91,6,0.37816015954579846,B.1.258.14,node_3605784,1.4339920114,B.1.258,node_3595475,1.3474097245999999,1.0178555256210962,10
2021-01,node_120132,B.1.2,1.3159616065,24,18,139.046,19546070,91,6,0.2745676580854473,B.1.2,node_107033,1.4038422847,B.1.2,node_120126,1.3180851101,0.9373998923114215,20
2021-01,node_487976,B.1.1.7,2.0500863167000003,38,26,139.046,19546070,91,11,0.7178818979712136,B.1.1.7,node_254165,2.1078109647000005,B.1.1.7,node_487952,2.050071419,0.9726139350412687,15
2020-08,node_174800,B.1.1,1.9915752057999998,13,10,81.8903,7941296,18,8,0.6889258863209691,P.1.15,node_2453763,1.1591611722,B.1.1,node_174529,1.2240843592,1.6269917925440966,20
2020-11,node_7802,B.1.214.3,1.2770589237,18,13,113.534,17266494,43,8,0.24455971827248899,B.1.214,node_7772,1.2314367731,B.1.214.3,node_7778,1.3137422091,0.9720772575122403,8
2020-08,node_3633169,B,1.3646871389,13,9,81.8903,7941296,18,218,0.3109252000950059,B.1,node_3576870,1.3637559468,A,node_3637842,0.9747302717,1.0006828143277284,16
2020-12,node_3544352,B.1,1.7413112377000002,17,10,126.668,20356383,69,5,0.5546384143089763,B.1.1,node_247956,1.860450885,B.1,node_3544351,1.7413112377000002,0.9359619497291917,20
2020-12,node_203693,P.2,1.5681072394,30,19,126.668,20356383,69,6,0.44986931206404723,P.2,node_204319,1.5681249164,P.2,node_203684,1.5681029189,0.9999887273011129,12
2020-12,node_3625141,B.1.243,1.3954502005,24,16,126.668,20356383,69,7,0.33321708758177976,B.1.1.7,node_289093,2.0503379784,B.1.243,node_3625139,1.3454519989,0.6805952068394853,49
2020-12,node_292725,B.1.1.7,2.0500011164000003,39,25,126.668,20356383,69,12,0.7178403377355345,B.1.1.7,node_250200,2.0489420616,B.1.1.7,node_292724,2.0499519942,1.000023962609924,15
2020-12,node_3510,B,1.1252088787,16,11,126.668,20356383,69,10,0.11796868837740614,B.1.1.7,node_446980,2.0436704537000003,B,node_3498,1.0885255933,0.5505823488629711,16
2020-09,node_125508,B.1.2,1.328401935,40,30,89.5443,8498335,32,23,0.28397666715896,B.1.177.75,node_38439,0.9998070797,B.1.2,node_125507,1.3171261659,1.0085608876293906,35
2020-10,node_193778,B.1.1,1.4059061980999998,13,11,102.606,12122070,42,5,0.3406820757290446,C.37,node_215407,2.2916527386,B.1.1,node_193776,1.2267735128,0.6134900695988024,20
2020-10,node_524659,B.1.1,1.6928716341999999,23,15,102.606,12122070,42,11,0.5264262787761076,B,node_3429,1.0470504164,B.1.1,node_524658,1.6919326162,1.0005549972800387,23
2021-01,node_309108,B.1.1.7,1.9423302897,35,22,139.046,19546070,91,9,0.6638884324931443,B.1.1.7,node_266685,1.9430779085000003,B.1.1.7,node_309039,2.0488929394,0.9479901327927823,9
2020-12,node_121215,B.1.2,1.3677519078000002,28,21,126.668,20356383,69,15,0.3131684488063749,B.1.2,node_107033,1.4038422847,B.1.2,node_121214,1.3698754114,0.9742917154630997,25
2020-04,node_245887,B.1.1.10,1.2263056367,13,7,59.1907,2412716,4,378,0.2040061022851057,B.1.1.10,node_245886,1.2267735128,B.1.1.7,node_392250,2.0108335501,0.6098494013286256,30
2020-12,node_3580755,B.1.595,1.3114030596,17,14,126.668,20356383,69,9,0.2710976019238124,B.1.2,node_128342,1.31734747,B.1.595,node_3580657,1.3112687471,0.9954875911364522,11
2020-11,node_3600508,B.1.258,1.4514484777999999,27,17,113.534,17266494,43,10,0.3725620080206574,B.1.258,node_3600503,1.4122124767,B.1,node_13904,1.2655729372,1.0277833553713425,23
2021-01,node_244517,B.1.1,1.2244038456,21,10,139.046,19546070,91,8,0.20245406888784695,BA.1.1,node_691208,5.738778959000001,B.1.1,node_244516,1.2270929992,0.213356160665466,63
2020-10,node_132655,B.1.2,1.3164763752,20,17,102.606,12122070,42,7,0.2749587546355958,B.1.2,node_113350,1.3174529616,B.1.2,node_130772,1.3165354255000001,0.9992587314853245,14
2020-12,node_3605784,B.1.258.14,1.4339920114,20,12,126.668,20356383,69,7,0.3604621713111443,B.1.1,node_248813,1.7048740559,B.1.258.14,node_3605781,1.3815994066,0.8411131640119881,29
2020-09,node_248943,B.1.1,1.4506062293,18,11,89.5443,8498335,32,12,0.3719815582299716,B.1.1,node_248855,1.3635406347,B.1.1,node_2418157,1.3572711505,1.0638525852360503,15
2020-10,node_3576609,B.1,1.8898501939999999,13,11,102.606,12122070,42,6,0.6364975634962557,B.1.1,node_248902,1.3456243849,B.1,node_3575776,1.8522450584999999,1.0203024623158956,22
2020-11,node_93396,B.1.160,1.0009168868,8,3,113.534,17266494,43,13,0.0009164667160580131,B,node_3632244,0.9997855933,B.1,node_29450,1.0258669632,0.9756790331543841,11
2020-11,node_3601721,B.1.258.17,1.2950395358,25,14,113.534,17266494,43,5,0.25854122426077264,B.1.258.17,node_3600618,1.3211826986,B.1.258.17,node_3601646,1.2950395358,0.9802123030919927,14
2020-12,node_261310,B.1.1.7,2.0488929394,31,19,126.668,20356383,69,11,0.7172996177208599,B.1.1.7,node_420707,2.0511655816000003,B.1.1,node_247816,1.3998298058,0.9988920240177648,24
2020-11,node_143041,B.1.2,1.3151633568999999,23,13,113.534,17266494,43,9,0.2739608836938123,B.1.2,node_107033,1.4038422847,B.1.2,node_143040,1.3172868604999999,0.9368312745908272,20
2021-01,node_61664,B.1.177.86,1.3596604644,25,9,139.046,19546070,91,5,0.3072350100486703,B.1.1.7,node_409167,2.051555952,B.1.177.86,node_61651,1.3596604644,0.6627459821773362,52
2021-01,node_3556424,B.1,1.3616251709,21,13,139.046,19546070,91,5,0.3086789649322612,B.1.2,node_135851,1.313400452,B.1,node_3556423,1.2827026621,1.0367174526448237,21
2020-10,node_140848,B.1.2,1.3151633568999999,20,16,102.606,12122070,42,21,0.2739608836938123,B.1.2,node_107033,1.4038422847,B.1.2,node_140847,1.3172868604999999,0.9368312745908272,16
2020-11,node_143733,B.1.2,1.3188927297,21,15,113.534,17266494,43,11,0.27679254343781445,B.1.2,node_107033,1.4038422847,B.1.2,node_143685,1.3210162333,0.939487821441314,18
2020-11,node_52375,B.1.177.21,1.3570279826,71,37,113.534,17266494,43,22,0.3052970015686425,B.1.177.21,node_52343,1.3570032656,B.1.177.21,node_52369,1.356395461,1.000018214399793,20
2020-11,node_52276,B.1.177.21,1.3569903186,19,9,113.534,17266494,43,11,0.30526924641313324,B.1.177.21,node_52224,1.3569903186,B.1.177.21,node_52395,1.3569903186,1.0,20
2020-11,node_39876,B.1.177.44,1.4158165494000001,22,11,113.534,17266494,43,5,0.3477064313700137,B.1.1.519,node_182551,1.7228589414,B.1.177.44,node_39875,1.4158165494000001,0.821783208931489,40
2020-12,node_113350,B.1.2,1.3174529616,23,19,126.668,20356383,69,11,0.27570029802562274,B.1.2,node_114193,1.3177695199000001,B.1.2,node_113349,1.3175120119,0.9997597771877254,11
2020-05,node_76704,B.1,2.0202826039,10,8,63.8522,2901229,11,25,0.7032374045484046,B.1.1,node_249038,2.1475629267,B.1,node_76703,1.2407024924,0.9407326690093397,20
2020-12,node_143256,B.1.2,1.1857063849,25,19,126.668,20356383,69,19,0.17033870238768942,B.1.2,node_128223,1.2106822025,B.1.2,node_143253,1.2922373399,0.917560844505357,15
2020-09,node_154036,B.1,1.3514832009000002,14,13,89.5443,8498335,32,17,0.301202656690409,B.1,node_171712,1.9906764328,B.1.2,node_106894,1.3172868604999999,0.6789065157108742,17
2020-11,node_187948,B.1.1.222,1.1626607567,23,12,113.534,17266494,43,20,0.15071113425217234,B.1.1.7,node_475701,2.1140327723000003,B.1.1.222,node_187947,1.2986385926,0.5499729105121971,46
2020-11,node_3612885,B.1.396,1.2771000993000001,22,12,113.534,17266494,43,6,0.24459196027436345,B.1.2,node_135511,1.3171607672999999,B.1.396,node_3612883,1.2605538441,0.9695855897058651,30
2020-11,node_140653,B.1.2,1.3160669515999999,19,16,113.534,17266494,43,7,0.2746477066850204,B.1.2,node_107033,1.4038422847,B.1.2,node_140652,1.3181904551999999,0.9374749328634465,16
2020-12,node_107033,B.1.2,1.4038422847,23,20,126.668,20356383,69,8,0.3392129664590562,B.1.2,node_107969,1.3147890993,B.1.2,node_107032,1.3171861578000001,1.065788822928974,18
2020-12,node_130025,B.1.2,1.3338384124,27,21,126.668,20356383,69,5,0.2880608100216522,B.1.2,node_107033,1.4038422847,B.1.2,node_130024,1.3173023641000001,0.9501340905150468,21
2020-10,node_3596979,B.1.258,1.3477289328,16,10,102.606,12122070,42,10,0.2984209038418269,B.1.258,node_3596954,1.3477327910999999,B.1.258,node_3595475,1.3474097245999999,0.9999971371921604,11
2020-09,node_5228,B.1,1.5772733653,14,5,89.5443,8498335,32,5,0.4556976381073841,B.1.258,node_3598136,1.2299392885,B.1,node_5227,1.5769660005000001,1.000194908958026,16
2020-09,node_3597557,B.1.258,1.2308235244999999,13,8,89.5443,8498335,32,9,0.2076834774615157,B.1.258.17,node_3601608,1.4063601269,B.1.258,node_3597552,1.2297496743,0.8751837462948197,21
2020-08,node_247964,B.1.1,1.4052349887,24,16,81.8903,7941296,18,10,0.34020454054446775,B.1.1,node_248982,1.3770553249,B.1.1,node_247777,1.6347854919,0.8595837164341303,9
2020-08,node_93417,B.1.160,1.2413806647,15,10,81.8903,7941296,18,54,0.21622419947737423,B.1.160,node_80691,1.2502598855,B.1.1,node_2462231,1.2267735128,0.9928980999046858,15
2020-10,node_3599860,B.1.258,1.3468966427,22,11,102.606,12122070,42,20,0.29780316300685944,B.1.258,node_3598478,1.3494372519,B.1.258,node_3599828,1.3491226473,0.9981172824476108,7
2020-12,node_3607040,B.1.561,1.2353894351,29,16,126.668,20356383,69,5,0.2113862524380115,B.1.1.7,node_483560,2.0500968623,B.1.561,node_3606947,1.2750456414,0.6026005199159316,48
2021-01,node_3526440,B.1.427,1.5915800301999998,28,20,139.046,19546070,91,5,0.46472725249518937,B.1.427,node_3523941,1.6034691945000001,B.1.427,node_3526439,1.5916390805,0.9925853491038176,17
2020-10,node_246273,B.1.1,1.2837789145,12,9,102.606,12122070,42,10,0.24980800547338852,B.1.1,node_193100,1.2393522104999999,B.1.1,node_249062,2.0545266205000003,0.6248538722694053,33
2020-12,node_188237,B.1.1.222,1.1159117804,20,12,126.668,20356383,69,5,0.10967181101372896,B.1.1.519,node_185754,1.6152336795,B.1.1.222,node_188236,1.2224427354,0.6908670829260034,30
2020-08,node_3544394,B.1,1.7195180029000001,15,9,81.8903,7941296,18,7,0.5420440206812609,B.1.427,node_3527417,1.7198954637000001,B.1,node_3552374,1.4931003967,0.9997805327079659,14
2020-09,node_170243,B.1.221,1.2313713161,16,10,89.5443,8498335,32,6,0.20812843949295648,BA.2,node_1004338,6.823700051900001,B.1.221,node_170242,1.3116717412,0.18045507667898372,70
2020-09,node_3580706,B.1.595,1.3110507701,17,11,89.5443,8498335,32,25,0.27082893027123317,B.1.355,node_3555164,1.2265371101,B.1.2,node_137297,1.3162716855999999,0.9960335578459093,15
2020-10,node_152623,B.1.2,1.3262885041999999,19,16,102.606,12122070,42,5,0.28238444290916714,B.1.2,node_116172,1.3144882539,B.1.2,node_152037,1.3284120078,0.9984014721430313,13
2020-11,node_151998,B.1.2,1.4837770045999998,21,17,113.534,17266494,43,5,0.39459086701200713,B.1.2,node_107033,1.4038422847,B.1.2,node_151997,1.4859005081999999,0.9985708978573724,18
2020-07,node_102592,B.1,1.2133568413,10,5,75.5938,7118656,11,14,0.19339076749065476,B.1.36,node_101869,1.2029772599,B.1,node_102591,1.2262632331,0.9894750234275779,10
2020-11,node_139619,B.1.2,1.3173956037,26,16,113.534,17266494,43,5,0.275656760115502,B.1.2,node_139618,1.3175554561,B.1,node_3588888,1.2266072682,0.9998786750119246,30
2020-08,node_3607612,B.1,1.2744613649,13,9,81.8903,7941296,18,9,0.24252363044752656,B.1,node_3606595,1.2733616158999999,B.1.561,node_3607303,1.2752283343,0.999398563081316,11
2020-07,node_28455,B.1,1.2102019333,15,10,75.5938,7118656,11,84,0.19078723270935277,B.1.36,node_102562,1.2267511804,B.1,node_28450,1.2097653566,0.9865096953934833,20
2020-10,node_207648,B.1.1.277,1.2242118441,22,11,102.606,12122070,42,11,0.20229724435944013,AY.25.1,node_2915315,3.4225661434,B.1.1.277,node_207399,1.2264860076,0.35768829375605865,47
2020-08,node_3544403,B.1,1.768988067,15,8,81.8903,7941296,18,5,0.5704076695359026,B.1.429,node_3532877,1.6253115021000002,B.1,node_3544400,1.7565031444,1.00710782820959,14
2020-05,node_73054,B.1,1.2263330778000001,12,10,63.8522,2901229,11,39,0.20402847908266583,B.1,node_73053,1.2263330778000001,B.1.1,node_2421177,1.2267735128,0.9996409809998306,11
2020-10,node_3588888,B.1,1.2266072682,20,9,102.606,12122070,42,8,0.20425203967727137,B.1,node_3588887,1.2269857061,B.1.2,node_139619,1.3173956037,0.931084986738217,23
2020-07,node_248005,B.1.1,1.27011039,14,7,75.5938,7118656,11,6,0.23910381795290855,B.1.1,node_247667,1.27011039,B.1.1,node_248943,1.4506062293,0.8755721327716209,7
2020-10,node_136576,B.1.2,1.3166512739,19,15,102.606,12122070,42,5,0.2750915994677232,B.1.2,node_107033,1.4038422847,B.1.2,node_132680,1.3187747774999998,0.9378911635941835,15
2020-07,node_3592552,B.1.367,1.2138087572,29,13,75.5938,7118656,11,15,0.1937631490912357,B.1,node_3546115,1.2268135738,B.1.367,node_3592551,1.2142663782,0.9893995168640676,29
2020-03,node_243050,B.1.1,1.4207002022,11,9,54.0662,783348,4,16,0.35114985022009054,B.1.617.1,node_2472148,2.2910897867,B.1.1,node_243046,1.2258091768,0.6200980033376707,17
2020-10,node_116172,B.1.2,1.3144882539,20,16,102.606,12122070,42,5,0.2734474293547972,B.1.2,node_107033,1.4038422847,B.1.2,node_116067,1.3166117575,0.9363503779777549,17
2020-10,node_110156,B.1.2,1.1002172266999999,23,22,102.606,12122070,42,8,0.09550763912613146,B.1.2,node_107033,1.4038422847,B.1.2,node_110140,1.3169703215,0.7837185406729043,17
2020-06,node_30357,B.1,1.371561372,18,14,70.4285,4292072,11,20,0.3159497784803923,B.1.160,node_81238,1.2503863193,B.1,node_30354,1.3708145227,1.0005448215550918,29
2020-08,node_80553,B.1.160,1.2508276802,15,8,81.8903,7941296,18,6,0.22380547635348647,B.1.160,node_80526,1.2494997905,B.1,node_154433,1.3142649214,0.9517317702336417,26
2020-05,node_30377,B.1,1.3570458617,17,8,63.8522,2901229,11,36,0.3053101766707406,B.1.160,node_81575,1.2362636846,B.1,node_30374,1.3570458617,1.0,33
2020-06,node_153942,B.1.2,1.2326210877,13,10,70.4285,4292072,11,17,0.2091428677073026,B.1.2,node_153940,1.3172868604999999,B.1,node_3595223,1.2304484619,0.9357271560669302,10
2020-06,node_2421177,B.1.1,1.2267735128,13,9,70.4285,4292072,11,6,0.20438756254558585,B.1.1,node_2421176,1.2267735128,B.1,node_73054,1.2263330778000001,1.0,12
2020-09,node_209567,C.8,1.2280115318,17,10,89.5443,8498335,32,9,0.2053962203974706,B.1.2,node_109903,1.3153158401,C.8,node_209566,1.2279624096,0.9336248331857978,32
2020-09,node_123754,B.1.2,1.3151950918000002,21,18,89.5443,8498335,32,6,0.273985013408922,B.1.2,node_107033,1.4038422847,B.1.2,node_123745,1.3173185954,0.9368538803353229,18
2020-08,node_3627030,B.1.421,1.2666128118,20,13,81.8903,7941296,18,24,0.2363462601603571,BA.2,node_1004338,6.823700051900001,B.1.421,node_3627029,1.2661762351,0.18561964948141624,73
2020-07,node_141075,B.1.2,1.3128664175,13,11,75.5938,7118656,11,5,0.27221285175958154,B.1,node_2471246,3.1731179565,B.1.2,node_141074,1.3171666843,0.41374649020237264,22
2020-06,node_93503,B.1,1.2377708173,13,6,70.4285,4292072,11,5,0.21331203378085958,B.1,node_93493,1.2376704504,B.1.221,node_166049,1.3116717412,0.9436589799271037,15
2020-05,node_3631701,B.1.381,1.2605347901,11,6,63.8522,2901229,11,24,0.23153606750295863,B.1.2,node_109903,1.3153158401,B.1.381,node_3631663,1.2604856679,0.9583514101101107,26
2020-06,node_2411410,B.1.1.47,1.2273701301,17,11,70.4285,4292072,11,5,0.2048737747634237,C.4,node_212873,1.3791475512,B.1.1.47,node_2411393,1.2274291804,0.8899483808183264,20
2020-05,node_164874,B.1.170,1.2267735128,23,17,63.8522,2901229,11,6,0.20438756254558585,C.16,node_212634,1.7749906294,B.1.170,node_164873,1.2263369361,0.6911436559046433,34
2020-06,node_2470855,B.1,1.6028422929000001,10,8,70.4285,4292072,11,5,0.4717784863171752,B.1,node_3522572,1.2558990234,B.1,node_29044,1.6638227159,0.9633492063684115,10
2020-02,node_29108,B.1,1.2263369361,10,4,34.103,76096,1,16,0.2040316252865808,B.1,node_10015,1.2262225827,C.37,node_217533,2.2704327641999997,0.5401335619520568,30
2022-08,node_3045929,AY.99.2,3.3951927495000005,35,25,95.1368,25713990,83,6,1.2223605339204024,AY.122,node_2642555,3.3462872713,AY.99.2,node_3045928,3.3951451257000005,1.0000140270292541,14
2022-01,node_164732,B.1,1.3489317647,35,22,95.6634,90483564,69,5,0.2993129938113848,B.1.351,node_15944,1.9952868205,B.1,node_164711,1.3122484793,0.6760590762394604,48
2021-03,node_3633250,B,1.2806999368,14,9,142.272,14772312,116,12,0.24740675410187504,B.1.1,node_524966,1.2271973864999999,B,node_3633249,1.2806544488,1.0000355193393835,22
2022-03,node_2614637,AY.122,3.3384496909,51,36,89.132,51347034,64,6,1.2055065348297698,AY.44,node_2685478,3.0553422232,AY.122,node_2614634,3.3384496909,1.0,38
