Nt_Mutation	Amino_Acid_Mutation	PyRO_Score	Ranking
C241T			
T670G	ORF1a:S135R	0.0293736	93
C2790T	ORF1a:T842I	0.0339878	48
C3037T			
C7124T	ORF1a:P2287S	-0.000417437	3311
C8595T	ORF1a:T2777I	0.0554939	341
C8986T			
G9053T	ORF1a:V2930L	-0.00822277	3482
C10029T	ORF1a:T3255I	0.0962007	139
C10449A	ORF1a:P3395H	0.0292827	185
C14408T	ORF1b:P314L	0.0117133	349
C15026T	ORF1b:A520V	0.0637501	277
G15451A	ORF1b:G662S	0.0244805	39
C16466T	ORF1b:P1000L	-0.0124208	3493
C19220T	ORF1b:A1918V	-0.014108	3495
C21614T	S:L18F	0.0257416	155
C21618G	S:T19R	0.0428295	67
C21846T	S:T95I	0.00763254	157
G22017T	S:W152L	0.0333187	320
T22118C	S:F186L	0.0571279	306
G22578A	S:G339D	-0.0110119	3500
C22674T	S:S371F	0.0442359	47
T22679C	S:S373P	0.110125	79
C22686T	S:S375F	0.110244	77
A22688G	S:T376A	0.0494239	37
G22775A	S:D405N	0.0470736	34
A22786C	S:R408S	0.0504284	28
G22813T	S:K417N	0.00362729	508
T22882G	S:N440K	0.0955189	101
G22899A	S:G446D	0.0802343	278
C22916A	S:L452M	0.0789577	117
T22917G	S:L452R	0.0890709	1
G22992A	S:S477N	0.05125	108
C22995A	S:T478K	0.0164572	184
A23013C	S:E484A	0.0786836	99
A23055G	S:Q498R	0.111622	84
A23063T	S:N501Y	0.0572655	12
T23075C	S:Y505H	0.112563	85
A23403G	S:D614G	0.0529962	147
C23525T	S:H655Y	0.11198	55
T23599G	S:N679K	0.110724	78
C23604A	S:P681H	0.0618559	9
C23854A	S:N764K	0.0876289	94
G23948T	S:D796Y	0.0669492	120
A24424T	S:Q954H	0.110155	89
T24469A	S:N969K	0.111534	82
C24912T	S:T1117I	0.0549746	335
C25413T			
C25469T	ORF3a:S26L	0.0441563	98
T26767C	M:I82T	0.00170026	483
G26959A	M:R146H	0.0624148	333
C27807T			
A28271T			
C28311T	N:P13L,ORF9b:P10S	0.0409965,-0.00546567	112,3494
G28881A	N:R203K,ORF14:G50R	0.00270071,-0.000191163	253,3070
G28882A	ORF14:G50E	-2.0626e-06	2043
G28883C	N:G204R	0.00245413	259
G29742T			
