Nt_Mutation	Amino_Acid_Mutation	PyRO_Score	Ranking
C241T			
T670G	ORF1a:S135R	0.0293736	93
T1910A	ORF1a:S549T	0	0
C2790T	ORF1a:T842I	0.0339878	48
C3037T			
G4184A	ORF1a:G1307S	0.0325897	58
C4321T			
C8991T	ORF1a:A2909V	-0.0403905	3501
C9344T	ORF1a:L3027F	0.0373216	53
A9424G			
C9534T	ORF1a:T3090I	0.0334847	57
C9866T	ORF1a:L3201F	-0.0250021	3505
C10029T	ORF1a:T3255I	0.0962007	139
C10198T			
G10447A			
C10449A	ORF1a:P3395H	0.0292827	185
C11674T			
C12880T			
C14408T	ORF1b:P314L	0.0117133	349
T15009C			
C15714T			
C17410T	ORF1b:R1315C	0.0429016	42
A18163G	ORF1b:I1566V	0.0321667	178
C19955T	ORF1b:T2163I	0.0515391	27
A20055G			
C21618T	S:T19I	0.0541615	24
C21721T			
T22200G	S:V213G	-0.0104889	3499
G22578A	S:G339D	-0.0110119	3500
C22674T	S:S371F	0.0442359	47
T22679C	S:S373P	0.110125	79
C22686T	S:S375F	0.110244	77
A22688G	S:T376A	0.0494239	37
G22775A	S:D405N	0.0470736	34
A22786C	S:R408S	0.0504284	28
G22813T	S:K417N	0.00362729	508
T22882G	S:N440K	0.0955189	101
T22917A	S:L452Q	0.0564466	10
G22992A	S:S477N	0.05125	108
C22995A	S:T478K	0.0164572	184
A23013C	S:E484A	0.0786836	99
A23040G	S:Q493R	-0.147526	3503
A23055G	S:Q498R	0.111622	84
A23063T	S:N501Y	0.0572655	12
T23075C	S:Y505H	0.112563	85
A23403G	S:D614G	0.0529962	147
C23525T	S:H655Y	0.11198	55
T23599G	S:N679K	0.110724	78
C23604A	S:P681H	0.0618559	9
C23673T	S:S704L	0.0397813	20
C23854A	S:N764K	0.0876289	94
G23948T	S:D796Y	0.0669492	120
A24424T	S:Q954H	0.110155	89
T24469A	S:N969K	0.111534	82
C25000T			
C25416T			
C25584T			
C26060T	ORF3a:T223I	0.0504916	33
C26270T	E:T9I	0.0309812	191
C26577G	M:Q19E	0.0316478	189
G26709A	M:A63T	0.031616	182
C26858T			
A27259C			
G27382C	ORF6:D61H	-0.000450606	3104
A27383T	ORF6:D61V	0	0
T27384C			
C27807T			
A28271T			
C28311T	N:P13L,ORF9b:P10S	0.0409965,-0.00546567	112,3494
G28881A	N:R203K,ORF14:G50R	0.00270071,-0.000191163	253,3070
G28882A	ORF14:G50E	-2.0626e-06	2043
G28883C	N:G204R	0.00245413	259
A29510C	N:S413R	0.0544029	21
