Nt_Mutation	Amino_Acid_Mutation	PyRO_Score	Ranking
C241T			
C3037T			
C14408T	ORF1b:P314L	0.0117133	349
G15451A	ORF1b:G662S	0.0244805	39
C16466T	ORF1b:P1000L	-0.0124208	3493
C21057T			
T21615G	S:L18R	0.0345461	457
C21846T	S:T95I	0.00763254	157
A22036C	S:R158S	0.0242177	513
A23403G	S:D614G	0.0529962	147
C23604A	S:P681H	0.0618559	9
C23625T	S:A688V	0.0309278	431
T23765G	S:S735A	0.0198289	542
C24442T			
C24642T	S:T1027I	0.0245338	110
C26222T			
C27389T			
C27769T	ORF7b:S5L	0.0343252	490
G28048A	ORF8:R52K	0.00224545	808
A28330G	ORF9b:D16G	0.0534965	2
C28854T	N:S194L,ORF14:Q41STOP	0.0142233,0.0141937	186,204
A28910T	N:N213Y	0.00542242	745
