Nt_Mutation	Amino_Acid_Mutation	PyRO_Score	Ranking
C241T			
C3037T			
A7142G	ORF1a:S2293G	0.000729798	844
A9614G	ORF1a:T3117A	0.000759808	846
C9693T	ORF1a:A3143V	0.0627194	115
A9754C	ORF1a:R3163S	0.000766927	850
T11296G	ORF1a:F3677L	-5.56816e-05	2603
C14408T	ORF1b:P314L	0.0117133	349
G15451A	ORF1b:G662S	0.0244805	39
C16466T	ORF1b:P1000L	-0.0124208	3493
C21846T	S:T95I	0.00763254	157
A22036C	S:R158S	0.0242177	513
A23403G	S:D614G	0.0529962	147
C23625T	S:A688V	0.0309278	431
C23854A	S:N764K	0.0876289	94
A28271T			
A28910T	N:N213Y	0.00542242	745
