Nt_Mutation	Amino_Acid_Mutation	PyRO_Score	Ranking
C241T			
C1059T	ORF1a:T265I	-0.000306604	3312
C3037T			
C3737T	ORF1a:P1158S	7.56535e-05	1440
C9857T			
T9867C	ORF1a:L3201P	0.0545395	92
T11288A	ORF1a:S3675T	1.4467e-05	1965
G11291A	ORF1a:G3676S	-0.000955201	3245
T11296G	ORF1a:F3677L	-5.56816e-05	2603
C12400T			
C14408T	ORF1b:P314L	0.0117133	349
C15720T			
A16500C	ORF1b:Q1011H	0.00435668	462
A16668G			
C19524T			
A20262G			
C21846T	S:T95I	0.00763254	157
A22320G	S:D253G	0.00514258	423
G23012A	S:E484K	0.0919278	8
A23403G	S:D614G	0.0529962	147
C23664T	S:A701V	0.00958555	270
C25517T	ORF3a:P42L	0.028555	152
G25563T	ORF3a:Q57H	-0.000754902	3379
C27925T	ORF8:T11I	0.0338253	138
C28869T	N:P199L,ORF14:Q46STOP	0.019371,0.0196871	113,107
G28975A	N:M234I	0.0369349	66
