Nt_Mutation	Amino_Acid_Mutation	PyRO_Score	Ranking
C241T			
C3037T			
G3122A	ORF1a:D953N	3.97561e-05	1803
A3852T	ORF1a:E1196V	-0.000146529	3114
C3961T			
G7798T	ORF1a:K2511N	0.0183096	510
C9072T	ORF1a:T2936I	0.0371319	350
C9891T	ORF1a:A3209V	0.00435389	437
C10116T	ORF1a:T3284I	0.0176901	495
C10369T			
C12400T			
C14408T	ORF1b:P314L	0.0117133	349
G20578A	ORF1b:V2371M	0.0369803	342
G21004T	ORF1b:A2513S	0.000357888	936
C21846T	S:T95I	0.00763254	157
G23012A	S:E484K	0.0919278	8
T23287C			
A23403G	S:D614G	0.0529962	147
C23604A	S:P681H	0.0618559	9
G23948C	S:D796H	0.0352196	381
C24382T			
C25276A			
T26767C	M:I82T	0.00170026	483
G28209T	ORF8:E106STOP	0.0323662	351
A28271G			
G28881A	N:R203K,ORF14:G50R	0.00270071,-0.000191163	253,3070
G28882A	ORF14:G50E	-2.0626e-06	2043
G28883C	N:G204R	0.00245413	259
G28975T	N:M234I	0.0369349	66
C29769T			
