Nt_Mutation	Amino_Acid_Mutation	PyRO_Score	Ranking
C241T			
T1099C			
A2832G	ORF1a:K856R	0.00356765	256
C3037T			
T5386G			
G8393A	ORF1a:A2710T	0.00165668	358
C10029T	ORF1a:T3255I	0.0962007	139
C10449A	ORF1a:P3395H	0.0292827	185
A11537G	ORF1a:I3758V	-0.000633638	3387
C11950T			
T13195C			
C14408T	ORF1b:P314L	0.0117133	349
C15240T			
A18163G	ORF1b:I1566V	0.0321667	178
T19209G	ORF1b:D1914E	0	0
A19210G	ORF1b:R1915G	0	0
A19212G			
A19214G	ORF1b:Y1916C	0	0
C19217A	ORF1b:P1917H	0	0
C21762T	S:A67V	-0.00304922	3474
C21846T	S:T95I	0.00763254	157
G22578A	S:G339D	-0.0110119	3500
T22673C	S:S371P	0	0
C22674T	S:S371F	0.0442359	47
T22679C	S:S373P	0.110125	79
C22686T	S:S375F	0.110244	77
G22813T	S:K417N	0.00362729	508
T22882G	S:N440K	0.0955189	101
G22898A	S:G446S	0.0298487	22
G22992A	S:S477N	0.05125	108
C22995A	S:T478K	0.0164572	184
A23013C	S:E484A	0.0786836	99
A23040G	S:Q493R	-0.147526	3503
G23048A	S:G496S	-0.00204692	3463
A23055G	S:Q498R	0.111622	84
A23063T	S:N501Y	0.0572655	12
T23075C	S:Y505H	0.112563	85
C23202A	S:T547K	-0.00069023	3389
A23403G	S:D614G	0.0529962	147
C23525T	S:H655Y	0.11198	55
T23599G	S:N679K	0.110724	78
C23604A	S:P681H	0.0618559	9
C23854A	S:N764K	0.0876289	94
G23948T	S:D796Y	0.0669492	120
C24130A	S:N856K	-0.00236043	3469
A24424T	S:Q954H	0.110155	89
T24469A	S:N969K	0.111534	82
C24503T	S:L981F	0.00688503	151
C25000T			
C25584T			
C26270T	E:T9I	0.0309812	191
A26530G	M:D3G	-0.00229064	3471
C26577G	M:Q19E	0.0316478	189
G26709A	M:A63T	0.031616	182
A27259C			
C27807T			
A28271T			
C28311T	N:P13L,ORF9b:P10S	0.0409965,-0.00546567	112,3494
C28472T	N:P67S	-3.90297e-05	3244
G28881A	N:R203K,ORF14:G50R	0.00270071,-0.000191163	253,3070
G28882A	ORF14:G50E	-2.0626e-06	2043
G28883C	N:G204R	0.00245413	259
